run_id,experiment_id,status,artifact_uri,start_time,end_time,metrics.Expected optimal HcYdoT,metrics.HY,metrics.HTcondX,metrics.converged,metrics.Expected optimal HTcondX,metrics.HYcondT,metrics.diff_q,metrics.Expected optimal HT,metrics.VI of T and T_,metrics.HT,metrics.loss,metrics.Final CIB loss,metrics.HcYdoT,metrics.Expected optimal CIB loss,metrics.diff_loss,metrics.penalty,metrics.Expected optimal HYcondT,params.gamma,params.by,params.bxi,params.lr,params.eps,params.temperature,params.Expected optimal q,params.Learned q,params.cooling rate,params.bs,params.beta,params.max iter,params.end_lr_factor,tags.optimizer,tags.mlflow.source.name,tags.loss,tags.mlflow.user,tags.mlflow.source.git.commit,tags.mlflow.runName,tags.mlflow.source.type,tags.method
6d63d472058049809bf8b07075b75c94,805718296294777617,FINISHED,mlflow-artifacts:/805718296294777617/6d63d472058049809bf8b07075b75c94/artifacts,2025-02-04 21:15:04.889000+00:00,2025-02-04 21:15:09.242000+00:00,1.2344979047775269,2.361815929412842,-0.0,1.0,-0.0,1.2344987392425537,0.0,1.75,0.0,1.75,-1.127318024635315,-1.127318024635315,1.2344979047775269,-1.127318024635315,0.0,0.0,1.2344985008239746,1.0,0.1,0.5,10000.0,1e-05,10.0,"tensor([[[[[1., 1.],
           [1., 1.]],

          [[0., 0.],
           [0., 0.]]],


         [[[0., 0.],
           [0., 0.]],

          [[0., 0.],
           [0., 0.]]]],



        [[[[0., 0.],
           [0., 0.]],

          [[1., 1.],
           [1., 1.]]],


         [[[1., 1.],
           [1., 1.]],

          [[0., 0.],
           [0., 0.]]]],



        [[[[0., 0.],
           [0., 0.]],

          [[0., 0.],
           [0., 0.]]],


         [[[0., 0.],
           [0., 0.]],

          [[1., 1.],
           [0., 0.]]]],



        [[[[0., 0.],
           [0., 0.]],

          [[0., 0.],
           [0., 0.]]],


         [[[0., 0.],
           [0., 0.]],

          [[0., 0.],
           [1., 1.]]]]])","tensor([[[[[1., 1.],
           [1., 1.]],

          [[0., 0.],
           [0., 0.]]],


         [[[0., 0.],
           [0., 0.]],

          [[0., 0.],
           [0., 0.]]]],



        [[[[0., 0.],
           [0., 0.]],

          [[0., 0.],
           [0., 0.]]],


         [[[0., 0.],
           [0., 0.]],

          [[1., 1.],
           [0., 0.]]]],



        [[[[0., 0.],
           [0., 0.]],

          [[1., 1.],
           [1., 1.]]],


         [[[1., 1.],
           [1., 1.]],

          [[0., 0.],
           [0., 0.]]]],



        [[[[0., 0.],
           [0., 0.]],

          [[0., 0.],
           [0., 0.]]],


         [[[0., 0.],
           [0., 0.]],

          [[0., 0.],
           [1., 1.]]]]], grad_fn=<RoundBackward1>)",0.99,0.5,inf,1000,1.0,pSAGD,cib_optimization/optimize_cib.py,wCIB+penalty,fsimoes,45345caa3f2538233a03cbc3e5b71daf91a5b4d3,"gamma=1.0--bxi=0.5,by=0.1,bs=0.5",LOCAL,CIB
9ec329c886ea4fea940edb0c624d63a0,805718296294777617,FINISHED,mlflow-artifacts:/805718296294777617/9ec329c886ea4fea940edb0c624d63a0/artifacts,2025-02-04 21:14:53.936000+00:00,2025-02-04 21:15:01.743000+00:00,1.2344979047775269,2.361815929412842,-0.0,1.0,-0.0,1.2344987392425537,0.0,1.75,0.0,1.75,-1.127318024635315,-1.127318024635315,1.2344979047775269,-1.127318024635315,0.0,0.0,1.2344985008239746,1.0,0.1,0.5,10000.0,1e-05,10.0,"tensor([[[[[1., 1.],
           [1., 1.]],

          [[0., 0.],
           [0., 0.]]],


         [[[0., 0.],
           [0., 0.]],

          [[0., 0.],
           [0., 0.]]]],



        [[[[0., 0.],
           [0., 0.]],

          [[1., 1.],
           [1., 1.]]],


         [[[1., 1.],
           [1., 1.]],

          [[0., 0.],
           [0., 0.]]]],



        [[[[0., 0.],
           [0., 0.]],

          [[0., 0.],
           [0., 0.]]],


         [[[0., 0.],
           [0., 0.]],

          [[1., 1.],
           [0., 0.]]]],



        [[[[0., 0.],
           [0., 0.]],

          [[0., 0.],
           [0., 0.]]],


         [[[0., 0.],
           [0., 0.]],

          [[0., 0.],
           [1., 1.]]]]])","tensor([[[[[1., 1.],
           [1., 1.]],

          [[0., 0.],
           [0., 0.]]],


         [[[0., 0.],
           [0., 0.]],

          [[0., 0.],
           [0., 0.]]]],



        [[[[0., 0.],
           [0., 0.]],

          [[0., 0.],
           [0., 0.]]],


         [[[0., 0.],
           [0., 0.]],

          [[1., 1.],
           [0., 0.]]]],



        [[[[0., 0.],
           [0., 0.]],

          [[1., 1.],
           [1., 1.]]],


         [[[1., 1.],
           [1., 1.]],

          [[0., 0.],
           [0., 0.]]]],



        [[[[0., 0.],
           [0., 0.]],

          [[0., 0.],
           [0., 0.]]],


         [[[0., 0.],
           [0., 0.]],

          [[0., 0.],
           [1., 1.]]]]], grad_fn=<RoundBackward1>)",0.99,0.5,inf,1000,1.0,pSAGD,cib_optimization/optimize_cib.py,wCIB+penalty,fsimoes,45345caa3f2538233a03cbc3e5b71daf91a5b4d3,"gamma=1.0--bxi=0.5,by=0.1,bs=0.5",LOCAL,CIB
ad1cb6affa2d497d9fa2c8c90160dcca,805718296294777617,FINISHED,mlflow-artifacts:/805718296294777617/ad1cb6affa2d497d9fa2c8c90160dcca/artifacts,2025-02-04 21:14:37.380000+00:00,2025-02-04 21:14:51.058000+00:00,1.2344979047775269,2.361815929412842,-0.0,1.0,-0.0,1.2344987392425537,0.0,1.75,0.0,1.75,-1.127318024635315,-1.127318024635315,1.2344979047775269,-1.127318024635315,0.0,0.0,1.2344985008239746,1.0,0.1,0.5,10000.0,1e-05,10.0,"tensor([[[[[1., 1.],
           [1., 1.]],

          [[0., 0.],
           [0., 0.]]],


         [[[0., 0.],
           [0., 0.]],

          [[0., 0.],
           [0., 0.]]]],



        [[[[0., 0.],
           [0., 0.]],

          [[1., 1.],
           [1., 1.]]],


         [[[1., 1.],
           [1., 1.]],

          [[0., 0.],
           [0., 0.]]]],



        [[[[0., 0.],
           [0., 0.]],

          [[0., 0.],
           [0., 0.]]],


         [[[0., 0.],
           [0., 0.]],

          [[1., 1.],
           [0., 0.]]]],



        [[[[0., 0.],
           [0., 0.]],

          [[0., 0.],
           [0., 0.]]],


         [[[0., 0.],
           [0., 0.]],

          [[0., 0.],
           [1., 1.]]]]])","tensor([[[[[0., 0.],
           [0., 0.]],

          [[0., 0.],
           [0., 0.]]],


         [[[0., 0.],
           [0., 0.]],

          [[0., 0.],
           [1., 1.]]]],



        [[[[0., 0.],
           [0., 0.]],

          [[1., 1.],
           [1., 1.]]],


         [[[1., 1.],
           [1., 1.]],

          [[0., 0.],
           [0., 0.]]]],



        [[[[1., 1.],
           [1., 1.]],

          [[0., 0.],
           [0., 0.]]],


         [[[0., 0.],
           [0., 0.]],

          [[0., 0.],
           [0., 0.]]]],



        [[[[0., 0.],
           [0., 0.]],

          [[0., 0.],
           [0., 0.]]],


         [[[0., 0.],
           [0., 0.]],

          [[1., 1.],
           [0., 0.]]]]], grad_fn=<RoundBackward1>)",0.99,0.5,inf,1000,1.0,pSAGD,cib_optimization/optimize_cib.py,wCIB+penalty,fsimoes,45345caa3f2538233a03cbc3e5b71daf91a5b4d3,"gamma=1.0--bxi=0.5,by=0.1,bs=0.5",LOCAL,CIB
66c0f307d7b8455797c5c02d628f122e,805718296294777617,FINISHED,mlflow-artifacts:/805718296294777617/66c0f307d7b8455797c5c02d628f122e/artifacts,2025-02-04 21:14:18.136000+00:00,2025-02-04 21:14:34.231000+00:00,1.2344979047775269,2.361815929412842,0.2641093134880066,1.0,-0.0,1.3357701301574707,3.475518042250769e-07,1.75,0.7450514090210518,1.9950709342956543,-1.0260460376739502,-1.0260460376739502,1.3357698917388916,-1.127318024635315,0.0,0.0,1.2344985008239746,1.0,0.1,0.5,100.0,1e-05,10.0,"tensor([[[[[1., 1.],
           [1., 1.]],

          [[0., 0.],
           [0., 0.]]],


         [[[0., 0.],
           [0., 0.]],

          [[0., 0.],
           [0., 0.]]]],



        [[[[0., 0.],
           [0., 0.]],

          [[1., 1.],
           [1., 1.]]],


         [[[1., 1.],
           [1., 1.]],

          [[0., 0.],
           [0., 0.]]]],



        [[[[0., 0.],
           [0., 0.]],

          [[0., 0.],
           [0., 0.]]],


         [[[0., 0.],
           [0., 0.]],

          [[1., 1.],
           [0., 0.]]]],



        [[[[0., 0.],
           [0., 0.]],

          [[0., 0.],
           [0., 0.]]],


         [[[0., 0.],
           [0., 0.]],

          [[0., 0.],
           [1., 1.]]]]])","tensor([[[[[1.0000, 1.0000],
           [1.0000, 1.0000]],

          [[0.0000, 0.0000],
           [0.0000, 0.0000]]],


         [[[0.0000, 0.0000],
           [0.0000, 0.0000]],

          [[0.0000, 0.0000],
           [0.0000, 0.0000]]]],



        [[[[0.0000, 0.0000],
           [0.0000, 0.0000]],

          [[0.8300, 0.0000],
           [0.8300, 0.0000]]],


         [[[0.8300, 0.3300],
           [0.8300, 0.8300]],

          [[0.0000, 0.0000],
           [0.0000, 0.0000]]]],



        [[[[0.0000, 0.0000],
           [0.0000, 0.0000]],

          [[0.1700, 1.0000],
           [0.1700, 1.0000]]],


         [[[0.1700, 0.6700],
           [0.1700, 0.1700]],

          [[0.0000, 0.0000],
           [0.0000, 0.0000]]]],



        [[[[0.0000, 0.0000],
           [0.0000, 0.0000]],

          [[0.0000, 0.0000],
           [0.0000, 0.0000]]],


         [[[0.0000, 0.0000],
           [0.0000, 0.0000]],

          [[1.0000, 1.0000],
           [1.0000, 1.0000]]]]], grad_fn=<RoundBackward1>)",0.99,0.5,inf,1000,1.0,pSAGD,cib_optimization/optimize_cib.py,wCIB+penalty,fsimoes,45345caa3f2538233a03cbc3e5b71daf91a5b4d3,"gamma=1.0--bxi=0.5,by=0.1,bs=0.5",LOCAL,CIB
7909a78952dc4e779e2cd00249f088a9,805718296294777617,FINISHED,mlflow-artifacts:/805718296294777617/7909a78952dc4e779e2cd00249f088a9/artifacts,2025-02-04 21:14:02.445000+00:00,2025-02-04 21:14:15.222000+00:00,1.2344979047775269,2.361815929412842,0.23309656977653503,1.0,-0.0,1.3357701301574707,1.7881393432617188e-07,1.75,0.7281285917557452,1.9781168699264526,-1.0260462760925293,-1.0260462760925293,1.3357696533203125,-1.127318024635315,0.0,0.0,1.2344985008239746,1.0,0.1,0.5,100.0,1e-05,10.0,"tensor([[[[[1., 1.],
           [1., 1.]],

          [[0., 0.],
           [0., 0.]]],


         [[[0., 0.],
           [0., 0.]],

          [[0., 0.],
           [0., 0.]]]],



        [[[[0., 0.],
           [0., 0.]],

          [[1., 1.],
           [1., 1.]]],


         [[[1., 1.],
           [1., 1.]],

          [[0., 0.],
           [0., 0.]]]],



        [[[[0., 0.],
           [0., 0.]],

          [[0., 0.],
           [0., 0.]]],


         [[[0., 0.],
           [0., 0.]],

          [[1., 1.],
           [0., 0.]]]],



        [[[[0., 0.],
           [0., 0.]],

          [[0., 0.],
           [0., 0.]]],


         [[[0., 0.],
           [0., 0.]],

          [[0., 0.],
           [1., 1.]]]]])","tensor([[[[[0.0000, 0.0000],
           [0.0000, 0.0000]],

          [[0.1600, 0.6600],
           [0.1600, 0.9600]]],


         [[[0.1600, 0.9600],
           [0.9600, 0.9600]],

          [[0.0000, 0.0000],
           [0.0000, 0.0000]]]],



        [[[[1.0000, 1.0000],
           [1.0000, 1.0000]],

          [[0.0000, 0.0000],
           [0.0000, 0.0000]]],


         [[[0.0000, 0.0000],
           [0.0000, 0.0000]],

          [[0.0000, 0.0000],
           [0.0000, 0.0000]]]],



        [[[[0.0000, 0.0000],
           [0.0000, 0.0000]],

          [[0.0000, 0.0000],
           [0.0000, 0.0000]]],


         [[[0.0000, 0.0000],
           [0.0000, 0.0000]],

          [[1.0000, 1.0000],
           [1.0000, 1.0000]]]],



        [[[[0.0000, 0.0000],
           [0.0000, 0.0000]],

          [[0.8400, 0.3400],
           [0.8400, 0.0400]]],


         [[[0.8400, 0.0400],
           [0.0400, 0.0400]],

          [[0.0000, 0.0000],
           [0.0000, 0.0000]]]]], grad_fn=<RoundBackward1>)",0.99,0.5,inf,1000,1.0,pSAGD,cib_optimization/optimize_cib.py,wCIB+penalty,fsimoes,45345caa3f2538233a03cbc3e5b71daf91a5b4d3,"gamma=1.0--bxi=0.5,by=0.1,bs=0.5",LOCAL,CIB
75409682b0d74d8795e83eb17d065f84,805718296294777617,FINISHED,mlflow-artifacts:/805718296294777617/75409682b0d74d8795e83eb17d065f84/artifacts,2025-02-04 21:13:44.055000+00:00,2025-02-04 21:13:59.614000+00:00,1.2344979047775269,2.361815929412842,1.0748915535430115e-08,1.0,-0.0,1.2344986200332642,4.539354563348752e-07,1.75,0.0,1.75,-1.1273181438446045,-1.1273181438446045,1.2344977855682373,-1.127318024635315,-1.1920928955078125e-07,0.0,1.2344985008239746,1.0,0.1,0.5,100.0,1e-05,10.0,"tensor([[[[[1., 1.],
           [1., 1.]],

          [[0., 0.],
           [0., 0.]]],


         [[[0., 0.],
           [0., 0.]],

          [[0., 0.],
           [0., 0.]]]],



        [[[[0., 0.],
           [0., 0.]],

          [[1., 1.],
           [1., 1.]]],


         [[[1., 1.],
           [1., 1.]],

          [[0., 0.],
           [0., 0.]]]],



        [[[[0., 0.],
           [0., 0.]],

          [[0., 0.],
           [0., 0.]]],


         [[[0., 0.],
           [0., 0.]],

          [[1., 1.],
           [0., 0.]]]],



        [[[[0., 0.],
           [0., 0.]],

          [[0., 0.],
           [0., 0.]]],


         [[[0., 0.],
           [0., 0.]],

          [[0., 0.],
           [1., 1.]]]]])","tensor([[[[[0., 0.],
           [0., 0.]],

          [[0., 0.],
           [0., 0.]]],


         [[[0., 0.],
           [0., 0.]],

          [[1., 1.],
           [0., 0.]]]],



        [[[[0., 0.],
           [0., 0.]],

          [[0., 0.],
           [0., 0.]]],


         [[[0., 0.],
           [0., 0.]],

          [[0., 0.],
           [1., 1.]]]],



        [[[[1., 1.],
           [1., 1.]],

          [[0., 0.],
           [0., 0.]]],


         [[[0., 0.],
           [0., 0.]],

          [[0., 0.],
           [0., 0.]]]],



        [[[[0., 0.],
           [0., 0.]],

          [[1., 1.],
           [1., 1.]]],


         [[[1., 1.],
           [1., 1.]],

          [[0., 0.],
           [0., 0.]]]]], grad_fn=<RoundBackward1>)",0.99,0.5,inf,1000,1.0,pSAGD,cib_optimization/optimize_cib.py,wCIB+penalty,fsimoes,45345caa3f2538233a03cbc3e5b71daf91a5b4d3,"gamma=1.0--bxi=0.5,by=0.1,bs=0.5",LOCAL,CIB
67a192fab9594a1a91e2753f1b8ae04d,805718296294777617,FINISHED,mlflow-artifacts:/805718296294777617/67a192fab9594a1a91e2753f1b8ae04d/artifacts,2025-02-04 21:13:23.452000+00:00,2025-02-04 21:13:41.210000+00:00,1.2344979047775269,2.361815929412842,0.12119846045970917,1.0,-0.0,1.3357702493667603,3.942476567431186e-08,1.75,0.6949134287248331,1.9449272155761719,-1.0260460376739502,-1.0260460376739502,1.3357698917388916,-1.127318024635315,1.1920928955078125e-07,0.0,1.2344985008239746,1.0,0.1,0.5,10.0,1e-05,10.0,"tensor([[[[[1., 1.],
           [1., 1.]],

          [[0., 0.],
           [0., 0.]]],


         [[[0., 0.],
           [0., 0.]],

          [[0., 0.],
           [0., 0.]]]],



        [[[[0., 0.],
           [0., 0.]],

          [[1., 1.],
           [1., 1.]]],


         [[[1., 1.],
           [1., 1.]],

          [[0., 0.],
           [0., 0.]]]],



        [[[[0., 0.],
           [0., 0.]],

          [[0., 0.],
           [0., 0.]]],


         [[[0., 0.],
           [0., 0.]],

          [[1., 1.],
           [0., 0.]]]],



        [[[[0., 0.],
           [0., 0.]],

          [[0., 0.],
           [0., 0.]]],


         [[[0., 0.],
           [0., 0.]],

          [[0., 0.],
           [1., 1.]]]]])","tensor([[[[[0.0000, 0.0000],
           [0.0000, 0.0000]],

          [[1.0000, 1.0000],
           [1.0000, 1.0000]]],


         [[[0.1100, 1.0000],
           [0.1300, 0.3000]],

          [[0.0000, 0.0000],
           [0.0000, 0.0000]]]],



        [[[[1.0000, 1.0000],
           [1.0000, 1.0000]],

          [[0.0000, 0.0000],
           [0.0000, 0.0000]]],


         [[[0.0000, 0.0000],
           [0.0000, 0.0000]],

          [[0.0000, 0.0000],
           [0.0000, 0.0000]]]],



        [[[[0.0000, 0.0000],
           [0.0000, 0.0000]],

          [[0.0000, 0.0000],
           [0.0000, 0.0000]]],


         [[[0.0000, 0.0000],
           [0.0000, 0.0000]],

          [[1.0000, 1.0000],
           [1.0000, 1.0000]]]],



        [[[[0.0000, 0.0000],
           [0.0000, 0.0000]],

          [[0.0000, 0.0000],
           [0.0000, 0.0000]]],


         [[[0.8900, 0.0000],
           [0.8700, 0.7000]],

          [[0.0000, 0.0000],
           [0.0000, 0.0000]]]]], grad_fn=<RoundBackward1>)",0.99,0.5,inf,1000,1.0,pSAGD,cib_optimization/optimize_cib.py,wCIB+penalty,fsimoes,45345caa3f2538233a03cbc3e5b71daf91a5b4d3,"gamma=1.0--bxi=0.5,by=0.1,bs=0.5",LOCAL,CIB
cc8c18833bb247048071a904499d7e70,805718296294777617,FINISHED,mlflow-artifacts:/805718296294777617/cc8c18833bb247048071a904499d7e70/artifacts,2025-02-04 21:13:02.676000+00:00,2025-02-04 21:13:19.901000+00:00,1.2344979047775269,2.361815929412842,-0.0,1.0,-0.0,1.2344987392425537,0.0,1.75,0.0,1.75,-1.127318024635315,-1.127318024635315,1.2344979047775269,-1.127318024635315,0.0,0.0,1.2344985008239746,1.0,0.1,0.5,10.0,1e-05,10.0,"tensor([[[[[1., 1.],
           [1., 1.]],

          [[0., 0.],
           [0., 0.]]],


         [[[0., 0.],
           [0., 0.]],

          [[0., 0.],
           [0., 0.]]]],



        [[[[0., 0.],
           [0., 0.]],

          [[1., 1.],
           [1., 1.]]],


         [[[1., 1.],
           [1., 1.]],

          [[0., 0.],
           [0., 0.]]]],



        [[[[0., 0.],
           [0., 0.]],

          [[0., 0.],
           [0., 0.]]],


         [[[0., 0.],
           [0., 0.]],

          [[1., 1.],
           [0., 0.]]]],



        [[[[0., 0.],
           [0., 0.]],

          [[0., 0.],
           [0., 0.]]],


         [[[0., 0.],
           [0., 0.]],

          [[0., 0.],
           [1., 1.]]]]])","tensor([[[[[0., 0.],
           [0., 0.]],

          [[1., 1.],
           [1., 1.]]],


         [[[1., 1.],
           [1., 1.]],

          [[0., 0.],
           [0., 0.]]]],



        [[[[0., 0.],
           [0., 0.]],

          [[0., 0.],
           [0., 0.]]],


         [[[0., 0.],
           [0., 0.]],

          [[1., 1.],
           [0., 0.]]]],



        [[[[1., 1.],
           [1., 1.]],

          [[0., 0.],
           [0., 0.]]],


         [[[0., 0.],
           [0., 0.]],

          [[0., 0.],
           [0., 0.]]]],



        [[[[0., 0.],
           [0., 0.]],

          [[0., 0.],
           [0., 0.]]],


         [[[0., 0.],
           [0., 0.]],

          [[0., 0.],
           [1., 1.]]]]], grad_fn=<RoundBackward1>)",0.99,0.5,inf,1000,1.0,pSAGD,cib_optimization/optimize_cib.py,wCIB+penalty,fsimoes,45345caa3f2538233a03cbc3e5b71daf91a5b4d3,"gamma=1.0--bxi=0.5,by=0.1,bs=0.5",LOCAL,CIB
5c28bf319cb24ce389283398c0e7a8d7,805718296294777617,FINISHED,mlflow-artifacts:/805718296294777617/5c28bf319cb24ce389283398c0e7a8d7/artifacts,2025-02-04 21:12:41.940000+00:00,2025-02-04 21:12:59.863000+00:00,1.2344979047775269,2.361815929412842,-0.0,1.0,-0.0,1.2344987392425537,0.0,1.75,0.0,1.75,-1.127318024635315,-1.127318024635315,1.2344979047775269,-1.127318024635315,0.0,0.0,1.2344985008239746,1.0,0.1,0.5,10.0,1e-05,10.0,"tensor([[[[[1., 1.],
           [1., 1.]],

          [[0., 0.],
           [0., 0.]]],


         [[[0., 0.],
           [0., 0.]],

          [[0., 0.],
           [0., 0.]]]],



        [[[[0., 0.],
           [0., 0.]],

          [[1., 1.],
           [1., 1.]]],


         [[[1., 1.],
           [1., 1.]],

          [[0., 0.],
           [0., 0.]]]],



        [[[[0., 0.],
           [0., 0.]],

          [[0., 0.],
           [0., 0.]]],


         [[[0., 0.],
           [0., 0.]],

          [[1., 1.],
           [0., 0.]]]],



        [[[[0., 0.],
           [0., 0.]],

          [[0., 0.],
           [0., 0.]]],


         [[[0., 0.],
           [0., 0.]],

          [[0., 0.],
           [1., 1.]]]]])","tensor([[[[[0., 0.],
           [0., 0.]],

          [[0., 0.],
           [0., 0.]]],


         [[[0., 0.],
           [0., 0.]],

          [[0., 0.],
           [1., 1.]]]],



        [[[[1., 1.],
           [1., 1.]],

          [[0., 0.],
           [0., 0.]]],


         [[[0., 0.],
           [0., 0.]],

          [[0., 0.],
           [0., 0.]]]],



        [[[[0., 0.],
           [0., 0.]],

          [[1., 1.],
           [1., 1.]]],


         [[[1., 1.],
           [1., 1.]],

          [[0., 0.],
           [0., 0.]]]],



        [[[[0., 0.],
           [0., 0.]],

          [[0., 0.],
           [0., 0.]]],


         [[[0., 0.],
           [0., 0.]],

          [[1., 1.],
           [0., 0.]]]]], grad_fn=<RoundBackward1>)",0.99,0.5,inf,1000,1.0,pSAGD,cib_optimization/optimize_cib.py,wCIB+penalty,fsimoes,45345caa3f2538233a03cbc3e5b71daf91a5b4d3,"gamma=1.0--bxi=0.5,by=0.1,bs=0.5",LOCAL,CIB
3b2109ef9b194afdb60846c775f7f019,805718296294777617,FINISHED,mlflow-artifacts:/805718296294777617/3b2109ef9b194afdb60846c775f7f019/artifacts,2025-02-04 21:12:10.293000+00:00,2025-02-04 21:12:39.038000+00:00,1.2344979047775269,2.361815929412842,0.42261189222335815,1.0,-0.0,1.3357701301574707,6.828570064953965e-08,1.75,0.7456468958422136,1.9956653118133545,-1.0260461568832397,-1.0260461568832397,1.335769772529602,-1.127318024635315,-1.1920928955078125e-07,0.0,1.2344985008239746,1.0,0.1,0.5,1.0,1e-05,10.0,"tensor([[[[[1., 1.],
           [1., 1.]],

          [[0., 0.],
           [0., 0.]]],


         [[[0., 0.],
           [0., 0.]],

          [[0., 0.],
           [0., 0.]]]],



        [[[[0., 0.],
           [0., 0.]],

          [[1., 1.],
           [1., 1.]]],


         [[[1., 1.],
           [1., 1.]],

          [[0., 0.],
           [0., 0.]]]],



        [[[[0., 0.],
           [0., 0.]],

          [[0., 0.],
           [0., 0.]]],


         [[[0., 0.],
           [0., 0.]],

          [[1., 1.],
           [0., 0.]]]],



        [[[[0., 0.],
           [0., 0.]],

          [[0., 0.],
           [0., 0.]]],


         [[[0., 0.],
           [0., 0.]],

          [[0., 0.],
           [1., 1.]]]]])","tensor([[[[[1.0000, 1.0000],
           [1.0000, 1.0000]],

          [[0.0000, 0.0000],
           [0.0000, 0.0000]]],


         [[[0.0000, 0.0000],
           [0.0000, 0.0000]],

          [[0.0000, 0.0000],
           [0.0000, 0.0000]]]],



        [[[[0.0000, 0.0000],
           [0.0000, 0.0000]],

          [[0.0000, 0.0000],
           [0.0000, 0.0000]]],


         [[[0.0000, 0.0000],
           [0.0000, 0.0000]],

          [[1.0000, 1.0000],
           [1.0000, 1.0000]]]],



        [[[[0.0000, 0.0000],
           [0.0000, 0.0000]],

          [[0.2300, 0.7100],
           [0.3000, 0.1300]]],


         [[[0.3100, 0.5100],
           [0.6400, 0.7300]],

          [[0.0000, 0.0000],
           [0.0000, 0.0000]]]],



        [[[[0.0000, 0.0000],
           [0.0000, 0.0000]],

          [[0.7700, 0.2900],
           [0.7000, 0.8700]]],


         [[[0.6900, 0.4900],
           [0.3600, 0.2700]],

          [[0.0000, 0.0000],
           [0.0000, 0.0000]]]]], grad_fn=<RoundBackward1>)",0.99,0.5,inf,1000,1.0,pSAGD,cib_optimization/optimize_cib.py,wCIB+penalty,fsimoes,45345caa3f2538233a03cbc3e5b71daf91a5b4d3,"gamma=1.0--bxi=0.5,by=0.1,bs=0.5",LOCAL,CIB
7db239a6386a431bad57d0ca61d82ae8,805718296294777617,FINISHED,mlflow-artifacts:/805718296294777617/7db239a6386a431bad57d0ca61d82ae8/artifacts,2025-02-04 21:11:37.955000+00:00,2025-02-04 21:12:07.459000+00:00,1.2344979047775269,2.361815929412842,0.42959120869636536,1.0,-0.0,1.3357702493667603,1.03506771154116e-07,1.75,0.7304942237173044,1.9804648160934448,-1.0260461568832397,-1.0260461568832397,1.335769772529602,-1.127318024635315,0.0,0.0,1.2344985008239746,1.0,0.1,0.5,1.0,1e-05,10.0,"tensor([[[[[1., 1.],
           [1., 1.]],

          [[0., 0.],
           [0., 0.]]],


         [[[0., 0.],
           [0., 0.]],

          [[0., 0.],
           [0., 0.]]]],



        [[[[0., 0.],
           [0., 0.]],

          [[1., 1.],
           [1., 1.]]],


         [[[1., 1.],
           [1., 1.]],

          [[0., 0.],
           [0., 0.]]]],



        [[[[0., 0.],
           [0., 0.]],

          [[0., 0.],
           [0., 0.]]],


         [[[0., 0.],
           [0., 0.]],

          [[1., 1.],
           [0., 0.]]]],



        [[[[0., 0.],
           [0., 0.]],

          [[0., 0.],
           [0., 0.]]],


         [[[0., 0.],
           [0., 0.]],

          [[0., 0.],
           [1., 1.]]]]])","tensor([[[[[0.0000, 0.0000],
           [0.0000, 0.0000]],

          [[0.0000, 0.0000],
           [0.0000, 0.0000]]],


         [[[0.0000, 0.0000],
           [0.0000, 0.0000]],

          [[1.0000, 1.0000],
           [1.0000, 1.0000]]]],



        [[[[0.0000, 0.0000],
           [0.0000, 0.0000]],

          [[0.5800, 0.4200],
           [0.7900, 0.4700]]],


         [[[0.9100, 0.7900],
           [0.5000, 0.4600]],

          [[0.0000, 0.0000],
           [0.0000, 0.0000]]]],



        [[[[0.0000, 0.0000],
           [0.0000, 0.0000]],

          [[0.4200, 0.5800],
           [0.2100, 0.5300]]],


         [[[0.0900, 0.2100],
           [0.5000, 0.5400]],

          [[0.0000, 0.0000],
           [0.0000, 0.0000]]]],



        [[[[1.0000, 1.0000],
           [1.0000, 1.0000]],

          [[0.0000, 0.0000],
           [0.0000, 0.0000]]],


         [[[0.0000, 0.0000],
           [0.0000, 0.0000]],

          [[0.0000, 0.0000],
           [0.0000, 0.0000]]]]], grad_fn=<RoundBackward1>)",0.99,0.5,inf,1000,1.0,pSAGD,cib_optimization/optimize_cib.py,wCIB+penalty,fsimoes,45345caa3f2538233a03cbc3e5b71daf91a5b4d3,"gamma=1.0--bxi=0.5,by=0.1,bs=0.5",LOCAL,CIB
5fbc9fa4523b434ba59615561c46dd61,805718296294777617,FINISHED,mlflow-artifacts:/805718296294777617/5fbc9fa4523b434ba59615561c46dd61/artifacts,2025-02-04 21:10:58.797000+00:00,2025-02-04 21:11:34.898000+00:00,1.2344979047775269,2.361815929412842,0.12321006506681442,1.0,-0.0,1.3357703685760498,1.1175870895385742e-08,1.75,0.4754105119455341,1.7254796028137207,-1.0260461568832397,-1.0260461568832397,1.335769772529602,-1.127318024635315,0.0,0.0,1.2344985008239746,1.0,0.1,0.5,1.0,1e-05,10.0,"tensor([[[[[1., 1.],
           [1., 1.]],

          [[0., 0.],
           [0., 0.]]],


         [[[0., 0.],
           [0., 0.]],

          [[0., 0.],
           [0., 0.]]]],



        [[[[0., 0.],
           [0., 0.]],

          [[1., 1.],
           [1., 1.]]],


         [[[1., 1.],
           [1., 1.]],

          [[0., 0.],
           [0., 0.]]]],



        [[[[0., 0.],
           [0., 0.]],

          [[0., 0.],
           [0., 0.]]],


         [[[0., 0.],
           [0., 0.]],

          [[1., 1.],
           [0., 0.]]]],



        [[[[0., 0.],
           [0., 0.]],

          [[0., 0.],
           [0., 0.]]],


         [[[0., 0.],
           [0., 0.]],

          [[0., 0.],
           [1., 1.]]]]])","tensor([[[[[0.4700, 0.9800],
           [1.0000, 0.2800]],

          [[0.0000, 0.0000],
           [0.0000, 0.0000]]],


         [[[0.0000, 0.0000],
           [0.0000, 0.0000]],

          [[0.0000, 0.0000],
           [0.0000, 0.0000]]]],



        [[[[0.0000, 0.0000],
           [0.0000, 0.0000]],

          [[0.0000, 0.0000],
           [0.0000, 0.0000]]],


         [[[0.0000, 0.0000],
           [0.0000, 0.0000]],

          [[1.0000, 1.0000],
           [1.0000, 1.0000]]]],



        [[[[0.0000, 0.0000],
           [0.0000, 0.0000]],

          [[1.0000, 1.0000],
           [1.0000, 1.0000]]],


         [[[1.0000, 1.0000],
           [1.0000, 1.0000]],

          [[0.0000, 0.0000],
           [0.0000, 0.0000]]]],



        [[[[0.5300, 0.0200],
           [0.0000, 0.7200]],

          [[0.0000, 0.0000],
           [0.0000, 0.0000]]],


         [[[0.0000, 0.0000],
           [0.0000, 0.0000]],

          [[0.0000, 0.0000],
           [0.0000, 0.0000]]]]], grad_fn=<RoundBackward1>)",0.99,0.5,inf,1000,1.0,pSAGD,cib_optimization/optimize_cib.py,wCIB+penalty,fsimoes,45345caa3f2538233a03cbc3e5b71daf91a5b4d3,"gamma=1.0--bxi=0.5,by=0.1,bs=0.5",LOCAL,CIB
0b764877d9f74c26a416ded2d48ee461,805718296294777617,FINISHED,mlflow-artifacts:/805718296294777617/0b764877d9f74c26a416ded2d48ee461/artifacts,2025-02-04 21:10:42.634000+00:00,2025-02-04 21:10:55.884000+00:00,1.2344979047775269,2.361815929412842,-0.0,1.0,-0.0,1.5895164012908936,5.656854152679443,1.75,1.6572535683233403,1.702819585800171,-0.27727553248405457,-0.27727553248405457,1.5895166397094727,-0.5518544912338257,0.0,0.0,1.2344985008239746,0.8,0.1,0.5,10000.0,1e-05,10.0,"tensor([[[[[1., 1.],
           [1., 1.]],

          [[0., 0.],
           [0., 0.]]],


         [[[0., 0.],
           [0., 0.]],

          [[0., 0.],
           [0., 0.]]]],



        [[[[0., 0.],
           [0., 0.]],

          [[1., 1.],
           [1., 1.]]],


         [[[1., 1.],
           [1., 1.]],

          [[0., 0.],
           [0., 0.]]]],



        [[[[0., 0.],
           [0., 0.]],

          [[0., 0.],
           [0., 0.]]],


         [[[0., 0.],
           [0., 0.]],

          [[1., 1.],
           [0., 0.]]]],



        [[[[0., 0.],
           [0., 0.]],

          [[0., 0.],
           [0., 0.]]],


         [[[0., 0.],
           [0., 0.]],

          [[0., 0.],
           [1., 1.]]]]])","tensor([[[[[0., 1.],
           [1., 1.]],

          [[1., 1.],
           [0., 0.]]],


         [[[0., 1.],
           [1., 1.]],

          [[0., 0.],
           [0., 0.]]]],



        [[[[1., 0.],
           [0., 0.]],

          [[0., 0.],
           [1., 1.]]],


         [[[1., 0.],
           [0., 0.]],

          [[0., 0.],
           [0., 0.]]]],



        [[[[0., 0.],
           [0., 0.]],

          [[0., 0.],
           [0., 0.]]],


         [[[0., 0.],
           [0., 0.]],

          [[1., 1.],
           [0., 1.]]]],



        [[[[0., 0.],
           [0., 0.]],

          [[0., 0.],
           [0., 0.]]],


         [[[0., 0.],
           [0., 0.]],

          [[0., 0.],
           [1., 0.]]]]])",0.99,0.5,4.0,1000,1.0,pSAGD,cib_optimization/optimize_cib.py,wCIB+penalty,fsimoes,45345caa3f2538233a03cbc3e5b71daf91a5b4d3,"gamma=0.8--bxi=0.5,by=0.1,bs=0.5",LOCAL,CIB
377147fc7a764c21886699a8341a740b,805718296294777617,FINISHED,mlflow-artifacts:/805718296294777617/377147fc7a764c21886699a8341a740b/artifacts,2025-02-04 21:10:27.040000+00:00,2025-02-04 21:10:39.761000+00:00,1.2344979047775269,2.361815929412842,-0.0,1.0,-0.0,1.460946798324585,4.898979663848877,1.75,1.2806388890596567,1.9237947463989258,-0.3359364867210388,-0.3359364867210388,1.4609466791152954,-0.5518544912338257,-0.011832088232040405,0.0,1.2344985008239746,0.8,0.1,0.5,10000.0,1e-05,10.0,"tensor([[[[[1., 1.],
           [1., 1.]],

          [[0., 0.],
           [0., 0.]]],


         [[[0., 0.],
           [0., 0.]],

          [[0., 0.],
           [0., 0.]]]],



        [[[[0., 0.],
           [0., 0.]],

          [[1., 1.],
           [1., 1.]]],


         [[[1., 1.],
           [1., 1.]],

          [[0., 0.],
           [0., 0.]]]],



        [[[[0., 0.],
           [0., 0.]],

          [[0., 0.],
           [0., 0.]]],


         [[[0., 0.],
           [0., 0.]],

          [[1., 1.],
           [0., 0.]]]],



        [[[[0., 0.],
           [0., 0.]],

          [[0., 0.],
           [0., 0.]]],


         [[[0., 0.],
           [0., 0.]],

          [[0., 0.],
           [1., 1.]]]]])","tensor([[[[[1., 1.],
           [0., 0.]],

          [[0., 0.],
           [0., 0.]]],


         [[[0., 0.],
           [0., 0.]],

          [[0., 0.],
           [0., 0.]]]],



        [[[[0., 0.],
           [1., 1.]],

          [[1., 1.],
           [0., 0.]]],


         [[[0., 0.],
           [1., 0.]],

          [[0., 0.],
           [0., 0.]]]],



        [[[[0., 0.],
           [0., 0.]],

          [[0., 0.],
           [0., 0.]]],


         [[[0., 0.],
           [0., 0.]],

          [[1., 1.],
           [1., 1.]]]],



        [[[[0., 0.],
           [0., 0.]],

          [[0., 0.],
           [1., 1.]]],


         [[[1., 1.],
           [0., 1.]],

          [[0., 0.],
           [0., 0.]]]]])",0.99,0.5,4.0,1000,1.0,pSAGD,cib_optimization/optimize_cib.py,wCIB+penalty,fsimoes,45345caa3f2538233a03cbc3e5b71daf91a5b4d3,"gamma=0.8--bxi=0.5,by=0.1,bs=0.5",LOCAL,CIB
e5f4527760bb49cb91d4dc0c51725c81,805718296294777617,FINISHED,mlflow-artifacts:/805718296294777617/e5f4527760bb49cb91d4dc0c51725c81/artifacts,2025-02-04 21:10:10.017000+00:00,2025-02-04 21:10:24.128000+00:00,1.2344979047775269,2.361815929412842,-0.0,1.0,-0.0,1.4793301820755005,4.898979663848877,1.75,1.3443607190288827,1.9056390523910522,-0.32486090064048767,-0.32486090064048767,1.479330062866211,-0.5518544912338257,0.0,0.0,1.2344985008239746,0.8,0.1,0.5,10000.0,1e-05,10.0,"tensor([[[[[1., 1.],
           [1., 1.]],

          [[0., 0.],
           [0., 0.]]],


         [[[0., 0.],
           [0., 0.]],

          [[0., 0.],
           [0., 0.]]]],



        [[[[0., 0.],
           [0., 0.]],

          [[1., 1.],
           [1., 1.]]],


         [[[1., 1.],
           [1., 1.]],

          [[0., 0.],
           [0., 0.]]]],



        [[[[0., 0.],
           [0., 0.]],

          [[0., 0.],
           [0., 0.]]],


         [[[0., 0.],
           [0., 0.]],

          [[1., 1.],
           [0., 0.]]]],



        [[[[0., 0.],
           [0., 0.]],

          [[0., 0.],
           [0., 0.]]],


         [[[0., 0.],
           [0., 0.]],

          [[0., 0.],
           [1., 1.]]]]])","tensor([[[[[1., 0.],
           [0., 1.]],

          [[0., 0.],
           [0., 0.]]],


         [[[0., 0.],
           [0., 0.]],

          [[0., 0.],
           [0., 0.]]]],



        [[[[0., 0.],
           [0., 0.]],

          [[0., 0.],
           [0., 0.]]],


         [[[0., 0.],
           [0., 0.]],

          [[1., 1.],
           [1., 1.]]]],



        [[[[0., 0.],
           [0., 0.]],

          [[1., 1.],
           [0., 1.]]],


         [[[0., 0.],
           [1., 0.]],

          [[0., 0.],
           [0., 0.]]]],



        [[[[0., 1.],
           [1., 0.]],

          [[0., 0.],
           [1., 0.]]],


         [[[1., 1.],
           [0., 1.]],

          [[0., 0.],
           [0., 0.]]]]])",0.99,0.5,4.0,1000,1.0,pSAGD,cib_optimization/optimize_cib.py,wCIB+penalty,fsimoes,45345caa3f2538233a03cbc3e5b71daf91a5b4d3,"gamma=0.8--bxi=0.5,by=0.1,bs=0.5",LOCAL,CIB
55d1b75d1fe1471e82e88223bb904f1f,805718296294777617,FINISHED,mlflow-artifacts:/805718296294777617/55d1b75d1fe1471e82e88223bb904f1f/artifacts,2025-02-04 21:09:51.061000+00:00,2025-02-04 21:10:07.094000+00:00,1.2344979047775269,2.361815929412842,-0.0,1.0,-0.0,2.1047744750976562,4.480673313140869,1.75,2.0151510592917106,1.4913146495819092,0.09263052046298981,0.09263052046298981,2.1047754287719727,-0.5518544912338257,0.26106075942516327,0.0,1.2344985008239746,0.8,0.1,0.5,100.0,1e-05,10.0,"tensor([[[[[1., 1.],
           [1., 1.]],

          [[0., 0.],
           [0., 0.]]],


         [[[0., 0.],
           [0., 0.]],

          [[0., 0.],
           [0., 0.]]]],



        [[[[0., 0.],
           [0., 0.]],

          [[1., 1.],
           [1., 1.]]],


         [[[1., 1.],
           [1., 1.]],

          [[0., 0.],
           [0., 0.]]]],



        [[[[0., 0.],
           [0., 0.]],

          [[0., 0.],
           [0., 0.]]],


         [[[0., 0.],
           [0., 0.]],

          [[1., 1.],
           [0., 0.]]]],



        [[[[0., 0.],
           [0., 0.]],

          [[0., 0.],
           [0., 0.]]],


         [[[0., 0.],
           [0., 0.]],

          [[0., 0.],
           [1., 1.]]]]])","tensor([[[[[0.0000, 0.0000],
           [1.0000, 1.0000]],

          [[0.0000, 0.7300],
           [0.6400, 0.0000]]],


         [[[0.7300, 0.6400],
           [0.0000, 0.6400]],

          [[0.0000, 0.0000],
           [0.0000, 0.0000]]]],



        [[[[0.0000, 0.0000],
           [0.0000, 0.0000]],

          [[0.4900, 0.2700],
           [0.1800, 0.4900]]],


         [[[0.0000, 0.1800],
           [0.4900, 0.1800]],

          [[0.0000, 0.0000],
           [0.0000, 0.0000]]]],



        [[[[0.0000, 0.0000],
           [0.0000, 0.0000]],

          [[0.4900, 0.0000],
           [0.1800, 0.4900]]],


         [[[0.2700, 0.1800],
           [0.4900, 0.1800]],

          [[0.0000, 0.0000],
           [0.0000, 0.0000]]]],



        [[[[1.0000, 1.0000],
           [0.0000, 0.0000]],

          [[0.0300, 0.0000],
           [0.0000, 0.0300]]],


         [[[0.0000, 0.0000],
           [0.0300, 0.0000]],

          [[1.0000, 1.0000],
           [1.0000, 1.0000]]]]])",0.99,0.5,4.0,1000,1.0,pSAGD,cib_optimization/optimize_cib.py,wCIB+penalty,fsimoes,45345caa3f2538233a03cbc3e5b71daf91a5b4d3,"gamma=0.8--bxi=0.5,by=0.1,bs=0.5",LOCAL,CIB
89b159a4a5af441fab7532ca097e9d2d,805718296294777617,FINISHED,mlflow-artifacts:/805718296294777617/89b159a4a5af441fab7532ca097e9d2d/artifacts,2025-02-04 21:09:33.362000+00:00,2025-02-04 21:09:46.836000+00:00,1.2344979047775269,2.361815929412842,-0.0,1.0,-0.0,1.7994698286056519,5.656854152679443,1.75,2.0270127774359317,1.649397373199463,-0.11999672651290894,-0.11999672651290894,1.7994706630706787,-0.5518544912338257,0.008242756128311157,0.0,1.2344985008239746,0.8,0.1,0.5,100.0,1e-05,10.0,"tensor([[[[[1., 1.],
           [1., 1.]],

          [[0., 0.],
           [0., 0.]]],


         [[[0., 0.],
           [0., 0.]],

          [[0., 0.],
           [0., 0.]]]],



        [[[[0., 0.],
           [0., 0.]],

          [[1., 1.],
           [1., 1.]]],


         [[[1., 1.],
           [1., 1.]],

          [[0., 0.],
           [0., 0.]]]],



        [[[[0., 0.],
           [0., 0.]],

          [[0., 0.],
           [0., 0.]]],


         [[[0., 0.],
           [0., 0.]],

          [[1., 1.],
           [0., 0.]]]],



        [[[[0., 0.],
           [0., 0.]],

          [[0., 0.],
           [0., 0.]]],


         [[[0., 0.],
           [0., 0.]],

          [[0., 0.],
           [1., 1.]]]]])","tensor([[[[[0., 0.],
           [0., 0.]],

          [[0., 0.],
           [0., 0.]]],


         [[[0., 0.],
           [0., 0.]],

          [[0., 1.],
           [0., 1.]]]],



        [[[[0., 1.],
           [0., 1.]],

          [[1., 1.],
           [1., 0.]]],


         [[[0., 0.],
           [1., 1.]],

          [[0., 0.],
           [0., 0.]]]],



        [[[[1., 0.],
           [1., 0.]],

          [[0., 0.],
           [0., 1.]]],


         [[[1., 1.],
           [0., 0.]],

          [[0., 0.],
           [1., 0.]]]],



        [[[[0., 0.],
           [0., 0.]],

          [[0., 0.],
           [0., 0.]]],


         [[[0., 0.],
           [0., 0.]],

          [[1., 0.],
           [0., 0.]]]]])",0.99,0.5,4.0,1000,1.0,pSAGD,cib_optimization/optimize_cib.py,wCIB+penalty,fsimoes,45345caa3f2538233a03cbc3e5b71daf91a5b4d3,"gamma=0.8--bxi=0.5,by=0.1,bs=0.5",LOCAL,CIB
579cc792f05d49f39137d17772b3cab8,805718296294777617,FINISHED,mlflow-artifacts:/805718296294777617/579cc792f05d49f39137d17772b3cab8/artifacts,2025-02-04 21:09:13.630000+00:00,2025-02-04 21:09:30.583000+00:00,1.2344979047775269,2.361815929412842,-0.0,1.0,-0.0,1.8506606817245483,5.24960470199585,1.75,1.7041601235786512,1.8050365447998047,-0.04791605472564697,-0.04791605472564697,1.8506617546081543,-0.5518544912338257,0.09194153547286987,0.0,1.2344985008239746,0.8,0.1,0.5,100.0,1e-05,10.0,"tensor([[[[[1., 1.],
           [1., 1.]],

          [[0., 0.],
           [0., 0.]]],


         [[[0., 0.],
           [0., 0.]],

          [[0., 0.],
           [0., 0.]]]],



        [[[[0., 0.],
           [0., 0.]],

          [[1., 1.],
           [1., 1.]]],


         [[[1., 1.],
           [1., 1.]],

          [[0., 0.],
           [0., 0.]]]],



        [[[[0., 0.],
           [0., 0.]],

          [[0., 0.],
           [0., 0.]]],


         [[[0., 0.],
           [0., 0.]],

          [[1., 1.],
           [0., 0.]]]],



        [[[[0., 0.],
           [0., 0.]],

          [[0., 0.],
           [0., 0.]]],


         [[[0., 0.],
           [0., 0.]],

          [[0., 0.],
           [1., 1.]]]]])","tensor([[[[[0.0000, 1.0000],
           [1.0000, 0.0000]],

          [[0.0000, 0.0000],
           [0.0000, 0.0000]]],


         [[[0.0000, 0.0000],
           [0.0000, 0.0000]],

          [[1.0000, 0.0000],
           [1.0000, 1.0000]]]],



        [[[[1.0000, 0.0000],
           [0.0000, 1.0000]],

          [[0.0000, 0.3300],
           [0.0000, 1.0000]]],


         [[[1.0000, 1.0000],
           [0.0000, 1.0000]],

          [[0.0000, 0.0000],
           [0.0000, 0.0000]]]],



        [[[[0.0000, 0.0000],
           [0.0000, 0.0000]],

          [[1.0000, 0.6700],
           [1.0000, 0.0000]]],


         [[[0.0000, 0.0000],
           [1.0000, 0.0000]],

          [[0.0000, 0.0000],
           [0.0000, 0.0000]]]],



        [[[[0.0000, 0.0000],
           [0.0000, 0.0000]],

          [[0.0000, 0.0000],
           [0.0000, 0.0000]]],


         [[[0.0000, 0.0000],
           [0.0000, 0.0000]],

          [[0.0000, 1.0000],
           [0.0000, 0.0000]]]]])",0.99,0.5,4.0,1000,1.0,pSAGD,cib_optimization/optimize_cib.py,wCIB+penalty,fsimoes,45345caa3f2538233a03cbc3e5b71daf91a5b4d3,"gamma=0.8--bxi=0.5,by=0.1,bs=0.5",LOCAL,CIB
c40b1e5bcd6b438eb916dc41c8b2184f,805718296294777617,FINISHED,mlflow-artifacts:/805718296294777617/c40b1e5bcd6b438eb916dc41c8b2184f/artifacts,2025-02-04 21:08:28.385000+00:00,2025-02-04 21:09:10.759000+00:00,1.2344979047775269,2.361815929412842,0.7430196404457092,0.0,-0.0,1.4522267580032349,0.09633786231279373,1.75,1.2976207523948116,1.9381022453308105,-0.4886550307273865,-0.4886550307273865,1.4522265195846558,-0.5518544912338257,-0.003552377223968506,0.0,1.2344985008239746,0.8,0.1,0.5,10.0,1e-05,10.0,"tensor([[[[[1., 1.],
           [1., 1.]],

          [[0., 0.],
           [0., 0.]]],


         [[[0., 0.],
           [0., 0.]],

          [[0., 0.],
           [0., 0.]]]],



        [[[[0., 0.],
           [0., 0.]],

          [[1., 1.],
           [1., 1.]]],


         [[[1., 1.],
           [1., 1.]],

          [[0., 0.],
           [0., 0.]]]],



        [[[[0., 0.],
           [0., 0.]],

          [[0., 0.],
           [0., 0.]]],


         [[[0., 0.],
           [0., 0.]],

          [[1., 1.],
           [0., 0.]]]],



        [[[[0., 0.],
           [0., 0.]],

          [[0., 0.],
           [0., 0.]]],


         [[[0., 0.],
           [0., 0.]],

          [[0., 0.],
           [1., 1.]]]]])","tensor([[[[[0.0000, 0.0000],
           [0.0000, 0.0000]],

          [[0.5000, 0.5000],
           [0.5000, 0.5000]]],


         [[[0.5000, 0.5000],
           [0.5000, 0.5000]],

          [[0.0000, 0.0000],
           [0.0000, 0.0000]]]],



        [[[[1.0000, 1.0000],
           [1.0000, 1.0000]],

          [[0.2000, 0.2000],
           [0.2000, 0.2000]]],


         [[[0.2000, 0.2000],
           [0.2000, 0.2000]],

          [[0.0000, 0.0000],
           [0.0000, 0.0000]]]],



        [[[[0.0000, 0.0000],
           [0.0000, 0.0000]],

          [[0.2900, 0.2900],
           [0.2900, 0.2900]]],


         [[[0.2900, 0.2900],
           [0.2900, 0.2900]],

          [[0.0000, 0.0000],
           [0.0000, 0.0000]]]],



        [[[[0.0000, 0.0000],
           [0.0000, 0.0000]],

          [[0.0000, 0.0000],
           [0.0000, 0.0000]]],


         [[[0.0000, 0.0000],
           [0.0000, 0.0000]],

          [[1.0000, 1.0000],
           [1.0000, 1.0000]]]]], grad_fn=<RoundBackward1>)",0.99,0.5,4.0,1000,1.0,pSAGD,cib_optimization/optimize_cib.py,wCIB+penalty,fsimoes,45345caa3f2538233a03cbc3e5b71daf91a5b4d3,"gamma=0.8--bxi=0.5,by=0.1,bs=0.5",LOCAL,CIB
04ff1c6fb12a4aaaa2442782ec5aa1dc,805718296294777617,FINISHED,mlflow-artifacts:/805718296294777617/04ff1c6fb12a4aaaa2442782ec5aa1dc/artifacts,2025-02-04 21:07:44.148000+00:00,2025-02-04 21:08:25.527000+00:00,1.2344979047775269,2.361815929412842,0.6456450819969177,0.0,-0.0,1.388494610786438,0.12966813147068024,1.75,1.0485032187863843,1.992157220840454,-0.5093549489974976,-0.5093549489974976,1.3884942531585693,-0.5518544912338257,-0.006555438041687012,0.0,1.2344985008239746,0.8,0.1,0.5,10.0,1e-05,10.0,"tensor([[[[[1., 1.],
           [1., 1.]],

          [[0., 0.],
           [0., 0.]]],


         [[[0., 0.],
           [0., 0.]],

          [[0., 0.],
           [0., 0.]]]],



        [[[[0., 0.],
           [0., 0.]],

          [[1., 1.],
           [1., 1.]]],


         [[[1., 1.],
           [1., 1.]],

          [[0., 0.],
           [0., 0.]]]],



        [[[[0., 0.],
           [0., 0.]],

          [[0., 0.],
           [0., 0.]]],


         [[[0., 0.],
           [0., 0.]],

          [[1., 1.],
           [0., 0.]]]],



        [[[[0., 0.],
           [0., 0.]],

          [[0., 0.],
           [0., 0.]]],


         [[[0., 0.],
           [0., 0.]],

          [[0., 0.],
           [1., 1.]]]]])","tensor([[[[[0.0000, 0.0000],
           [0.0000, 0.0000]],

          [[0.4200, 0.4200],
           [0.4200, 0.4200]]],


         [[[0.4200, 0.4200],
           [0.4200, 0.4200]],

          [[0.0000, 0.0000],
           [0.0000, 0.0000]]]],



        [[[[1.0000, 1.0000],
           [1.0000, 1.0000]],

          [[0.0700, 0.0700],
           [0.0700, 0.0700]]],


         [[[0.0700, 0.0700],
           [0.0700, 0.0700]],

          [[0.0000, 0.0000],
           [0.0000, 0.0000]]]],



        [[[[0.0000, 0.0000],
           [0.0000, 0.0000]],

          [[0.5100, 0.5100],
           [0.5100, 0.5100]]],


         [[[0.5100, 0.5100],
           [0.5100, 0.5100]],

          [[0.0000, 0.0000],
           [0.0000, 0.0000]]]],



        [[[[0.0000, 0.0000],
           [0.0000, 0.0000]],

          [[0.0000, 0.0000],
           [0.0000, 0.0000]]],


         [[[0.0000, 0.0000],
           [0.0000, 0.0000]],

          [[1.0000, 1.0000],
           [1.0000, 1.0000]]]]], grad_fn=<RoundBackward1>)",0.99,0.5,4.0,1000,1.0,pSAGD,cib_optimization/optimize_cib.py,wCIB+penalty,fsimoes,45345caa3f2538233a03cbc3e5b71daf91a5b4d3,"gamma=0.8--bxi=0.5,by=0.1,bs=0.5",LOCAL,CIB
016df5fc37b7419f8108b16df6e028b3,805718296294777617,FINISHED,mlflow-artifacts:/805718296294777617/016df5fc37b7419f8108b16df6e028b3/artifacts,2025-02-04 21:06:58.561000+00:00,2025-02-04 21:07:40.629000+00:00,1.2344979047775269,2.361815929412842,0.6458532810211182,0.0,-0.0,1.3884947299957275,0.12966841459274292,1.75,1.04963168647723,1.9923651218414307,-0.5093547105789185,-0.5093547105789185,1.388494610786438,-0.5518544912338257,-0.006555080413818359,0.0,1.2344985008239746,0.8,0.1,0.5,10.0,1e-05,10.0,"tensor([[[[[1., 1.],
           [1., 1.]],

          [[0., 0.],
           [0., 0.]]],


         [[[0., 0.],
           [0., 0.]],

          [[0., 0.],
           [0., 0.]]]],



        [[[[0., 0.],
           [0., 0.]],

          [[1., 1.],
           [1., 1.]]],


         [[[1., 1.],
           [1., 1.]],

          [[0., 0.],
           [0., 0.]]]],



        [[[[0., 0.],
           [0., 0.]],

          [[0., 0.],
           [0., 0.]]],


         [[[0., 0.],
           [0., 0.]],

          [[1., 1.],
           [0., 0.]]]],



        [[[[0., 0.],
           [0., 0.]],

          [[0., 0.],
           [0., 0.]]],


         [[[0., 0.],
           [0., 0.]],

          [[0., 0.],
           [1., 1.]]]]])","tensor([[[[[1.0000, 1.0000],
           [1.0000, 1.0000]],

          [[0.0700, 0.0700],
           [0.0700, 0.0700]]],


         [[[0.0700, 0.0700],
           [0.0700, 0.0700]],

          [[0.0000, 0.0000],
           [0.0000, 0.0000]]]],



        [[[[0.0000, 0.0000],
           [0.0000, 0.0000]],

          [[0.5000, 0.5000],
           [0.5000, 0.5000]]],


         [[[0.5000, 0.5000],
           [0.5000, 0.5000]],

          [[0.0000, 0.0000],
           [0.0000, 0.0000]]]],



        [[[[0.0000, 0.0000],
           [0.0000, 0.0000]],

          [[0.0000, 0.0000],
           [0.0000, 0.0000]]],


         [[[0.0000, 0.0000],
           [0.0000, 0.0000]],

          [[1.0000, 1.0000],
           [1.0000, 1.0000]]]],



        [[[[0.0000, 0.0000],
           [0.0000, 0.0000]],

          [[0.4200, 0.4200],
           [0.4200, 0.4200]]],


         [[[0.4200, 0.4200],
           [0.4200, 0.4200]],

          [[0.0000, 0.0000],
           [0.0000, 0.0000]]]]], grad_fn=<RoundBackward1>)",0.99,0.5,4.0,1000,1.0,pSAGD,cib_optimization/optimize_cib.py,wCIB+penalty,fsimoes,45345caa3f2538233a03cbc3e5b71daf91a5b4d3,"gamma=0.8--bxi=0.5,by=0.1,bs=0.5",LOCAL,CIB
60e01c48426f4d1c91f7300d65ab56b0,805718296294777617,FINISHED,mlflow-artifacts:/805718296294777617/60e01c48426f4d1c91f7300d65ab56b0/artifacts,2025-02-04 21:06:17.593000+00:00,2025-02-04 21:06:55.508000+00:00,1.2344979047775269,2.361815929412842,0.016505254432559013,1.0,-0.0,1.2378941774368286,8.544109732611105e-06,1.75,0.02922649711777714,1.7511000633239746,-0.5522191524505615,-0.5522191524505615,1.2378933429718018,-0.5518544912338257,-2.384185791015625e-07,0.0,1.2344985008239746,0.8,0.1,0.5,1.0,1e-05,10.0,"tensor([[[[[1., 1.],
           [1., 1.]],

          [[0., 0.],
           [0., 0.]]],


         [[[0., 0.],
           [0., 0.]],

          [[0., 0.],
           [0., 0.]]]],



        [[[[0., 0.],
           [0., 0.]],

          [[1., 1.],
           [1., 1.]]],


         [[[1., 1.],
           [1., 1.]],

          [[0., 0.],
           [0., 0.]]]],



        [[[[0., 0.],
           [0., 0.]],

          [[0., 0.],
           [0., 0.]]],


         [[[0., 0.],
           [0., 0.]],

          [[1., 1.],
           [0., 0.]]]],



        [[[[0., 0.],
           [0., 0.]],

          [[0., 0.],
           [0., 0.]]],


         [[[0., 0.],
           [0., 0.]],

          [[0., 0.],
           [1., 1.]]]]])","tensor([[[[[0., 0.],
           [0., 0.]],

          [[0., 0.],
           [0., 0.]]],


         [[[0., 0.],
           [0., 0.]],

          [[0., 0.],
           [1., 1.]]]],



        [[[[0., 0.],
           [0., 0.]],

          [[1., 1.],
           [1., 1.]]],


         [[[1., 1.],
           [1., 1.]],

          [[0., 0.],
           [0., 0.]]]],



        [[[[0., 0.],
           [0., 0.]],

          [[0., 0.],
           [0., 0.]]],


         [[[0., 0.],
           [0., 0.]],

          [[1., 1.],
           [0., 0.]]]],



        [[[[1., 1.],
           [1., 1.]],

          [[0., 0.],
           [0., 0.]]],


         [[[0., 0.],
           [0., 0.]],

          [[0., 0.],
           [0., 0.]]]]], grad_fn=<RoundBackward1>)",0.99,0.5,4.0,1000,1.0,pSAGD,cib_optimization/optimize_cib.py,wCIB+penalty,fsimoes,45345caa3f2538233a03cbc3e5b71daf91a5b4d3,"gamma=0.8--bxi=0.5,by=0.1,bs=0.5",LOCAL,CIB
6dd92523d8b6454696b35e76a26f5856,805718296294777617,FINISHED,mlflow-artifacts:/805718296294777617/6dd92523d8b6454696b35e76a26f5856/artifacts,2025-02-04 21:05:32.120000+00:00,2025-02-04 21:06:13.763000+00:00,1.2344979047775269,2.361815929412842,0.4698779284954071,0.0,-0.0,1.3380331993103027,9.863804007181898e-05,1.75,0.7286974443060608,1.959619402885437,-0.52107834815979,-0.52107834815979,1.338032603263855,-0.5518544912338257,-1.1920928955078125e-07,0.0,1.2344985008239746,0.8,0.1,0.5,1.0,1e-05,10.0,"tensor([[[[[1., 1.],
           [1., 1.]],

          [[0., 0.],
           [0., 0.]]],


         [[[0., 0.],
           [0., 0.]],

          [[0., 0.],
           [0., 0.]]]],



        [[[[0., 0.],
           [0., 0.]],

          [[1., 1.],
           [1., 1.]]],


         [[[1., 1.],
           [1., 1.]],

          [[0., 0.],
           [0., 0.]]]],



        [[[[0., 0.],
           [0., 0.]],

          [[0., 0.],
           [0., 0.]]],


         [[[0., 0.],
           [0., 0.]],

          [[1., 1.],
           [0., 0.]]]],



        [[[[0., 0.],
           [0., 0.]],

          [[0., 0.],
           [0., 0.]]],


         [[[0., 0.],
           [0., 0.]],

          [[0., 0.],
           [1., 1.]]]]])","tensor([[[[[1.0000, 1.0000],
           [1.0000, 1.0000]],

          [[0.0000, 0.0000],
           [0.0000, 0.0000]]],


         [[[0.0000, 0.0000],
           [0.0000, 0.0000]],

          [[0.0000, 0.0000],
           [0.0000, 0.0000]]]],



        [[[[0.0000, 0.0000],
           [0.0000, 0.0000]],

          [[0.6600, 0.6600],
           [0.6600, 0.6600]]],


         [[[0.6600, 0.6700],
           [0.6700, 0.6700]],

          [[0.0000, 0.0000],
           [0.0000, 0.0000]]]],



        [[[[0.0000, 0.0000],
           [0.0000, 0.0000]],

          [[0.0000, 0.0000],
           [0.0000, 0.0000]]],


         [[[0.0000, 0.0000],
           [0.0000, 0.0000]],

          [[1.0000, 1.0000],
           [1.0000, 1.0000]]]],



        [[[[0.0000, 0.0000],
           [0.0000, 0.0000]],

          [[0.3300, 0.3400],
           [0.3300, 0.3300]]],


         [[[0.3400, 0.3300],
           [0.3300, 0.3300]],

          [[0.0000, 0.0000],
           [0.0000, 0.0000]]]]], grad_fn=<RoundBackward1>)",0.99,0.5,4.0,1000,1.0,pSAGD,cib_optimization/optimize_cib.py,wCIB+penalty,fsimoes,45345caa3f2538233a03cbc3e5b71daf91a5b4d3,"gamma=0.8--bxi=0.5,by=0.1,bs=0.5",LOCAL,CIB
7f1d36033c674b7abc809feefe95bde3,805718296294777617,FINISHED,mlflow-artifacts:/805718296294777617/7f1d36033c674b7abc809feefe95bde3/artifacts,2025-02-04 21:04:46.627000+00:00,2025-02-04 21:05:28.257000+00:00,1.2344979047775269,2.361815929412842,0.01650404743850231,1.0,-0.0,1.2378939390182495,6.476438102254178e-06,1.75,0.029226497117776695,1.7511000633239746,-0.552219033241272,-0.552219033241272,1.2378931045532227,-0.5518544912338257,1.1920928955078125e-07,0.0,1.2344985008239746,0.8,0.1,0.5,1.0,1e-05,10.0,"tensor([[[[[1., 1.],
           [1., 1.]],

          [[0., 0.],
           [0., 0.]]],


         [[[0., 0.],
           [0., 0.]],

          [[0., 0.],
           [0., 0.]]]],



        [[[[0., 0.],
           [0., 0.]],

          [[1., 1.],
           [1., 1.]]],


         [[[1., 1.],
           [1., 1.]],

          [[0., 0.],
           [0., 0.]]]],



        [[[[0., 0.],
           [0., 0.]],

          [[0., 0.],
           [0., 0.]]],


         [[[0., 0.],
           [0., 0.]],

          [[1., 1.],
           [0., 0.]]]],



        [[[[0., 0.],
           [0., 0.]],

          [[0., 0.],
           [0., 0.]]],


         [[[0., 0.],
           [0., 0.]],

          [[0., 0.],
           [1., 1.]]]]])","tensor([[[[[0., 0.],
           [0., 0.]],

          [[1., 1.],
           [1., 1.]]],


         [[[1., 1.],
           [1., 1.]],

          [[0., 0.],
           [0., 0.]]]],



        [[[[1., 1.],
           [1., 1.]],

          [[0., 0.],
           [0., 0.]]],


         [[[0., 0.],
           [0., 0.]],

          [[0., 0.],
           [0., 0.]]]],



        [[[[0., 0.],
           [0., 0.]],

          [[0., 0.],
           [0., 0.]]],


         [[[0., 0.],
           [0., 0.]],

          [[1., 1.],
           [0., 0.]]]],



        [[[[0., 0.],
           [0., 0.]],

          [[0., 0.],
           [0., 0.]]],


         [[[0., 0.],
           [0., 0.]],

          [[0., 0.],
           [1., 1.]]]]], grad_fn=<RoundBackward1>)",0.99,0.5,4.0,1000,1.0,pSAGD,cib_optimization/optimize_cib.py,wCIB+penalty,fsimoes,45345caa3f2538233a03cbc3e5b71daf91a5b4d3,"gamma=0.8--bxi=0.5,by=0.1,bs=0.5",LOCAL,CIB
cc7e19801cc14762a9de222c91d72a8f,805718296294777617,FINISHED,mlflow-artifacts:/805718296294777617/cc7e19801cc14762a9de222c91d72a8f/artifacts,2025-02-04 21:04:29.376000+00:00,2025-02-04 21:04:43.859000+00:00,1.2344979047775269,2.361815929412842,-0.0,1.0,-0.0,1.8888270854949951,5.656854152679443,1.75,1.9554346650331058,1.7489991188049316,0.41580721735954285,0.41580721735954285,1.8888285160064697,0.023609161376953125,-0.01808410882949829,0.0,1.2344985008239746,0.6,0.1,0.5,10000.0,1e-05,10.0,"tensor([[[[[1., 1.],
           [1., 1.]],

          [[0., 0.],
           [0., 0.]]],


         [[[0., 0.],
           [0., 0.]],

          [[0., 0.],
           [0., 0.]]]],



        [[[[0., 0.],
           [0., 0.]],

          [[1., 1.],
           [1., 1.]]],


         [[[1., 1.],
           [1., 1.]],

          [[0., 0.],
           [0., 0.]]]],



        [[[[0., 0.],
           [0., 0.]],

          [[0., 0.],
           [0., 0.]]],


         [[[0., 0.],
           [0., 0.]],

          [[1., 1.],
           [0., 0.]]]],



        [[[[0., 0.],
           [0., 0.]],

          [[0., 0.],
           [0., 0.]]],


         [[[0., 0.],
           [0., 0.]],

          [[0., 0.],
           [1., 1.]]]]])","tensor([[[[[0., 0.],
           [0., 0.]],

          [[0., 1.],
           [1., 0.]]],


         [[[0., 0.],
           [1., 0.]],

          [[0., 1.],
           [0., 1.]]]],



        [[[[1., 1.],
           [0., 0.]],

          [[0., 0.],
           [0., 0.]]],


         [[[0., 0.],
           [0., 0.]],

          [[1., 0.],
           [0., 0.]]]],



        [[[[0., 0.],
           [0., 0.]],

          [[0., 0.],
           [0., 0.]]],


         [[[0., 0.],
           [0., 0.]],

          [[0., 0.],
           [1., 0.]]]],



        [[[[0., 0.],
           [1., 1.]],

          [[1., 0.],
           [0., 1.]]],


         [[[1., 1.],
           [0., 1.]],

          [[0., 0.],
           [0., 0.]]]]])",0.99,0.5,1.5,1000,1.0,pSAGD,cib_optimization/optimize_cib.py,wCIB+penalty,fsimoes,45345caa3f2538233a03cbc3e5b71daf91a5b4d3,"gamma=0.6--bxi=0.5,by=0.1,bs=0.5",LOCAL,CIB
04a9cf6fc01f4f7d8dab81d3643002f1,805718296294777617,FINISHED,mlflow-artifacts:/805718296294777617/04a9cf6fc01f4f7d8dab81d3643002f1/artifacts,2025-02-04 21:04:13.489000+00:00,2025-02-04 21:04:26.606000+00:00,1.2344979047775269,2.361815929412842,-0.0,1.0,-0.0,1.9922401905059814,5.656854152679443,1.75,2.0181558427327055,1.8050365447998047,0.5002700090408325,0.5002700090408325,1.992241621017456,0.023609161376953125,0.05474746227264404,0.0,1.2344985008239746,0.6,0.1,0.5,10000.0,1e-05,10.0,"tensor([[[[[1., 1.],
           [1., 1.]],

          [[0., 0.],
           [0., 0.]]],


         [[[0., 0.],
           [0., 0.]],

          [[0., 0.],
           [0., 0.]]]],



        [[[[0., 0.],
           [0., 0.]],

          [[1., 1.],
           [1., 1.]]],


         [[[1., 1.],
           [1., 1.]],

          [[0., 0.],
           [0., 0.]]]],



        [[[[0., 0.],
           [0., 0.]],

          [[0., 0.],
           [0., 0.]]],


         [[[0., 0.],
           [0., 0.]],

          [[1., 1.],
           [0., 0.]]]],



        [[[[0., 0.],
           [0., 0.]],

          [[0., 0.],
           [0., 0.]]],


         [[[0., 0.],
           [0., 0.]],

          [[0., 0.],
           [1., 1.]]]]])","tensor([[[[[0., 1.],
           [0., 0.]],

          [[0., 0.],
           [0., 0.]]],


         [[[0., 0.],
           [0., 0.]],

          [[0., 0.],
           [1., 0.]]]],



        [[[[0., 0.],
           [0., 0.]],

          [[0., 0.],
           [0., 1.]]],


         [[[0., 1.],
           [1., 0.]],

          [[1., 0.],
           [0., 0.]]]],



        [[[[1., 0.],
           [1., 1.]],

          [[1., 1.],
           [1., 0.]]],


         [[[1., 0.],
           [0., 1.]],

          [[0., 1.],
           [0., 0.]]]],



        [[[[0., 0.],
           [0., 0.]],

          [[0., 0.],
           [0., 0.]]],


         [[[0., 0.],
           [0., 0.]],

          [[0., 0.],
           [0., 1.]]]]])",0.99,0.5,1.5,1000,1.0,pSAGD,cib_optimization/optimize_cib.py,wCIB+penalty,fsimoes,45345caa3f2538233a03cbc3e5b71daf91a5b4d3,"gamma=0.6--bxi=0.5,by=0.1,bs=0.5",LOCAL,CIB
f5d6bf200fef4e9aa05d24657332c789,805718296294777617,FINISHED,mlflow-artifacts:/805718296294777617/f5d6bf200fef4e9aa05d24657332c789/artifacts,2025-02-04 21:03:58.693000+00:00,2025-02-04 21:04:10.609000+00:00,1.2344979047775269,2.361815929412842,-0.0,1.0,-0.0,1.8736450672149658,5.656854152679443,1.75,2.001614515932288,1.8050365447998047,0.4291127324104309,0.4291127324104309,1.8736461400985718,0.023609161376953125,0.010498285293579102,0.0,1.2344985008239746,0.6,0.1,0.5,10000.0,1e-05,10.0,"tensor([[[[[1., 1.],
           [1., 1.]],

          [[0., 0.],
           [0., 0.]]],


         [[[0., 0.],
           [0., 0.]],

          [[0., 0.],
           [0., 0.]]]],



        [[[[0., 0.],
           [0., 0.]],

          [[1., 1.],
           [1., 1.]]],


         [[[1., 1.],
           [1., 1.]],

          [[0., 0.],
           [0., 0.]]]],



        [[[[0., 0.],
           [0., 0.]],

          [[0., 0.],
           [0., 0.]]],


         [[[0., 0.],
           [0., 0.]],

          [[1., 1.],
           [0., 0.]]]],



        [[[[0., 0.],
           [0., 0.]],

          [[0., 0.],
           [0., 0.]]],


         [[[0., 0.],
           [0., 0.]],

          [[0., 0.],
           [1., 1.]]]]])","tensor([[[[[1., 1.],
           [0., 0.]],

          [[0., 0.],
           [0., 0.]]],


         [[[0., 0.],
           [0., 0.]],

          [[0., 1.],
           [1., 0.]]]],



        [[[[0., 0.],
           [0., 0.]],

          [[0., 0.],
           [0., 0.]]],


         [[[0., 0.],
           [0., 0.]],

          [[1., 0.],
           [0., 0.]]]],



        [[[[0., 0.],
           [1., 1.]],

          [[0., 1.],
           [0., 1.]]],


         [[[1., 1.],
           [0., 1.]],

          [[0., 0.],
           [0., 1.]]]],



        [[[[0., 0.],
           [0., 0.]],

          [[1., 0.],
           [1., 0.]]],


         [[[0., 0.],
           [1., 0.]],

          [[0., 0.],
           [0., 0.]]]]])",0.99,0.5,1.5,1000,1.0,pSAGD,cib_optimization/optimize_cib.py,wCIB+penalty,fsimoes,45345caa3f2538233a03cbc3e5b71daf91a5b4d3,"gamma=0.6--bxi=0.5,by=0.1,bs=0.5",LOCAL,CIB
6d416c51944b4413a52a1d679d175b45,805718296294777617,FINISHED,mlflow-artifacts:/805718296294777617/6d416c51944b4413a52a1d679d175b45/artifacts,2025-02-04 21:03:37.007000+00:00,2025-02-04 21:03:54.896000+00:00,1.2344979047775269,2.361815929412842,-0.0,1.0,-0.0,1.9317119121551514,5.616635322570801,1.75,1.6646335496264602,1.702819585800171,0.42306599020957947,0.42306599020957947,1.9317128658294678,0.023609161376953125,0.10311001539230347,0.0,1.2344985008239746,0.6,0.1,0.5,100.0,1e-05,10.0,"tensor([[[[[1., 1.],
           [1., 1.]],

          [[0., 0.],
           [0., 0.]]],


         [[[0., 0.],
           [0., 0.]],

          [[0., 0.],
           [0., 0.]]]],



        [[[[0., 0.],
           [0., 0.]],

          [[1., 1.],
           [1., 1.]]],


         [[[1., 1.],
           [1., 1.]],

          [[0., 0.],
           [0., 0.]]]],



        [[[[0., 0.],
           [0., 0.]],

          [[0., 0.],
           [0., 0.]]],


         [[[0., 0.],
           [0., 0.]],

          [[1., 1.],
           [0., 0.]]]],



        [[[[0., 0.],
           [0., 0.]],

          [[0., 0.],
           [0., 0.]]],


         [[[0., 0.],
           [0., 0.]],

          [[0., 0.],
           [1., 1.]]]]])","tensor([[[[[0.0000, 1.0000],
           [1.0000, 0.0000]],

          [[1.0000, 1.0000],
           [0.3500, 0.0000]]],


         [[[0.0000, 0.0000],
           [1.0000, 1.0000]],

          [[1.0000, 0.0000],
           [0.0000, 0.0000]]]],



        [[[[0.0000, 0.0000],
           [0.0000, 0.0000]],

          [[0.0000, 0.0000],
           [0.6500, 1.0000]]],


         [[[1.0000, 1.0000],
           [0.0000, 0.0000]],

          [[0.0000, 0.0000],
           [0.0000, 0.0000]]]],



        [[[[0.0000, 0.0000],
           [0.0000, 0.0000]],

          [[0.0000, 0.0000],
           [0.0000, 0.0000]]],


         [[[0.0000, 0.0000],
           [0.0000, 0.0000]],

          [[0.0000, 1.0000],
           [1.0000, 1.0000]]]],



        [[[[1.0000, 0.0000],
           [0.0000, 1.0000]],

          [[0.0000, 0.0000],
           [0.0000, 0.0000]]],


         [[[0.0000, 0.0000],
           [0.0000, 0.0000]],

          [[0.0000, 0.0000],
           [0.0000, 0.0000]]]]])",0.99,0.5,1.5,1000,1.0,pSAGD,cib_optimization/optimize_cib.py,wCIB+penalty,fsimoes,45345caa3f2538233a03cbc3e5b71daf91a5b4d3,"gamma=0.6--bxi=0.5,by=0.1,bs=0.5",LOCAL,CIB
c1aa322daeb4439ca2d3cb8468988084,805718296294777617,FINISHED,mlflow-artifacts:/805718296294777617/c1aa322daeb4439ca2d3cb8468988084/artifacts,2025-02-04 21:03:15.085000+00:00,2025-02-04 21:03:33.983000+00:00,1.2344979047775269,2.361815929412842,0.125,1.0,-0.0,1.5884428024291992,5.291502475738525,1.75,1.7359022744093648,1.7640975713729858,0.19161531329154968,0.19161531329154968,1.5884430408477783,0.023609161376953125,0.0,0.0,1.2344985008239746,0.6,0.1,0.5,100.0,1e-05,10.0,"tensor([[[[[1., 1.],
           [1., 1.]],

          [[0., 0.],
           [0., 0.]]],


         [[[0., 0.],
           [0., 0.]],

          [[0., 0.],
           [0., 0.]]]],



        [[[[0., 0.],
           [0., 0.]],

          [[1., 1.],
           [1., 1.]]],


         [[[1., 1.],
           [1., 1.]],

          [[0., 0.],
           [0., 0.]]]],



        [[[[0., 0.],
           [0., 0.]],

          [[0., 0.],
           [0., 0.]]],


         [[[0., 0.],
           [0., 0.]],

          [[1., 1.],
           [0., 0.]]]],



        [[[[0., 0.],
           [0., 0.]],

          [[0., 0.],
           [0., 0.]]],


         [[[0., 0.],
           [0., 0.]],

          [[0., 0.],
           [1., 1.]]]]])","tensor([[[[[0.0000, 0.0000],
           [0.0000, 0.0000]],

          [[0.0000, 0.0000],
           [0.0000, 0.0000]]],


         [[[0.0000, 0.0000],
           [0.0000, 0.0000]],

          [[1.0000, 0.0000],
           [0.0000, 0.0000]]]],



        [[[[0.0000, 0.0000],
           [0.0000, 0.0000]],

          [[0.0000, 0.0000],
           [0.0000, 0.0000]]],


         [[[0.0000, 0.0000],
           [0.0000, 0.0000]],

          [[0.0000, 1.0000],
           [1.0000, 1.0000]]]],



        [[[[1.0000, 0.0000],
           [0.0000, 1.0000]],

          [[0.5000, 0.0000],
           [1.0000, 0.0000]]],


         [[[1.0000, 0.5000],
           [1.0000, 0.0000]],

          [[0.0000, 0.0000],
           [0.0000, 0.0000]]]],



        [[[[0.0000, 1.0000],
           [1.0000, 0.0000]],

          [[0.5000, 1.0000],
           [0.0000, 1.0000]]],


         [[[0.0000, 0.5000],
           [0.0000, 1.0000]],

          [[0.0000, 0.0000],
           [0.0000, 0.0000]]]]])",0.99,0.5,1.5,1000,1.0,pSAGD,cib_optimization/optimize_cib.py,wCIB+penalty,fsimoes,45345caa3f2538233a03cbc3e5b71daf91a5b4d3,"gamma=0.6--bxi=0.5,by=0.1,bs=0.5",LOCAL,CIB
4c19816751bd4ed5812648103184a6a4,805718296294777617,FINISHED,mlflow-artifacts:/805718296294777617/4c19816751bd4ed5812648103184a6a4/artifacts,2025-02-04 21:02:54.437000+00:00,2025-02-04 21:03:12.297000+00:00,1.2344979047775269,2.361815929412842,-0.0,1.0,-0.0,1.874387502670288,5.590189456939697,1.75,1.8010955210644806,1.9772169589996338,0.498430460691452,0.498430460691452,1.8743886947631836,0.023609161376953125,0.09189420938491821,0.0,1.2344985008239746,0.6,0.1,0.5,100.0,1e-05,10.0,"tensor([[[[[1., 1.],
           [1., 1.]],

          [[0., 0.],
           [0., 0.]]],


         [[[0., 0.],
           [0., 0.]],

          [[0., 0.],
           [0., 0.]]]],



        [[[[0., 0.],
           [0., 0.]],

          [[1., 1.],
           [1., 1.]]],


         [[[1., 1.],
           [1., 1.]],

          [[0., 0.],
           [0., 0.]]]],



        [[[[0., 0.],
           [0., 0.]],

          [[0., 0.],
           [0., 0.]]],


         [[[0., 0.],
           [0., 0.]],

          [[1., 1.],
           [0., 0.]]]],



        [[[[0., 0.],
           [0., 0.]],

          [[0., 0.],
           [0., 0.]]],


         [[[0., 0.],
           [0., 0.]],

          [[0., 0.],
           [1., 1.]]]]])","tensor([[[[[1.0000, 1.0000],
           [0.0000, 0.0000]],

          [[0.0000, 0.0000],
           [0.0000, 0.0000]]],


         [[[0.0600, 0.0600],
           [0.0600, 0.0600]],

          [[0.0000, 0.0000],
           [0.0000, 0.0000]]]],



        [[[[0.0000, 0.0000],
           [0.0000, 0.0000]],

          [[1.0000, 1.0000],
           [0.8300, 1.0000]]],


         [[[0.0000, 0.0000],
           [0.0000, 0.0000]],

          [[0.0000, 0.0000],
           [0.0000, 0.0000]]]],



        [[[[0.0000, 0.0000],
           [1.0000, 1.0000]],

          [[0.0000, 0.0000],
           [0.0000, 0.0000]]],


         [[[0.0000, 0.0000],
           [0.0000, 0.0000]],

          [[1.0000, 0.0000],
           [0.0000, 0.0000]]]],



        [[[[0.0000, 0.0000],
           [0.0000, 0.0000]],

          [[0.0000, 0.0000],
           [0.1700, 0.0000]]],


         [[[0.9400, 0.9400],
           [0.9400, 0.9400]],

          [[0.0000, 1.0000],
           [1.0000, 1.0000]]]]])",0.99,0.5,1.5,1000,1.0,pSAGD,cib_optimization/optimize_cib.py,wCIB+penalty,fsimoes,45345caa3f2538233a03cbc3e5b71daf91a5b4d3,"gamma=0.6--bxi=0.5,by=0.1,bs=0.5",LOCAL,CIB
ba39e720614a4a76bb78cab65970219d,805718296294777617,FINISHED,mlflow-artifacts:/805718296294777617/ba39e720614a4a76bb78cab65970219d/artifacts,2025-02-04 21:02:10.099000+00:00,2025-02-04 21:02:51.665000+00:00,1.2344979047775269,2.361815929412842,1.062159776687622,0.0,-0.0,2.3484058380126953,4.23160457611084,1.75,3.6692366716495988,1.964624285697937,0.3529420495033264,0.3529420495033264,2.348409652709961,0.023609161376953125,-0.04877975583076477,0.0,1.2344985008239746,0.6,0.1,0.5,10.0,1e-05,10.0,"tensor([[[[[1., 1.],
           [1., 1.]],

          [[0., 0.],
           [0., 0.]]],


         [[[0., 0.],
           [0., 0.]],

          [[0., 0.],
           [0., 0.]]]],



        [[[[0., 0.],
           [0., 0.]],

          [[1., 1.],
           [1., 1.]]],


         [[[1., 1.],
           [1., 1.]],

          [[0., 0.],
           [0., 0.]]]],



        [[[[0., 0.],
           [0., 0.]],

          [[0., 0.],
           [0., 0.]]],


         [[[0., 0.],
           [0., 0.]],

          [[1., 1.],
           [0., 0.]]]],



        [[[[0., 0.],
           [0., 0.]],

          [[0., 0.],
           [0., 0.]]],


         [[[0., 0.],
           [0., 0.]],

          [[0., 0.],
           [1., 1.]]]]])","tensor([[[[[0.3700, 0.0000],
           [0.3700, 0.5200]],

          [[0.0000, 0.0000],
           [0.0000, 0.4400]]],


         [[[0.0000, 0.5500],
           [0.0000, 0.6200]],

          [[0.0000, 0.4900],
           [0.0000, 0.5200]]]],



        [[[[0.3000, 0.3600],
           [0.3000, 0.0000]],

          [[0.3600, 0.4300],
           [1.0000, 0.2100]]],


         [[[0.2000, 0.0000],
           [0.4300, 0.3800]],

          [[0.5400, 0.0000],
           [0.5100, 0.0000]]]],



        [[[[0.0000, 0.6400],
           [0.0000, 0.0000]],

          [[0.6400, 0.0000],
           [0.0000, 0.0000]]],


         [[[0.4700, 0.0000],
           [0.0000, 0.0000]],

          [[0.4600, 0.0000],
           [0.0000, 0.4800]]]],



        [[[[0.3400, 0.0000],
           [0.3400, 0.4800]],

          [[0.0000, 0.5700],
           [0.0000, 0.3400]]],


         [[[0.3300, 0.4500],
           [0.5700, 0.0000]],

          [[0.0000, 0.5100],
           [0.4900, 0.0000]]]]], grad_fn=<RoundBackward1>)",0.99,0.5,1.5,1000,1.0,pSAGD,cib_optimization/optimize_cib.py,wCIB+penalty,fsimoes,45345caa3f2538233a03cbc3e5b71daf91a5b4d3,"gamma=0.6--bxi=0.5,by=0.1,bs=0.5",LOCAL,CIB
340bd656075a4b1aaef1a1c1df4eafcb,805718296294777617,FINISHED,mlflow-artifacts:/805718296294777617/340bd656075a4b1aaef1a1c1df4eafcb/artifacts,2025-02-04 21:01:37.254000+00:00,2025-02-04 21:02:07.332000+00:00,1.2344979047775269,2.361815929412842,0.4733007252216339,1.0,-0.0,1.9264190196990967,4.941259860992432,1.75,2.3305906302847483,1.741573691368103,0.24607211351394653,0.24607211351394653,1.92642080783844,0.023609161376953125,-0.08755189180374146,0.0,1.2344985008239746,0.6,0.1,0.5,10.0,1e-05,10.0,"tensor([[[[[1., 1.],
           [1., 1.]],

          [[0., 0.],
           [0., 0.]]],


         [[[0., 0.],
           [0., 0.]],

          [[0., 0.],
           [0., 0.]]]],



        [[[[0., 0.],
           [0., 0.]],

          [[1., 1.],
           [1., 1.]]],


         [[[1., 1.],
           [1., 1.]],

          [[0., 0.],
           [0., 0.]]]],



        [[[[0., 0.],
           [0., 0.]],

          [[0., 0.],
           [0., 0.]]],


         [[[0., 0.],
           [0., 0.]],

          [[1., 1.],
           [0., 0.]]]],



        [[[[0., 0.],
           [0., 0.]],

          [[0., 0.],
           [0., 0.]]],


         [[[0., 0.],
           [0., 0.]],

          [[0., 0.],
           [1., 1.]]]]])","tensor([[[[[0.4400, 0.4700],
           [0.4700, 0.0000]],

          [[1.0000, 1.0000],
           [1.0000, 1.0000]]],


         [[[0.4200, 1.0000],
           [1.0000, 0.0000]],

          [[0.2200, 0.2800],
           [0.0000, 0.0000]]]],



        [[[[0.0000, 0.5300],
           [0.5300, 0.4700]],

          [[0.0000, 0.0000],
           [0.0000, 0.0000]]],


         [[[0.5800, 0.0000],
           [0.0000, 0.4900]],

          [[0.0000, 0.0000],
           [0.0000, 0.0000]]]],



        [[[[0.5600, 0.0000],
           [0.0000, 0.5300]],

          [[0.0000, 0.0000],
           [0.0000, 0.0000]]],


         [[[0.0000, 0.0000],
           [0.0000, 0.5100]],

          [[0.0000, 0.7200],
           [1.0000, 0.0000]]]],



        [[[[0.0000, 0.0000],
           [0.0000, 0.0000]],

          [[0.0000, 0.0000],
           [0.0000, 0.0000]]],


         [[[0.0000, 0.0000],
           [0.0000, 0.0000]],

          [[0.7800, 0.0000],
           [0.0000, 1.0000]]]]])",0.99,0.5,1.5,1000,1.0,pSAGD,cib_optimization/optimize_cib.py,wCIB+penalty,fsimoes,45345caa3f2538233a03cbc3e5b71daf91a5b4d3,"gamma=0.6--bxi=0.5,by=0.1,bs=0.5",LOCAL,CIB
0c9196b5dccc45d8bd3e101f3c7c6e21,805718296294777617,FINISHED,mlflow-artifacts:/805718296294777617/0c9196b5dccc45d8bd3e101f3c7c6e21/artifacts,2025-02-04 21:00:59.509000+00:00,2025-02-04 21:01:34.228000+00:00,1.2344979047775269,2.361815929412842,0.8044755458831787,1.0,-0.0,2.209088087081909,4.685483455657959,1.75,3.063881306776626,1.915205478668213,0.3526569902896881,0.3526569902896881,2.2090909481048584,0.023609161376953125,-0.013730555772781372,0.0,1.2344985008239746,0.6,0.1,0.5,10.0,1e-05,10.0,"tensor([[[[[1., 1.],
           [1., 1.]],

          [[0., 0.],
           [0., 0.]]],


         [[[0., 0.],
           [0., 0.]],

          [[0., 0.],
           [0., 0.]]]],



        [[[[0., 0.],
           [0., 0.]],

          [[1., 1.],
           [1., 1.]]],


         [[[1., 1.],
           [1., 1.]],

          [[0., 0.],
           [0., 0.]]]],



        [[[[0., 0.],
           [0., 0.]],

          [[0., 0.],
           [0., 0.]]],


         [[[0., 0.],
           [0., 0.]],

          [[1., 1.],
           [0., 0.]]]],



        [[[[0., 0.],
           [0., 0.]],

          [[0., 0.],
           [0., 0.]]],


         [[[0., 0.],
           [0., 0.]],

          [[0., 0.],
           [1., 1.]]]]])","tensor([[[[[1.0000, 1.0000],
           [0.4800, 0.0000]],

          [[0.6100, 0.4800],
           [0.0000, 0.4800]]],


         [[[0.0000, 0.0000],
           [0.0000, 0.4800]],

          [[0.0000, 0.4100],
           [1.0000, 0.3700]]]],



        [[[[0.0000, 0.0000],
           [0.5200, 0.5300]],

          [[0.0000, 0.0000],
           [0.0000, 0.0000]]],


         [[[1.0000, 0.5500],
           [0.0000, 0.0000]],

          [[0.0000, 0.0000],
           [0.0000, 0.0000]]]],



        [[[[0.0000, 0.0000],
           [0.0000, 0.0000]],

          [[0.0000, 0.2500],
           [0.4900, 0.2500]]],


         [[[0.0000, 0.2200],
           [0.4900, 0.2500]],

          [[0.0000, 0.5900],
           [0.0000, 0.6300]]]],



        [[[[0.0000, 0.0000],
           [0.0000, 0.4700]],

          [[0.3900, 0.2600],
           [0.5100, 0.2600]]],


         [[[0.0000, 0.2300],
           [0.5100, 0.2600]],

          [[1.0000, 0.0000],
           [0.0000, 0.0000]]]]])",0.99,0.5,1.5,1000,1.0,pSAGD,cib_optimization/optimize_cib.py,wCIB+penalty,fsimoes,45345caa3f2538233a03cbc3e5b71daf91a5b4d3,"gamma=0.6--bxi=0.5,by=0.1,bs=0.5",LOCAL,CIB
513ffdef90f946e6b180c41542987966,805718296294777617,FINISHED,mlflow-artifacts:/805718296294777617/513ffdef90f946e6b180c41542987966/artifacts,2025-02-04 21:00:15.219000+00:00,2025-02-04 21:00:56.721000+00:00,1.2344979047775269,2.361815929412842,1.093191385269165,0.0,-0.0,1.7459299564361572,0.1873490959405899,1.75,2.1683770835362255,1.768087387084961,-0.09957262873649597,-0.09957262873649597,1.7459309101104736,0.023609161376953125,0.010225027799606323,0.0,1.2344985008239746,0.6,0.1,0.5,1.0,1e-05,10.0,"tensor([[[[[1., 1.],
           [1., 1.]],

          [[0., 0.],
           [0., 0.]]],


         [[[0., 0.],
           [0., 0.]],

          [[0., 0.],
           [0., 0.]]]],



        [[[[0., 0.],
           [0., 0.]],

          [[1., 1.],
           [1., 1.]]],


         [[[1., 1.],
           [1., 1.]],

          [[0., 0.],
           [0., 0.]]]],



        [[[[0., 0.],
           [0., 0.]],

          [[0., 0.],
           [0., 0.]]],


         [[[0., 0.],
           [0., 0.]],

          [[1., 1.],
           [0., 0.]]]],



        [[[[0., 0.],
           [0., 0.]],

          [[0., 0.],
           [0., 0.]]],


         [[[0., 0.],
           [0., 0.]],

          [[0., 0.],
           [1., 1.]]]]])","tensor([[[[[0.5500, 0.5500],
           [0.5500, 0.5500]],

          [[0.5500, 0.5500],
           [0.5500, 0.5500]]],


         [[[0.5500, 0.5500],
           [0.5500, 0.5500]],

          [[0.0000, 0.0000],
           [0.0400, 0.0400]]]],



        [[[[0.0000, 0.0000],
           [0.0000, 0.0000]],

          [[0.0000, 0.0000],
           [0.0000, 0.0000]]],


         [[[0.0000, 0.0000],
           [0.0000, 0.0000]],

          [[0.4400, 0.4400],
           [0.4600, 0.4600]]]],



        [[[[0.0000, 0.0000],
           [0.0000, 0.0000]],

          [[0.0000, 0.0000],
           [0.0000, 0.0000]]],


         [[[0.0000, 0.0000],
           [0.0000, 0.0000]],

          [[0.4500, 0.4500],
           [0.4600, 0.4600]]]],



        [[[[0.4500, 0.4500],
           [0.4500, 0.4500]],

          [[0.4500, 0.4500],
           [0.4500, 0.4500]]],


         [[[0.4500, 0.4500],
           [0.4500, 0.4500]],

          [[0.1100, 0.1100],
           [0.0400, 0.0400]]]]], grad_fn=<RoundBackward1>)",0.99,0.5,1.5,1000,1.0,pSAGD,cib_optimization/optimize_cib.py,wCIB+penalty,fsimoes,45345caa3f2538233a03cbc3e5b71daf91a5b4d3,"gamma=0.6--bxi=0.5,by=0.1,bs=0.5",LOCAL,CIB
53192d4022ad4dcfba05092ace9f4f3c,805718296294777617,FINISHED,mlflow-artifacts:/805718296294777617/53192d4022ad4dcfba05092ace9f4f3c/artifacts,2025-02-04 20:59:31.038000+00:00,2025-02-04 21:00:12.398000+00:00,1.2344979047775269,2.361815929412842,1.4479823112487793,0.0,-0.0,1.8864829540252686,0.3080275058746338,1.75,2.6741853941162224,1.9716005325317383,-0.07575136423110962,-0.07575136423110962,1.8864848613739014,0.023609161376953125,0.00018690526485443115,0.0,1.2344985008239746,0.6,0.1,0.5,1.0,1e-05,10.0,"tensor([[[[[1., 1.],
           [1., 1.]],

          [[0., 0.],
           [0., 0.]]],


         [[[0., 0.],
           [0., 0.]],

          [[0., 0.],
           [0., 0.]]]],



        [[[[0., 0.],
           [0., 0.]],

          [[1., 1.],
           [1., 1.]]],


         [[[1., 1.],
           [1., 1.]],

          [[0., 0.],
           [0., 0.]]]],



        [[[[0., 0.],
           [0., 0.]],

          [[0., 0.],
           [0., 0.]]],


         [[[0., 0.],
           [0., 0.]],

          [[1., 1.],
           [0., 0.]]]],



        [[[[0., 0.],
           [0., 0.]],

          [[0., 0.],
           [0., 0.]]],


         [[[0., 0.],
           [0., 0.]],

          [[0., 0.],
           [1., 1.]]]]])","tensor([[[[[0.3000, 0.3000],
           [0.3000, 0.3000]],

          [[0.3000, 0.3000],
           [0.3000, 0.3000]]],


         [[[0.3000, 0.3000],
           [0.3000, 0.3000]],

          [[0.1300, 0.1300],
           [0.0500, 0.0500]]]],



        [[[[0.4100, 0.4100],
           [0.4100, 0.4100]],

          [[0.4100, 0.4100],
           [0.4100, 0.4100]]],


         [[[0.4100, 0.4100],
           [0.4100, 0.4100]],

          [[0.0500, 0.0500],
           [0.1000, 0.1000]]]],



        [[[[0.0000, 0.0000],
           [0.0000, 0.0000]],

          [[0.0000, 0.0000],
           [0.0000, 0.0000]]],


         [[[0.0000, 0.0000],
           [0.0000, 0.0000]],

          [[0.8200, 0.8200],
           [0.6900, 0.6900]]]],



        [[[[0.2800, 0.2800],
           [0.2800, 0.2800]],

          [[0.2900, 0.2900],
           [0.2900, 0.2900]]],


         [[[0.2900, 0.2900],
           [0.2900, 0.2900]],

          [[0.0000, 0.0000],
           [0.1500, 0.1500]]]]], grad_fn=<RoundBackward1>)",0.99,0.5,1.5,1000,1.0,pSAGD,cib_optimization/optimize_cib.py,wCIB+penalty,fsimoes,45345caa3f2538233a03cbc3e5b71daf91a5b4d3,"gamma=0.6--bxi=0.5,by=0.1,bs=0.5",LOCAL,CIB
e38d4f62c4c948caa4b318fdf2a23cb7,805718296294777617,FINISHED,mlflow-artifacts:/805718296294777617/e38d4f62c4c948caa4b318fdf2a23cb7/artifacts,2025-02-04 20:58:47.135000+00:00,2025-02-04 20:59:28.144000+00:00,1.2344979047775269,2.361815929412842,1.3539745807647705,0.0,-0.0,1.8824379444122314,0.054678287357091904,1.75,2.577061379497952,1.880571961402893,-0.07698692381381989,-0.07698692381381989,1.8824394941329956,0.023609161376953125,-0.003733903169631958,0.0,1.2344985008239746,0.6,0.1,0.5,1.0,1e-05,10.0,"tensor([[[[[1., 1.],
           [1., 1.]],

          [[0., 0.],
           [0., 0.]]],


         [[[0., 0.],
           [0., 0.]],

          [[0., 0.],
           [0., 0.]]]],



        [[[[0., 0.],
           [0., 0.]],

          [[1., 1.],
           [1., 1.]]],


         [[[1., 1.],
           [1., 1.]],

          [[0., 0.],
           [0., 0.]]]],



        [[[[0., 0.],
           [0., 0.]],

          [[0., 0.],
           [0., 0.]]],


         [[[0., 0.],
           [0., 0.]],

          [[1., 1.],
           [0., 0.]]]],



        [[[[0., 0.],
           [0., 0.]],

          [[0., 0.],
           [0., 0.]]],


         [[[0., 0.],
           [0., 0.]],

          [[0., 0.],
           [1., 1.]]]]])","tensor([[[[[0.0000, 0.0000],
           [0.0000, 0.0000]],

          [[0.0000, 0.0000],
           [0.0000, 0.0000]]],


         [[[0.0000, 0.0000],
           [0.0000, 0.0000]],

          [[0.7200, 0.7200],
           [0.8400, 0.8400]]]],



        [[[[0.1900, 0.1900],
           [0.1900, 0.1900]],

          [[0.2000, 0.2000],
           [0.2000, 0.2000]]],


         [[[0.2000, 0.2000],
           [0.2000, 0.2000]],

          [[0.0300, 0.0300],
           [0.0400, 0.0400]]]],



        [[[[0.5500, 0.5500],
           [0.5500, 0.5500]],

          [[0.5400, 0.5400],
           [0.5400, 0.5400]]],


         [[[0.5400, 0.5400],
           [0.5400, 0.5400]],

          [[0.1400, 0.1400],
           [0.0600, 0.0600]]]],



        [[[[0.2600, 0.2600],
           [0.2600, 0.2600]],

          [[0.2700, 0.2700],
           [0.2700, 0.2700]]],


         [[[0.2700, 0.2700],
           [0.2700, 0.2700]],

          [[0.1200, 0.1200],
           [0.0700, 0.0700]]]]], grad_fn=<RoundBackward1>)",0.99,0.5,1.5,1000,1.0,pSAGD,cib_optimization/optimize_cib.py,wCIB+penalty,fsimoes,45345caa3f2538233a03cbc3e5b71daf91a5b4d3,"gamma=0.6--bxi=0.5,by=0.1,bs=0.5",LOCAL,CIB
5885bb6de217424facf10b2fa2a72f59,805718296294777617,FINISHED,mlflow-artifacts:/805718296294777617/5885bb6de217424facf10b2fa2a72f59/artifacts,2025-02-04 20:58:28.453000+00:00,2025-02-04 20:58:44.316000+00:00,1.2344979047775269,2.361815929412842,-0.0,1.0,-0.0,1.5621846914291382,5.656854152679443,1.75,1.5959754832182638,1.7640975713729858,0.7386061549186707,0.7386061549186707,1.5621849298477173,0.5990728139877319,0.0,0.0,1.2344985008239746,0.4,0.1,0.5,10000.0,1e-05,10.0,"tensor([[[[[1., 1.],
           [1., 1.]],

          [[0., 0.],
           [0., 0.]]],


         [[[0., 0.],
           [0., 0.]],

          [[0., 0.],
           [0., 0.]]]],



        [[[[0., 0.],
           [0., 0.]],

          [[1., 1.],
           [1., 1.]]],


         [[[1., 1.],
           [1., 1.]],

          [[0., 0.],
           [0., 0.]]]],



        [[[[0., 0.],
           [0., 0.]],

          [[0., 0.],
           [0., 0.]]],


         [[[0., 0.],
           [0., 0.]],

          [[1., 1.],
           [0., 0.]]]],



        [[[[0., 0.],
           [0., 0.]],

          [[0., 0.],
           [0., 0.]]],


         [[[0., 0.],
           [0., 0.]],

          [[0., 0.],
           [1., 1.]]]]])","tensor([[[[[0., 0.],
           [0., 0.]],

          [[0., 0.],
           [0., 0.]]],


         [[[0., 0.],
           [0., 0.]],

          [[0., 0.],
           [1., 0.]]]],



        [[[[0., 0.],
           [0., 0.]],

          [[0., 0.],
           [0., 0.]]],


         [[[0., 0.],
           [0., 0.]],

          [[1., 1.],
           [0., 1.]]]],



        [[[[1., 1.],
           [0., 1.]],

          [[1., 1.],
           [0., 0.]]],


         [[[0., 0.],
           [0., 1.]],

          [[0., 0.],
           [0., 0.]]]],



        [[[[0., 0.],
           [1., 0.]],

          [[0., 0.],
           [1., 1.]]],


         [[[1., 1.],
           [1., 0.]],

          [[0., 0.],
           [0., 0.]]]]])",0.99,0.5,0.6666666269302368,1000,1.0,pSAGD,cib_optimization/optimize_cib.py,wCIB+penalty,fsimoes,45345caa3f2538233a03cbc3e5b71daf91a5b4d3,"gamma=0.4--bxi=0.5,by=0.1,bs=0.5",LOCAL,CIB
c7b1201e0e9d417b920afb387e2aa46d,805718296294777617,FINISHED,mlflow-artifacts:/805718296294777617/c7b1201e0e9d417b920afb387e2aa46d/artifacts,2025-02-04 20:58:17.332000+00:00,2025-02-04 20:58:25.693000+00:00,1.2344979047775269,2.361815929412842,-0.0,1.0,-0.0,1.7935255765914917,5.656854152679443,1.75,2.0062415379212464,1.649397373199463,0.7623224258422852,0.7623224258422852,1.7935259342193604,0.5990728139877319,-0.005604863166809082,0.0,1.2344985008239746,0.4,0.1,0.5,10000.0,1e-05,10.0,"tensor([[[[[1., 1.],
           [1., 1.]],

          [[0., 0.],
           [0., 0.]]],


         [[[0., 0.],
           [0., 0.]],

          [[0., 0.],
           [0., 0.]]]],



        [[[[0., 0.],
           [0., 0.]],

          [[1., 1.],
           [1., 1.]]],


         [[[1., 1.],
           [1., 1.]],

          [[0., 0.],
           [0., 0.]]]],



        [[[[0., 0.],
           [0., 0.]],

          [[0., 0.],
           [0., 0.]]],


         [[[0., 0.],
           [0., 0.]],

          [[1., 1.],
           [0., 0.]]]],



        [[[[0., 0.],
           [0., 0.]],

          [[0., 0.],
           [0., 0.]]],


         [[[0., 0.],
           [0., 0.]],

          [[0., 0.],
           [1., 1.]]]]])","tensor([[[[[0., 0.],
           [0., 1.]],

          [[1., 0.],
           [0., 0.]]],


         [[[0., 1.],
           [1., 1.]],

          [[0., 0.],
           [0., 0.]]]],



        [[[[1., 1.],
           [1., 0.]],

          [[0., 1.],
           [1., 1.]]],


         [[[1., 0.],
           [0., 0.]],

          [[0., 0.],
           [0., 1.]]]],



        [[[[0., 0.],
           [0., 0.]],

          [[0., 0.],
           [0., 0.]]],


         [[[0., 0.],
           [0., 0.]],

          [[1., 0.],
           [0., 0.]]]],



        [[[[0., 0.],
           [0., 0.]],

          [[0., 0.],
           [0., 0.]]],


         [[[0., 0.],
           [0., 0.]],

          [[0., 1.],
           [1., 0.]]]]])",0.99,0.5,0.6666666269302368,1000,1.0,pSAGD,cib_optimization/optimize_cib.py,wCIB+penalty,fsimoes,45345caa3f2538233a03cbc3e5b71daf91a5b4d3,"gamma=0.4--bxi=0.5,by=0.1,bs=0.5",LOCAL,CIB
d105b74b7b8847a19ae7bea5aa8b3fd5,805718296294777617,FINISHED,mlflow-artifacts:/805718296294777617/d105b74b7b8847a19ae7bea5aa8b3fd5/artifacts,2025-02-04 20:57:57.624000+00:00,2025-02-04 20:58:14.517000+00:00,1.2344979047775269,2.361815929412842,-0.0,1.0,-0.0,1.6954374313354492,5.656854152679443,1.75,1.8050365227387513,1.7806390523910522,0.8018321990966797,0.8018321990966797,1.6954377889633179,0.5990728139877319,0.005620479583740234,0.0,1.2344985008239746,0.4,0.1,0.5,10000.0,1e-05,10.0,"tensor([[[[[1., 1.],
           [1., 1.]],

          [[0., 0.],
           [0., 0.]]],


         [[[0., 0.],
           [0., 0.]],

          [[0., 0.],
           [0., 0.]]]],



        [[[[0., 0.],
           [0., 0.]],

          [[1., 1.],
           [1., 1.]]],


         [[[1., 1.],
           [1., 1.]],

          [[0., 0.],
           [0., 0.]]]],



        [[[[0., 0.],
           [0., 0.]],

          [[0., 0.],
           [0., 0.]]],


         [[[0., 0.],
           [0., 0.]],

          [[1., 1.],
           [0., 0.]]]],



        [[[[0., 0.],
           [0., 0.]],

          [[0., 0.],
           [0., 0.]]],


         [[[0., 0.],
           [0., 0.]],

          [[0., 0.],
           [1., 1.]]]]])","tensor([[[[[0., 1.],
           [1., 0.]],

          [[0., 1.],
           [1., 0.]]],


         [[[1., 0.],
           [0., 0.]],

          [[1., 1.],
           [1., 0.]]]],



        [[[[0., 0.],
           [0., 0.]],

          [[1., 0.],
           [0., 1.]]],


         [[[0., 1.],
           [1., 1.]],

          [[0., 0.],
           [0., 0.]]]],



        [[[[0., 0.],
           [0., 0.]],

          [[0., 0.],
           [0., 0.]]],


         [[[0., 0.],
           [0., 0.]],

          [[0., 0.],
           [0., 1.]]]],



        [[[[1., 0.],
           [0., 1.]],

          [[0., 0.],
           [0., 0.]]],


         [[[0., 0.],
           [0., 0.]],

          [[0., 0.],
           [0., 0.]]]]])",0.99,0.5,0.6666666269302368,1000,1.0,pSAGD,cib_optimization/optimize_cib.py,wCIB+penalty,fsimoes,45345caa3f2538233a03cbc3e5b71daf91a5b4d3,"gamma=0.4--bxi=0.5,by=0.1,bs=0.5",LOCAL,CIB
2b18e4ad37d1481aa121d33ec844dea3,805718296294777617,FINISHED,mlflow-artifacts:/805718296294777617/2b18e4ad37d1481aa121d33ec844dea3/artifacts,2025-02-04 20:57:38.127000+00:00,2025-02-04 20:57:54.759000+00:00,1.2344979047775269,2.361815929412842,-0.0,1.0,-0.0,1.5899697542190552,5.656854152679443,1.75,1.7054346650331058,1.7489991188049316,0.7406610250473022,0.7406610250473022,1.5899698734283447,0.5990728139877319,0.0,0.0,1.2344985008239746,0.4,0.1,0.5,100.0,1e-05,10.0,"tensor([[[[[1., 1.],
           [1., 1.]],

          [[0., 0.],
           [0., 0.]]],


         [[[0., 0.],
           [0., 0.]],

          [[0., 0.],
           [0., 0.]]]],



        [[[[0., 0.],
           [0., 0.]],

          [[1., 1.],
           [1., 1.]]],


         [[[1., 1.],
           [1., 1.]],

          [[0., 0.],
           [0., 0.]]]],



        [[[[0., 0.],
           [0., 0.]],

          [[0., 0.],
           [0., 0.]]],


         [[[0., 0.],
           [0., 0.]],

          [[1., 1.],
           [0., 0.]]]],



        [[[[0., 0.],
           [0., 0.]],

          [[0., 0.],
           [0., 0.]]],


         [[[0., 0.],
           [0., 0.]],

          [[0., 0.],
           [1., 1.]]]]])","tensor([[[[[0., 1.],
           [1., 0.]],

          [[0., 0.],
           [1., 1.]]],


         [[[1., 0.],
           [1., 1.]],

          [[0., 0.],
           [0., 0.]]]],



        [[[[1., 0.],
           [0., 1.]],

          [[1., 1.],
           [0., 0.]]],


         [[[0., 1.],
           [0., 0.]],

          [[0., 0.],
           [0., 0.]]]],



        [[[[0., 0.],
           [0., 0.]],

          [[0., 0.],
           [0., 0.]]],


         [[[0., 0.],
           [0., 0.]],

          [[0., 0.],
           [1., 0.]]]],



        [[[[0., 0.],
           [0., 0.]],

          [[0., 0.],
           [0., 0.]]],


         [[[0., 0.],
           [0., 0.]],

          [[1., 1.],
           [0., 1.]]]]])",0.99,0.5,0.6666666269302368,1000,1.0,pSAGD,cib_optimization/optimize_cib.py,wCIB+penalty,fsimoes,45345caa3f2538233a03cbc3e5b71daf91a5b4d3,"gamma=0.4--bxi=0.5,by=0.1,bs=0.5",LOCAL,CIB
6b2322f72a374f17832b75141c877219,805718296294777617,FINISHED,mlflow-artifacts:/805718296294777617/6b2322f72a374f17832b75141c877219/artifacts,2025-02-04 20:57:24.197000+00:00,2025-02-04 20:57:35.227000+00:00,1.2344979047775269,2.361815929412842,-0.0,1.0,-0.0,1.9727773666381836,5.150241851806641,1.75,2.1744009693670936,1.9772169589996338,1.0307155847549438,1.0307155847549438,1.9727792739868164,0.5990728139877319,0.4668910503387451,0.0,1.2344985008239746,0.4,0.1,0.5,100.0,1e-05,10.0,"tensor([[[[[1., 1.],
           [1., 1.]],

          [[0., 0.],
           [0., 0.]]],


         [[[0., 0.],
           [0., 0.]],

          [[0., 0.],
           [0., 0.]]]],



        [[[[0., 0.],
           [0., 0.]],

          [[1., 1.],
           [1., 1.]]],


         [[[1., 1.],
           [1., 1.]],

          [[0., 0.],
           [0., 0.]]]],



        [[[[0., 0.],
           [0., 0.]],

          [[0., 0.],
           [0., 0.]]],


         [[[0., 0.],
           [0., 0.]],

          [[1., 1.],
           [0., 0.]]]],



        [[[[0., 0.],
           [0., 0.]],

          [[0., 0.],
           [0., 0.]]],


         [[[0., 0.],
           [0., 0.]],

          [[0., 0.],
           [1., 1.]]]]])","tensor([[[[[0.0000, 0.0000],
           [0.0000, 0.0000]],

          [[0.6000, 0.0000],
           [0.7300, 0.6000]]],


         [[[0.7300, 0.0000],
           [0.0000, 0.5500]],

          [[1.0000, 1.0000],
           [0.0000, 0.0000]]]],



        [[[[0.5400, 0.0000],
           [0.2400, 0.5400]],

          [[0.0000, 0.3600],
           [0.2700, 0.0000]]],


         [[[0.2700, 0.3600],
           [0.3600, 0.1000]],

          [[0.0000, 0.0000],
           [0.0000, 0.0000]]]],



        [[[[0.4600, 0.2000],
           [0.0000, 0.4600]],

          [[0.0000, 0.0300],
           [0.0000, 0.0000]]],


         [[[0.0000, 0.0300],
           [0.0300, 0.0000]],

          [[0.0000, 0.0000],
           [1.0000, 1.0000]]]],



        [[[[0.0000, 0.8000],
           [0.7600, 0.0000]],

          [[0.4000, 0.6200],
           [0.0000, 0.4000]]],


         [[[0.0000, 0.6200],
           [0.6200, 0.3500]],

          [[0.0000, 0.0000],
           [0.0000, 0.0000]]]]])",0.99,0.5,0.6666666269302368,1000,1.0,pSAGD,cib_optimization/optimize_cib.py,wCIB+penalty,fsimoes,45345caa3f2538233a03cbc3e5b71daf91a5b4d3,"gamma=0.4--bxi=0.5,by=0.1,bs=0.5",LOCAL,CIB
2656ed160f4e4b3294b035e332fa3644,805718296294777617,FINISHED,mlflow-artifacts:/805718296294777617/2656ed160f4e4b3294b035e332fa3644/artifacts,2025-02-04 20:56:40.945000+00:00,2025-02-04 20:57:21.415000+00:00,1.2344979047775269,2.361815929412842,0.125,0.0,-0.0,1.5274134874343872,5.487951755523682,1.75,1.2012049710603891,1.5487949848175049,0.5205161571502686,0.5205161571502686,1.5274137258529663,0.5990728139877319,-0.18949878215789795,0.0,1.2344985008239746,0.4,0.1,0.5,100.0,1e-05,10.0,"tensor([[[[[1., 1.],
           [1., 1.]],

          [[0., 0.],
           [0., 0.]]],


         [[[0., 0.],
           [0., 0.]],

          [[0., 0.],
           [0., 0.]]]],



        [[[[0., 0.],
           [0., 0.]],

          [[1., 1.],
           [1., 1.]]],


         [[[1., 1.],
           [1., 1.]],

          [[0., 0.],
           [0., 0.]]]],



        [[[[0., 0.],
           [0., 0.]],

          [[0., 0.],
           [0., 0.]]],


         [[[0., 0.],
           [0., 0.]],

          [[1., 1.],
           [0., 0.]]]],



        [[[[0., 0.],
           [0., 0.]],

          [[0., 0.],
           [0., 0.]]],


         [[[0., 0.],
           [0., 0.]],

          [[0., 0.],
           [1., 1.]]]]])","tensor([[[[[0.0000, 1.0000],
           [1.0000, 0.0000]],

          [[1.0000, 1.0000],
           [1.0000, 1.0000]]],


         [[[1.0000, 1.0000],
           [1.0000, 1.0000]],

          [[0.0000, 0.0000],
           [0.0000, 0.0000]]]],



        [[[[0.0000, 0.0000],
           [0.0000, 0.0000]],

          [[0.0000, 0.0000],
           [0.0000, 0.0000]]],


         [[[0.0000, 0.0000],
           [0.0000, 0.0000]],

          [[0.0000, 1.0000],
           [0.5000, 0.5000]]]],



        [[[[1.0000, 0.0000],
           [0.0000, 1.0000]],

          [[0.0000, 0.0000],
           [0.0000, 0.0000]]],


         [[[0.0000, 0.0000],
           [0.0000, 0.0000]],

          [[0.0000, 0.0000],
           [0.0000, 0.0000]]]],



        [[[[0.0000, 0.0000],
           [0.0000, 0.0000]],

          [[0.0000, 0.0000],
           [0.0000, 0.0000]]],


         [[[0.0000, 0.0000],
           [0.0000, 0.0000]],

          [[1.0000, 0.0000],
           [0.5000, 0.5000]]]]], grad_fn=<RoundBackward1>)",0.99,0.5,0.6666666269302368,1000,1.0,pSAGD,cib_optimization/optimize_cib.py,wCIB+penalty,fsimoes,45345caa3f2538233a03cbc3e5b71daf91a5b4d3,"gamma=0.4--bxi=0.5,by=0.1,bs=0.5",LOCAL,CIB
b1bafd73aa2a4282ade8bdf4f3799ebc,805718296294777617,FINISHED,mlflow-artifacts:/805718296294777617/b1bafd73aa2a4282ade8bdf4f3799ebc/artifacts,2025-02-04 20:56:13.424000+00:00,2025-02-04 20:56:38.142000+00:00,1.2344979047775269,2.361815929412842,0.8774304389953613,1.0,-0.0,2.2429776191711426,4.44289493560791,1.75,3.28765919228408,1.9423660039901733,0.591427206993103,0.591427206993103,2.242980480194092,0.5990728139877319,-0.015352129936218262,0.0,1.2344985008239746,0.4,0.1,0.5,10.0,1e-05,10.0,"tensor([[[[[1., 1.],
           [1., 1.]],

          [[0., 0.],
           [0., 0.]]],


         [[[0., 0.],
           [0., 0.]],

          [[0., 0.],
           [0., 0.]]]],



        [[[[0., 0.],
           [0., 0.]],

          [[1., 1.],
           [1., 1.]]],


         [[[1., 1.],
           [1., 1.]],

          [[0., 0.],
           [0., 0.]]]],



        [[[[0., 0.],
           [0., 0.]],

          [[0., 0.],
           [0., 0.]]],


         [[[0., 0.],
           [0., 0.]],

          [[1., 1.],
           [0., 0.]]]],



        [[[[0., 0.],
           [0., 0.]],

          [[0., 0.],
           [0., 0.]]],


         [[[0., 0.],
           [0., 0.]],

          [[0., 0.],
           [1., 1.]]]]])","tensor([[[[[0.0000, 0.0000],
           [0.0000, 0.0000]],

          [[0.0000, 0.6000],
           [0.0000, 0.0000]]],


         [[[0.4300, 0.4300],
           [0.0000, 0.0000]],

          [[0.0000, 1.0000],
           [0.5300, 0.0000]]]],



        [[[[0.1300, 0.1900],
           [0.1900, 0.1300]],

          [[0.0000, 0.0000],
           [0.5400, 0.3000]]],


         [[[0.3200, 0.3200],
           [0.0000, 0.5400]],

          [[0.4900, 0.0000],
           [0.4700, 0.0000]]]],



        [[[[0.8700, 0.0000],
           [0.0000, 0.8700]],

          [[0.6300, 0.0000],
           [0.0000, 0.4700]]],


         [[[0.0000, 0.0000],
           [0.0000, 0.0000]],

          [[0.0000, 0.0000],
           [0.0000, 0.5400]]]],



        [[[[0.0000, 0.8100],
           [0.8100, 0.0000]],

          [[0.3700, 0.4000],
           [0.4600, 0.2200]]],


         [[[0.2400, 0.2400],
           [1.0000, 0.4600]],

          [[0.5100, 0.0000],
           [0.0000, 0.4600]]]]])",0.99,0.5,0.6666666269302368,1000,1.0,pSAGD,cib_optimization/optimize_cib.py,wCIB+penalty,fsimoes,45345caa3f2538233a03cbc3e5b71daf91a5b4d3,"gamma=0.4--bxi=0.5,by=0.1,bs=0.5",LOCAL,CIB
9b65f94d5e9241e5a683f4711e5c2c70,805718296294777617,FINISHED,mlflow-artifacts:/805718296294777617/9b65f94d5e9241e5a683f4711e5c2c70/artifacts,2025-02-04 20:55:49.354000+00:00,2025-02-04 20:56:10.649000+00:00,1.2344979047775269,2.361815929412842,0.9038988947868347,1.0,-0.0,2.267080307006836,4.225768566131592,1.75,3.111443658116692,1.8517425060272217,0.5308130979537964,0.5308130979537964,2.267083168029785,0.5990728139877319,-0.0315704345703125,0.0,1.2344985008239746,0.4,0.1,0.5,10.0,1e-05,10.0,"tensor([[[[[1., 1.],
           [1., 1.]],

          [[0., 0.],
           [0., 0.]]],


         [[[0., 0.],
           [0., 0.]],

          [[0., 0.],
           [0., 0.]]]],



        [[[[0., 0.],
           [0., 0.]],

          [[1., 1.],
           [1., 1.]]],


         [[[1., 1.],
           [1., 1.]],

          [[0., 0.],
           [0., 0.]]]],



        [[[[0., 0.],
           [0., 0.]],

          [[0., 0.],
           [0., 0.]]],


         [[[0., 0.],
           [0., 0.]],

          [[1., 1.],
           [0., 0.]]]],



        [[[[0., 0.],
           [0., 0.]],

          [[0., 0.],
           [0., 0.]]],


         [[[0., 0.],
           [0., 0.]],

          [[0., 0.],
           [1., 1.]]]]])","tensor([[[[[0.0000, 0.5500],
           [0.0000, 0.5500]],

          [[0.0000, 0.0000],
           [0.0000, 0.0000]]],


         [[[0.0000, 0.0000],
           [0.0000, 0.0000]],

          [[0.5600, 0.0000],
           [0.0000, 0.0000]]]],



        [[[[0.4500, 0.4500],
           [0.0000, 0.4500]],

          [[0.4500, 0.0000],
           [0.0000, 0.4200]]],


         [[[0.4200, 0.4200],
           [0.4500, 0.4500]],

          [[0.0000, 0.3200],
           [0.4700, 0.4700]]]],



        [[[[0.0000, 0.0000],
           [0.5200, 0.0000]],

          [[0.0000, 0.0000],
           [0.0000, 0.5800]]],


         [[[0.5800, 0.5800],
           [0.0000, 0.0000]],

          [[0.4400, 0.3300],
           [0.0000, 0.0000]]]],



        [[[[0.5500, 0.0000],
           [0.4800, 0.0000]],

          [[0.5500, 1.0000],
           [1.0000, 0.0000]]],


         [[[0.0000, 0.0000],
           [0.5500, 0.5500]],

          [[0.0000, 0.3500],
           [0.5300, 0.5300]]]]])",0.99,0.5,0.6666666269302368,1000,1.0,pSAGD,cib_optimization/optimize_cib.py,wCIB+penalty,fsimoes,45345caa3f2538233a03cbc3e5b71daf91a5b4d3,"gamma=0.4--bxi=0.5,by=0.1,bs=0.5",LOCAL,CIB
128a0e2863c14eb3a5ef7a0dd9faae5f,805718296294777617,FINISHED,mlflow-artifacts:/805718296294777617/128a0e2863c14eb3a5ef7a0dd9faae5f/artifacts,2025-02-04 20:55:16.419000+00:00,2025-02-04 20:55:46.395000+00:00,1.2344979047775269,2.361815929412842,0.8810240626335144,1.0,-0.0,2.2994067668914795,4.213311672210693,1.75,3.312102828745183,1.9685554504394531,0.627556562423706,0.627556562423706,2.299410343170166,0.5990728139877319,0.08134466409683228,0.0,1.2344985008239746,0.4,0.1,0.5,10.0,1e-05,10.0,"tensor([[[[[1., 1.],
           [1., 1.]],

          [[0., 0.],
           [0., 0.]]],


         [[[0., 0.],
           [0., 0.]],

          [[0., 0.],
           [0., 0.]]]],



        [[[[0., 0.],
           [0., 0.]],

          [[1., 1.],
           [1., 1.]]],


         [[[1., 1.],
           [1., 1.]],

          [[0., 0.],
           [0., 0.]]]],



        [[[[0., 0.],
           [0., 0.]],

          [[0., 0.],
           [0., 0.]]],


         [[[0., 0.],
           [0., 0.]],

          [[1., 1.],
           [0., 0.]]]],



        [[[[0., 0.],
           [0., 0.]],

          [[0., 0.],
           [0., 0.]]],


         [[[0., 0.],
           [0., 0.]],

          [[0., 0.],
           [1., 1.]]]]])","tensor([[[[[0.5000, 0.0000],
           [0.0000, 0.5000]],

          [[0.4900, 0.3100],
           [0.4900, 0.4600]]],


         [[[0.0000, 0.4600],
           [1.0000, 0.0000]],

          [[0.3400, 0.0000],
           [0.4600, 0.4600]]]],



        [[[[0.0000, 0.5100],
           [0.0000, 0.5000]],

          [[0.5100, 0.3300],
           [0.5100, 0.0000]]],


         [[[1.0000, 0.0000],
           [0.0000, 0.3000]],

          [[0.2600, 0.4200],
           [0.0000, 0.0000]]]],



        [[[[0.5000, 0.4900],
           [0.4700, 0.0000]],

          [[0.0000, 0.3600],
           [0.0000, 0.0000]]],


         [[[0.0000, 0.0000],
           [0.0000, 0.3300]],

          [[0.0000, 0.5800],
           [0.5400, 0.5400]]]],



        [[[[0.0000, 0.0000],
           [0.5300, 0.0000]],

          [[0.0000, 0.0000],
           [0.0000, 0.5400]]],


         [[[0.0000, 0.5400],
           [0.0000, 0.3600]],

          [[0.4100, 0.0000],
           [0.0000, 0.0000]]]]])",0.99,0.5,0.6666666269302368,1000,1.0,pSAGD,cib_optimization/optimize_cib.py,wCIB+penalty,fsimoes,45345caa3f2538233a03cbc3e5b71daf91a5b4d3,"gamma=0.4--bxi=0.5,by=0.1,bs=0.5",LOCAL,CIB
61ab92d8bfd5453999cb75d6b5e9f6b1,805718296294777617,FINISHED,mlflow-artifacts:/805718296294777617/61ab92d8bfd5453999cb75d6b5e9f6b1/artifacts,2025-02-04 20:54:46.092000+00:00,2025-02-04 20:55:13.610000+00:00,1.2344979047775269,2.361815929412842,1.9918423891067505,1.0,-0.0,2.361812114715576,9.882424819807056e-06,1.75,3.74190260533617,1.99184250831604,-2.384185648907078e-08,-2.384185648907078e-08,2.3618156909942627,0.5990728139877319,-2.384185648907078e-08,0.0,1.2344985008239746,0.4,0.1,0.5,1.0,1e-05,10.0,"tensor([[[[[1., 1.],
           [1., 1.]],

          [[0., 0.],
           [0., 0.]]],


         [[[0., 0.],
           [0., 0.]],

          [[0., 0.],
           [0., 0.]]]],



        [[[[0., 0.],
           [0., 0.]],

          [[1., 1.],
           [1., 1.]]],


         [[[1., 1.],
           [1., 1.]],

          [[0., 0.],
           [0., 0.]]]],



        [[[[0., 0.],
           [0., 0.]],

          [[0., 0.],
           [0., 0.]]],


         [[[0., 0.],
           [0., 0.]],

          [[1., 1.],
           [0., 0.]]]],



        [[[[0., 0.],
           [0., 0.]],

          [[0., 0.],
           [0., 0.]]],


         [[[0., 0.],
           [0., 0.]],

          [[0., 0.],
           [1., 1.]]]]])","tensor([[[[[0.2200, 0.2200],
           [0.2200, 0.2200]],

          [[0.2200, 0.2200],
           [0.2200, 0.2200]]],


         [[[0.2200, 0.2200],
           [0.2200, 0.2200]],

          [[0.2200, 0.2200],
           [0.2200, 0.2200]]]],



        [[[[0.2200, 0.2200],
           [0.2200, 0.2200]],

          [[0.2200, 0.2200],
           [0.2200, 0.2200]]],


         [[[0.2200, 0.2200],
           [0.2200, 0.2200]],

          [[0.2200, 0.2200],
           [0.2200, 0.2200]]]],



        [[[[0.2900, 0.2900],
           [0.2900, 0.2900]],

          [[0.2900, 0.2900],
           [0.2900, 0.2900]]],


         [[[0.2900, 0.2900],
           [0.2900, 0.2900]],

          [[0.2900, 0.2900],
           [0.2900, 0.2900]]]],



        [[[[0.2600, 0.2600],
           [0.2600, 0.2600]],

          [[0.2600, 0.2600],
           [0.2600, 0.2600]]],


         [[[0.2600, 0.2600],
           [0.2600, 0.2600]],

          [[0.2600, 0.2600],
           [0.2600, 0.2600]]]]], grad_fn=<RoundBackward1>)",0.99,0.5,0.6666666269302368,1000,1.0,pSAGD,cib_optimization/optimize_cib.py,wCIB+penalty,fsimoes,45345caa3f2538233a03cbc3e5b71daf91a5b4d3,"gamma=0.4--bxi=0.5,by=0.1,bs=0.5",LOCAL,CIB
48eb65d69ad34ef2ba9b0ac45bdb2fd0,805718296294777617,FINISHED,mlflow-artifacts:/805718296294777617/48eb65d69ad34ef2ba9b0ac45bdb2fd0/artifacts,2025-02-04 20:54:13.618000+00:00,2025-02-04 20:54:43.314000+00:00,1.2344979047775269,2.361815929412842,1.9891767501831055,1.0,-0.0,2.3618123531341553,9.573390343575738e-06,1.75,3.7390621938216917,1.9891767501831055,0.0,0.0,2.361815929412842,0.5990728139877319,2.384185791015625e-07,0.0,1.2344985008239746,0.4,0.1,0.5,1.0,1e-05,10.0,"tensor([[[[[1., 1.],
           [1., 1.]],

          [[0., 0.],
           [0., 0.]]],


         [[[0., 0.],
           [0., 0.]],

          [[0., 0.],
           [0., 0.]]]],



        [[[[0., 0.],
           [0., 0.]],

          [[1., 1.],
           [1., 1.]]],


         [[[1., 1.],
           [1., 1.]],

          [[0., 0.],
           [0., 0.]]]],



        [[[[0., 0.],
           [0., 0.]],

          [[0., 0.],
           [0., 0.]]],


         [[[0., 0.],
           [0., 0.]],

          [[1., 1.],
           [0., 0.]]]],



        [[[[0., 0.],
           [0., 0.]],

          [[0., 0.],
           [0., 0.]]],


         [[[0., 0.],
           [0., 0.]],

          [[0., 0.],
           [1., 1.]]]]])","tensor([[[[[0.2600, 0.2600],
           [0.2600, 0.2600]],

          [[0.2600, 0.2600],
           [0.2600, 0.2600]]],


         [[[0.2600, 0.2600],
           [0.2600, 0.2600]],

          [[0.2600, 0.2600],
           [0.2600, 0.2600]]]],



        [[[[0.2900, 0.2900],
           [0.2900, 0.2900]],

          [[0.2900, 0.2900],
           [0.2900, 0.2900]]],


         [[[0.2900, 0.2900],
           [0.2900, 0.2900]],

          [[0.2900, 0.2900],
           [0.2900, 0.2900]]]],



        [[[[0.2200, 0.2200],
           [0.2200, 0.2200]],

          [[0.2200, 0.2200],
           [0.2200, 0.2200]]],


         [[[0.2200, 0.2200],
           [0.2200, 0.2200]],

          [[0.2200, 0.2200],
           [0.2200, 0.2200]]]],



        [[[[0.2300, 0.2300],
           [0.2300, 0.2300]],

          [[0.2300, 0.2300],
           [0.2300, 0.2300]]],


         [[[0.2300, 0.2300],
           [0.2300, 0.2300]],

          [[0.2300, 0.2300],
           [0.2300, 0.2300]]]]], grad_fn=<RoundBackward1>)",0.99,0.5,0.6666666269302368,1000,1.0,pSAGD,cib_optimization/optimize_cib.py,wCIB+penalty,fsimoes,45345caa3f2538233a03cbc3e5b71daf91a5b4d3,"gamma=0.4--bxi=0.5,by=0.1,bs=0.5",LOCAL,CIB
ca6a6a65e639447b84a43d527a4b7d68,805718296294777617,FINISHED,mlflow-artifacts:/805718296294777617/ca6a6a65e639447b84a43d527a4b7d68/artifacts,2025-02-04 20:53:40.848000+00:00,2025-02-04 20:54:10.842000+00:00,1.2344979047775269,2.361815929412842,1.9892158508300781,1.0,-0.0,2.361812114715576,9.508014954917599e-06,1.75,3.739394945506092,1.9892159700393677,-2.384185648907078e-08,-2.384185648907078e-08,2.3618156909942627,0.5990728139877319,2.1457672261249172e-07,0.0,1.2344985008239746,0.4,0.1,0.5,1.0,1e-05,10.0,"tensor([[[[[1., 1.],
           [1., 1.]],

          [[0., 0.],
           [0., 0.]]],


         [[[0., 0.],
           [0., 0.]],

          [[0., 0.],
           [0., 0.]]]],



        [[[[0., 0.],
           [0., 0.]],

          [[1., 1.],
           [1., 1.]]],


         [[[1., 1.],
           [1., 1.]],

          [[0., 0.],
           [0., 0.]]]],



        [[[[0., 0.],
           [0., 0.]],

          [[0., 0.],
           [0., 0.]]],


         [[[0., 0.],
           [0., 0.]],

          [[1., 1.],
           [0., 0.]]]],



        [[[[0., 0.],
           [0., 0.]],

          [[0., 0.],
           [0., 0.]]],


         [[[0., 0.],
           [0., 0.]],

          [[0., 0.],
           [1., 1.]]]]])","tensor([[[[[0.2100, 0.2100],
           [0.2100, 0.2100]],

          [[0.2100, 0.2100],
           [0.2100, 0.2100]]],


         [[[0.2100, 0.2100],
           [0.2100, 0.2100]],

          [[0.2100, 0.2100],
           [0.2100, 0.2100]]]],



        [[[[0.2700, 0.2700],
           [0.2700, 0.2700]],

          [[0.2700, 0.2700],
           [0.2700, 0.2700]]],


         [[[0.2700, 0.2700],
           [0.2700, 0.2700]],

          [[0.2700, 0.2700],
           [0.2700, 0.2700]]]],



        [[[[0.2900, 0.2900],
           [0.2900, 0.2900]],

          [[0.2900, 0.2900],
           [0.2900, 0.2900]]],


         [[[0.2900, 0.2900],
           [0.2900, 0.2900]],

          [[0.2900, 0.2900],
           [0.2900, 0.2900]]]],



        [[[[0.2300, 0.2300],
           [0.2300, 0.2300]],

          [[0.2300, 0.2300],
           [0.2300, 0.2300]]],


         [[[0.2300, 0.2300],
           [0.2300, 0.2300]],

          [[0.2300, 0.2300],
           [0.2300, 0.2300]]]]], grad_fn=<RoundBackward1>)",0.99,0.5,0.6666666269302368,1000,1.0,pSAGD,cib_optimization/optimize_cib.py,wCIB+penalty,fsimoes,45345caa3f2538233a03cbc3e5b71daf91a5b4d3,"gamma=0.4--bxi=0.5,by=0.1,bs=0.5",LOCAL,CIB
2e6e8e35ec85473f8a510cd5f21a3917,805718296294777617,FINISHED,mlflow-artifacts:/805718296294777617/2e6e8e35ec85473f8a510cd5f21a3917/artifacts,2025-02-04 20:53:20.045000+00:00,2025-02-04 20:53:38.071000+00:00,1.2344979047775269,2.361815929412842,-0.0,1.0,-0.0,1.7692267894744873,5.656854152679443,1.75,1.7153026069572768,1.5016144514083862,1.0827738046646118,1.0827738046646118,1.7692272663116455,1.1745363473892212,-0.20204997062683105,0.0,1.2344985008239746,0.2,0.1,0.5,10000.0,1e-05,10.0,"tensor([[[[[1., 1.],
           [1., 1.]],

          [[0., 0.],
           [0., 0.]]],


         [[[0., 0.],
           [0., 0.]],

          [[0., 0.],
           [0., 0.]]]],



        [[[[0., 0.],
           [0., 0.]],

          [[1., 1.],
           [1., 1.]]],


         [[[1., 1.],
           [1., 1.]],

          [[0., 0.],
           [0., 0.]]]],



        [[[[0., 0.],
           [0., 0.]],

          [[0., 0.],
           [0., 0.]]],


         [[[0., 0.],
           [0., 0.]],

          [[1., 1.],
           [0., 0.]]]],



        [[[[0., 0.],
           [0., 0.]],

          [[0., 0.],
           [0., 0.]]],


         [[[0., 0.],
           [0., 0.]],

          [[0., 0.],
           [1., 1.]]]]])","tensor([[[[[0., 0.],
           [0., 0.]],

          [[0., 0.],
           [0., 0.]]],


         [[[0., 1.],
           [0., 1.]],

          [[0., 0.],
           [0., 0.]]]],



        [[[[0., 0.],
           [0., 0.]],

          [[0., 0.],
           [0., 0.]]],


         [[[0., 0.],
           [0., 0.]],

          [[1., 1.],
           [0., 1.]]]],



        [[[[1., 1.],
           [1., 0.]],

          [[1., 1.],
           [1., 1.]]],


         [[[1., 0.],
           [1., 0.]],

          [[0., 0.],
           [1., 0.]]]],



        [[[[0., 0.],
           [0., 1.]],

          [[0., 0.],
           [0., 0.]]],


         [[[0., 0.],
           [0., 0.]],

          [[0., 0.],
           [0., 0.]]]]])",0.99,0.5,0.25,1000,1.0,pSAGD,cib_optimization/optimize_cib.py,wCIB+penalty,fsimoes,45345caa3f2538233a03cbc3e5b71daf91a5b4d3,"gamma=0.2--bxi=0.5,by=0.1,bs=0.5",LOCAL,CIB
a77f312ef0da47c4ab9c386c18490124,805718296294777617,FINISHED,mlflow-artifacts:/805718296294777617/a77f312ef0da47c4ab9c386c18490124/artifacts,2025-02-04 20:52:55.587000+00:00,2025-02-04 20:53:16.990000+00:00,1.2344979047775269,2.361815929412842,-0.0,1.0,-0.0,1.9575529098510742,5.656854152679443,1.75,2.213119275871848,1.4913146495819092,1.1121991872787476,1.1121991872787476,1.9575533866882324,1.1745363473892212,-0.0334928035736084,0.0,1.2344985008239746,0.2,0.1,0.5,10000.0,1e-05,10.0,"tensor([[[[[1., 1.],
           [1., 1.]],

          [[0., 0.],
           [0., 0.]]],


         [[[0., 0.],
           [0., 0.]],

          [[0., 0.],
           [0., 0.]]]],



        [[[[0., 0.],
           [0., 0.]],

          [[1., 1.],
           [1., 1.]]],


         [[[1., 1.],
           [1., 1.]],

          [[0., 0.],
           [0., 0.]]]],



        [[[[0., 0.],
           [0., 0.]],

          [[0., 0.],
           [0., 0.]]],


         [[[0., 0.],
           [0., 0.]],

          [[1., 1.],
           [0., 0.]]]],



        [[[[0., 0.],
           [0., 0.]],

          [[0., 0.],
           [0., 0.]]],


         [[[0., 0.],
           [0., 0.]],

          [[0., 0.],
           [1., 1.]]]]])","tensor([[[[[0., 0.],
           [1., 1.]],

          [[1., 1.],
           [1., 0.]]],


         [[[1., 0.],
           [1., 0.]],

          [[1., 0.],
           [0., 1.]]]],



        [[[[0., 0.],
           [0., 0.]],

          [[0., 0.],
           [0., 0.]]],


         [[[0., 0.],
           [0., 0.]],

          [[0., 1.],
           [0., 0.]]]],



        [[[[1., 1.],
           [0., 0.]],

          [[0., 0.],
           [0., 1.]]],


         [[[0., 1.],
           [0., 1.]],

          [[0., 0.],
           [0., 0.]]]],



        [[[[0., 0.],
           [0., 0.]],

          [[0., 0.],
           [0., 0.]]],


         [[[0., 0.],
           [0., 0.]],

          [[0., 0.],
           [1., 0.]]]]])",0.99,0.5,0.25,1000,1.0,pSAGD,cib_optimization/optimize_cib.py,wCIB+penalty,fsimoes,45345caa3f2538233a03cbc3e5b71daf91a5b4d3,"gamma=0.2--bxi=0.5,by=0.1,bs=0.5",LOCAL,CIB
daed7d2899214736a5527831205e4531,805718296294777617,FINISHED,mlflow-artifacts:/805718296294777617/daed7d2899214736a5527831205e4531/artifacts,2025-02-04 20:52:33.621000+00:00,2025-02-04 20:52:52.511000+00:00,1.2344979047775269,2.361815929412842,-0.0,1.0,-0.0,1.9575529098510742,5.656854152679443,1.75,2.213119275871848,1.4913146495819092,1.1121991872787476,1.1121991872787476,1.9575533866882324,1.1745363473892212,-0.0334928035736084,0.0,1.2344985008239746,0.2,0.1,0.5,10000.0,1e-05,10.0,"tensor([[[[[1., 1.],
           [1., 1.]],

          [[0., 0.],
           [0., 0.]]],


         [[[0., 0.],
           [0., 0.]],

          [[0., 0.],
           [0., 0.]]]],



        [[[[0., 0.],
           [0., 0.]],

          [[1., 1.],
           [1., 1.]]],


         [[[1., 1.],
           [1., 1.]],

          [[0., 0.],
           [0., 0.]]]],



        [[[[0., 0.],
           [0., 0.]],

          [[0., 0.],
           [0., 0.]]],


         [[[0., 0.],
           [0., 0.]],

          [[1., 1.],
           [0., 0.]]]],



        [[[[0., 0.],
           [0., 0.]],

          [[0., 0.],
           [0., 0.]]],


         [[[0., 0.],
           [0., 0.]],

          [[0., 0.],
           [1., 1.]]]]])","tensor([[[[[0., 0.],
           [0., 0.]],

          [[0., 0.],
           [0., 0.]]],


         [[[0., 0.],
           [0., 0.]],

          [[0., 0.],
           [1., 0.]]]],



        [[[[0., 0.],
           [0., 0.]],

          [[0., 0.],
           [0., 0.]]],


         [[[0., 0.],
           [0., 0.]],

          [[1., 0.],
           [0., 0.]]]],



        [[[[0., 1.],
           [1., 0.]],

          [[1., 1.],
           [0., 1.]]],


         [[[1., 0.],
           [0., 1.]],

          [[0., 1.],
           [0., 1.]]]],



        [[[[1., 0.],
           [0., 1.]],

          [[0., 0.],
           [1., 0.]]],


         [[[0., 1.],
           [1., 0.]],

          [[0., 0.],
           [0., 0.]]]]])",0.99,0.5,0.25,1000,1.0,pSAGD,cib_optimization/optimize_cib.py,wCIB+penalty,fsimoes,45345caa3f2538233a03cbc3e5b71daf91a5b4d3,"gamma=0.2--bxi=0.5,by=0.1,bs=0.5",LOCAL,CIB
ddca712ddd1a47c0a503548a429648cc,805718296294777617,FINISHED,mlflow-artifacts:/805718296294777617/ddca712ddd1a47c0a503548a429648cc/artifacts,2025-02-04 20:51:50.233000+00:00,2025-02-04 20:52:30.698000+00:00,1.2344979047775269,2.361815929412842,0.12537653744220734,0.0,-0.0,2.133463144302368,5.494156360626221,1.75,2.4773561944907536,1.584881067276001,1.1431968212127686,1.1431968212127686,2.133464813232422,1.1745363473892212,-0.05051541328430176,0.02126348204910755,1.2344985008239746,0.2,0.1,0.5,100.0,1e-05,10.0,"tensor([[[[[1., 1.],
           [1., 1.]],

          [[0., 0.],
           [0., 0.]]],


         [[[0., 0.],
           [0., 0.]],

          [[0., 0.],
           [0., 0.]]]],



        [[[[0., 0.],
           [0., 0.]],

          [[1., 1.],
           [1., 1.]]],


         [[[1., 1.],
           [1., 1.]],

          [[0., 0.],
           [0., 0.]]]],



        [[[[0., 0.],
           [0., 0.]],

          [[0., 0.],
           [0., 0.]]],


         [[[0., 0.],
           [0., 0.]],

          [[1., 1.],
           [0., 0.]]]],



        [[[[0., 0.],
           [0., 0.]],

          [[0., 0.],
           [0., 0.]]],


         [[[0., 0.],
           [0., 0.]],

          [[0., 0.],
           [1., 1.]]]]])","tensor([[[[[0.0000, 1.0000],
           [1.0000, 1.0000]],

          [[0.0000, 0.0000],
           [1.0000, 0.0000]]],


         [[[1.0000, 1.0000],
           [0.0000, 0.0000]],

          [[0.9400, 0.9400],
           [0.0000, 0.0800]]]],



        [[[[0.0000, 0.0000],
           [0.0000, 0.0000]],

          [[0.0000, 0.0000],
           [0.0000, 0.0000]]],


         [[[0.0000, 0.0000],
           [0.0000, 0.0000]],

          [[0.0000, 0.0000],
           [0.0000, 0.9200]]]],



        [[[[0.6500, 0.0000],
           [0.0000, 0.0000]],

          [[1.0000, 1.0000],
           [0.0000, 1.0000]]],


         [[[0.0000, 0.0000],
           [1.0000, 0.0000]],

          [[0.0000, 0.0000],
           [1.0000, 0.0000]]]],



        [[[[0.3500, 0.0000],
           [0.0000, 0.0000]],

          [[0.0000, 0.0000],
           [0.0000, 0.0000]]],


         [[[0.0000, 0.0000],
           [0.0000, 1.0000]],

          [[0.0600, 0.0600],
           [0.0000, 0.0000]]]]], grad_fn=<RoundBackward1>)",0.99,0.5,0.25,1000,1.0,pSAGD,cib_optimization/optimize_cib.py,wCIB+penalty,fsimoes,45345caa3f2538233a03cbc3e5b71daf91a5b4d3,"gamma=0.2--bxi=0.5,by=0.1,bs=0.5",LOCAL,CIB
25a8e9ed9c834711979615f7dbb2e8e3,805718296294777617,FINISHED,mlflow-artifacts:/805718296294777617/25a8e9ed9c834711979615f7dbb2e8e3/artifacts,2025-02-04 20:51:33.371000+00:00,2025-02-04 20:51:46.951000+00:00,1.2344979047775269,2.361815929412842,-0.0,1.0,-0.0,2.1763253211975098,4.883286476135254,1.75,3.306947088947031,1.9772169589996338,1.5446760654449463,1.5446760654449463,2.176328182220459,1.1745363473892212,0.9462656378746033,0.0,1.2344985008239746,0.2,0.1,0.5,100.0,1e-05,10.0,"tensor([[[[[1., 1.],
           [1., 1.]],

          [[0., 0.],
           [0., 0.]]],


         [[[0., 0.],
           [0., 0.]],

          [[0., 0.],
           [0., 0.]]]],



        [[[[0., 0.],
           [0., 0.]],

          [[1., 1.],
           [1., 1.]]],


         [[[1., 1.],
           [1., 1.]],

          [[0., 0.],
           [0., 0.]]]],



        [[[[0., 0.],
           [0., 0.]],

          [[0., 0.],
           [0., 0.]]],


         [[[0., 0.],
           [0., 0.]],

          [[1., 1.],
           [0., 0.]]]],



        [[[[0., 0.],
           [0., 0.]],

          [[0., 0.],
           [0., 0.]]],


         [[[0., 0.],
           [0., 0.]],

          [[0., 0.],
           [1., 1.]]]]])","tensor([[[[[0.0000, 0.4600],
           [0.6500, 0.6500]],

          [[0.3300, 0.0000],
           [0.4800, 0.4800]]],


         [[[0.2400, 0.4800],
           [0.4800, 0.0000]],

          [[0.5700, 0.0000],
           [0.3000, 0.3800]]]],



        [[[[0.7000, 0.5400],
           [0.0000, 0.0000]],

          [[0.0000, 0.3100],
           [0.4300, 0.4300]]],


         [[[0.1900, 0.4300],
           [0.4300, 0.3100]],

          [[0.1200, 0.2000],
           [0.0000, 0.5700]]]],



        [[[[0.0000, 0.0000],
           [0.0000, 0.0000]],

          [[0.6700, 0.6900],
           [0.0000, 0.0000]]],


         [[[0.5700, 0.0000],
           [0.0000, 0.6900]],

          [[0.3100, 0.3900],
           [0.7000, 0.0000]]]],



        [[[[0.3000, 0.0000],
           [0.3500, 0.3500]],

          [[0.0000, 0.0000],
           [0.0900, 0.0900]]],


         [[[0.0000, 0.0900],
           [0.0900, 0.0000]],

          [[0.0000, 0.4100],
           [0.0000, 0.0500]]]]])",0.99,0.5,0.25,1000,1.0,pSAGD,cib_optimization/optimize_cib.py,wCIB+penalty,fsimoes,45345caa3f2538233a03cbc3e5b71daf91a5b4d3,"gamma=0.2--bxi=0.5,by=0.1,bs=0.5",LOCAL,CIB
0c41ff8495ac4646bd1c78ba07c1cc27,805718296294777617,FINISHED,mlflow-artifacts:/805718296294777617/0c41ff8495ac4646bd1c78ba07c1cc27/artifacts,2025-02-04 20:50:50.347000+00:00,2025-02-04 20:51:30.551000+00:00,1.2344979047775269,2.361815929412842,0.07109573483467102,0.0,-0.0,2.0062453746795654,4.019071102142334,1.75,2.615269290763683,1.8850126266479492,1.3800199031829834,1.3800199031829834,2.0062475204467773,1.1745363473892212,-0.10865867137908936,0.0,1.2344985008239746,0.2,0.1,0.5,100.0,1e-05,10.0,"tensor([[[[[1., 1.],
           [1., 1.]],

          [[0., 0.],
           [0., 0.]]],


         [[[0., 0.],
           [0., 0.]],

          [[0., 0.],
           [0., 0.]]]],



        [[[[0., 0.],
           [0., 0.]],

          [[1., 1.],
           [1., 1.]]],


         [[[1., 1.],
           [1., 1.]],

          [[0., 0.],
           [0., 0.]]]],



        [[[[0., 0.],
           [0., 0.]],

          [[0., 0.],
           [0., 0.]]],


         [[[0., 0.],
           [0., 0.]],

          [[1., 1.],
           [0., 0.]]]],



        [[[[0., 0.],
           [0., 0.]],

          [[0., 0.],
           [0., 0.]]],


         [[[0., 0.],
           [0., 0.]],

          [[0., 0.],
           [1., 1.]]]]])","tensor([[[[[0.0000, 0.0000],
           [0.3200, 0.0000]],

          [[0.0000, 0.0000],
           [1.0000, 0.0000]]],


         [[[0.0000, 0.0000],
           [1.0000, 0.0000]],

          [[0.0000, 1.0000],
           [1.0000, 1.0000]]]],



        [[[[0.0000, 0.0000],
           [0.0000, 0.0000]],

          [[0.0000, 0.0000],
           [0.0000, 0.0000]]],


         [[[1.0000, 0.0000],
           [0.0000, 0.9600]],

          [[0.0000, 0.0000],
           [0.0000, 0.0000]]]],



        [[[[0.0000, 1.0000],
           [0.0000, 0.0000]],

          [[0.0000, 0.0000],
           [0.0000, 0.0000]]],


         [[[0.0000, 1.0000],
           [0.0000, 0.0400]],

          [[1.0000, 0.0000],
           [0.0000, 0.0000]]]],



        [[[[1.0000, 0.0000],
           [0.6800, 1.0000]],

          [[1.0000, 1.0000],
           [0.0000, 1.0000]]],


         [[[0.0000, 0.0000],
           [0.0000, 0.0000]],

          [[0.0000, 0.0000],
           [0.0000, 0.0000]]]]], grad_fn=<RoundBackward1>)",0.99,0.5,0.25,1000,1.0,pSAGD,cib_optimization/optimize_cib.py,wCIB+penalty,fsimoes,45345caa3f2538233a03cbc3e5b71daf91a5b4d3,"gamma=0.2--bxi=0.5,by=0.1,bs=0.5",LOCAL,CIB
c37191328e1c476db70944b2f9bf1eee,805718296294777617,FINISHED,mlflow-artifacts:/805718296294777617/c37191328e1c476db70944b2f9bf1eee/artifacts,2025-02-04 20:50:18.260000+00:00,2025-02-04 20:50:47.159000+00:00,1.2344979047775269,2.361815929412842,0.6969108581542969,1.0,-0.0,2.275606155395508,4.412271022796631,1.75,3.4722833081935542,1.882014513015747,0.9308415651321411,0.9308415651321411,2.275609016418457,1.1745363473892212,0.27551090717315674,0.0,1.2344985008239746,0.2,0.1,0.5,10.0,1e-05,10.0,"tensor([[[[[1., 1.],
           [1., 1.]],

          [[0., 0.],
           [0., 0.]]],


         [[[0., 0.],
           [0., 0.]],

          [[0., 0.],
           [0., 0.]]]],



        [[[[0., 0.],
           [0., 0.]],

          [[1., 1.],
           [1., 1.]]],


         [[[1., 1.],
           [1., 1.]],

          [[0., 0.],
           [0., 0.]]]],



        [[[[0., 0.],
           [0., 0.]],

          [[0., 0.],
           [0., 0.]]],


         [[[0., 0.],
           [0., 0.]],

          [[1., 1.],
           [0., 0.]]]],



        [[[[0., 0.],
           [0., 0.]],

          [[0., 0.],
           [0., 0.]]],


         [[[0., 0.],
           [0., 0.]],

          [[0., 0.],
           [1., 1.]]]]])","tensor([[[[[0.5400, 0.3000],
           [0.0000, 0.5400]],

          [[0.0000, 0.0000],
           [0.3600, 0.3600]]],


         [[[1.0000, 0.5500],
           [1.0000, 0.0000]],

          [[0.0000, 0.7600],
           [0.6700, 0.4300]]]],



        [[[[0.4600, 0.0000],
           [0.4500, 0.4600]],

          [[0.4200, 0.4400],
           [0.2600, 0.2600]]],


         [[[0.0000, 0.4500],
           [0.0000, 0.2400]],

          [[0.2300, 0.2400],
           [0.3300, 0.1000]]]],



        [[[[0.0000, 0.3700],
           [0.0000, 0.0000]],

          [[0.5800, 0.0000],
           [0.0000, 0.0000]]],


         [[[0.0000, 0.0000],
           [0.0000, 0.4000]],

          [[0.0000, 0.0000],
           [0.0000, 0.0000]]]],



        [[[[0.0000, 0.3300],
           [0.5500, 0.0000]],

          [[0.0000, 0.5600],
           [0.3800, 0.3800]]],


         [[[0.0000, 0.0000],
           [0.0000, 0.3600]],

          [[0.7700, 0.0000],
           [0.0000, 0.4800]]]]])",0.99,0.5,0.25,1000,1.0,pSAGD,cib_optimization/optimize_cib.py,wCIB+penalty,fsimoes,45345caa3f2538233a03cbc3e5b71daf91a5b4d3,"gamma=0.2--bxi=0.5,by=0.1,bs=0.5",LOCAL,CIB
487983016b9842ddbbaee7e26e705feb,805718296294777617,FINISHED,mlflow-artifacts:/805718296294777617/487983016b9842ddbbaee7e26e705feb/artifacts,2025-02-04 20:49:53.562000+00:00,2025-02-04 20:50:15.333000+00:00,1.2344979047775269,2.361815929412842,0.9546904563903809,1.0,-0.0,2.2304322719573975,4.191601753234863,1.75,3.1837836494626957,1.9659318923950195,0.7827169299125671,0.7827169299125671,2.2304348945617676,1.1745363473892212,0.02346503734588623,0.0,1.2344985008239746,0.2,0.1,0.5,10.0,1e-05,10.0,"tensor([[[[[1., 1.],
           [1., 1.]],

          [[0., 0.],
           [0., 0.]]],


         [[[0., 0.],
           [0., 0.]],

          [[0., 0.],
           [0., 0.]]]],



        [[[[0., 0.],
           [0., 0.]],

          [[1., 1.],
           [1., 1.]]],


         [[[1., 1.],
           [1., 1.]],

          [[0., 0.],
           [0., 0.]]]],



        [[[[0., 0.],
           [0., 0.]],

          [[0., 0.],
           [0., 0.]]],


         [[[0., 0.],
           [0., 0.]],

          [[1., 1.],
           [0., 0.]]]],



        [[[[0., 0.],
           [0., 0.]],

          [[0., 0.],
           [0., 0.]]],


         [[[0., 0.],
           [0., 0.]],

          [[0., 0.],
           [1., 1.]]]]])","tensor([[[[[0.3200, 0.0000],
           [0.4700, 0.3400]],

          [[0.0000, 0.0000],
           [0.5200, 0.0000]]],


         [[[0.0000, 0.0000],
           [0.2500, 0.5200]],

          [[0.2700, 0.2500],
           [0.3700, 1.0000]]]],



        [[[[0.3000, 0.5000],
           [0.0000, 0.3300]],

          [[1.0000, 0.0000],
           [0.0000, 0.5100]]],


         [[[0.3200, 0.5100],
           [0.2500, 0.0000]],

          [[0.7300, 0.0000],
           [0.6300, 0.0000]]]],



        [[[[0.0000, 0.5000],
           [0.0000, 0.3400]],

          [[0.0000, 1.0000],
           [0.4800, 0.4900]]],


         [[[0.3000, 0.4900],
           [0.2200, 0.4800]],

          [[0.0000, 0.0000],
           [0.0000, 0.0000]]]],



        [[[[0.3800, 0.0000],
           [0.5300, 0.0000]],

          [[0.0000, 0.0000],
           [0.0000, 0.0000]]],


         [[[0.3800, 0.0000],
           [0.2700, 0.0000]],

          [[0.0000, 0.7500],
           [0.0000, 0.0000]]]]])",0.99,0.5,0.25,1000,1.0,pSAGD,cib_optimization/optimize_cib.py,wCIB+penalty,fsimoes,45345caa3f2538233a03cbc3e5b71daf91a5b4d3,"gamma=0.2--bxi=0.5,by=0.1,bs=0.5",LOCAL,CIB
3c5a6017e49a479e9f3516e78d99759c,805718296294777617,FINISHED,mlflow-artifacts:/805718296294777617/3c5a6017e49a479e9f3516e78d99759c/artifacts,2025-02-04 20:49:27.823000+00:00,2025-02-04 20:49:50.767000+00:00,1.2344979047775269,2.361815929412842,1.0690408945083618,1.0,-0.0,2.2815070152282715,4.312290191650391,1.75,3.3831355086095813,1.981717586517334,0.7140801548957825,0.7140801548957825,2.2815098762512207,1.1745363473892212,-0.23085957765579224,0.0,1.2344985008239746,0.2,0.1,0.5,10.0,1e-05,10.0,"tensor([[[[[1., 1.],
           [1., 1.]],

          [[0., 0.],
           [0., 0.]]],


         [[[0., 0.],
           [0., 0.]],

          [[0., 0.],
           [0., 0.]]]],



        [[[[0., 0.],
           [0., 0.]],

          [[1., 1.],
           [1., 1.]]],


         [[[1., 1.],
           [1., 1.]],

          [[0., 0.],
           [0., 0.]]]],



        [[[[0., 0.],
           [0., 0.]],

          [[0., 0.],
           [0., 0.]]],


         [[[0., 0.],
           [0., 0.]],

          [[1., 1.],
           [0., 0.]]]],



        [[[[0., 0.],
           [0., 0.]],

          [[0., 0.],
           [0., 0.]]],


         [[[0., 0.],
           [0., 0.]],

          [[0., 0.],
           [1., 1.]]]]])","tensor([[[[[0.0000, 0.0000],
           [0.4600, 1.0000]],

          [[0.4500, 0.0000],
           [0.4800, 0.2900]]],


         [[[0.0000, 0.2900],
           [0.4400, 0.2900]],

          [[0.2400, 0.2500],
           [0.1200, 0.1200]]]],



        [[[[0.4900, 0.4900],
           [0.5400, 0.0000]],

          [[0.5500, 0.5400],
           [0.0000, 0.0000]]],


         [[[0.5400, 0.3900],
           [0.0000, 0.0000]],

          [[0.0000, 0.7500],
           [0.0000, 0.4800]]]],



        [[[[0.0000, 0.0000],
           [0.0000, 0.0000]],

          [[0.0000, 0.4600],
           [0.5200, 0.3200]]],


         [[[0.4600, 0.3200],
           [0.0000, 0.3200]],

          [[0.0000, 0.0000],
           [0.3900, 0.3900]]]],



        [[[[0.5100, 0.5100],
           [0.0000, 0.0000]],

          [[0.0000, 0.0000],
           [0.0000, 0.4000]]],


         [[[0.0000, 0.0000],
           [0.5600, 0.4000]],

          [[0.7600, 0.0000],
           [0.4900, 0.0000]]]]])",0.99,0.5,0.25,1000,1.0,pSAGD,cib_optimization/optimize_cib.py,wCIB+penalty,fsimoes,45345caa3f2538233a03cbc3e5b71daf91a5b4d3,"gamma=0.2--bxi=0.5,by=0.1,bs=0.5",LOCAL,CIB
9313986508024baf8139d97e47da659a,805718296294777617,FINISHED,mlflow-artifacts:/805718296294777617/9313986508024baf8139d97e47da659a/artifacts,2025-02-04 20:49:00.532000+00:00,2025-02-04 20:49:25.034000+00:00,1.2344979047775269,2.361815929412842,1.9769253730773926,1.0,-0.0,2.361812114715576,7.90903595770942e-06,1.75,3.72661134390332,1.9769253730773926,-4.7683716530855236e-08,-4.7683716530855236e-08,2.3618156909942627,1.1745363473892212,-1.430511495925657e-07,0.0,1.2344985008239746,0.2,0.1,0.5,1.0,1e-05,10.0,"tensor([[[[[1., 1.],
           [1., 1.]],

          [[0., 0.],
           [0., 0.]]],


         [[[0., 0.],
           [0., 0.]],

          [[0., 0.],
           [0., 0.]]]],



        [[[[0., 0.],
           [0., 0.]],

          [[1., 1.],
           [1., 1.]]],


         [[[1., 1.],
           [1., 1.]],

          [[0., 0.],
           [0., 0.]]]],



        [[[[0., 0.],
           [0., 0.]],

          [[0., 0.],
           [0., 0.]]],


         [[[0., 0.],
           [0., 0.]],

          [[1., 1.],
           [0., 0.]]]],



        [[[[0., 0.],
           [0., 0.]],

          [[0., 0.],
           [0., 0.]]],


         [[[0., 0.],
           [0., 0.]],

          [[0., 0.],
           [1., 1.]]]]])","tensor([[[[[0.2000, 0.2000],
           [0.2000, 0.2000]],

          [[0.2000, 0.2000],
           [0.2000, 0.2000]]],


         [[[0.2000, 0.2000],
           [0.2000, 0.2000]],

          [[0.2000, 0.2000],
           [0.2000, 0.2000]]]],



        [[[[0.2300, 0.2300],
           [0.2300, 0.2300]],

          [[0.2300, 0.2300],
           [0.2300, 0.2300]]],


         [[[0.2300, 0.2300],
           [0.2300, 0.2300]],

          [[0.2300, 0.2300],
           [0.2300, 0.2300]]]],



        [[[[0.2400, 0.2400],
           [0.2400, 0.2400]],

          [[0.2400, 0.2400],
           [0.2400, 0.2400]]],


         [[[0.2400, 0.2400],
           [0.2400, 0.2400]],

          [[0.2400, 0.2400],
           [0.2400, 0.2400]]]],



        [[[[0.3200, 0.3200],
           [0.3200, 0.3200]],

          [[0.3200, 0.3200],
           [0.3200, 0.3200]]],


         [[[0.3200, 0.3200],
           [0.3200, 0.3200]],

          [[0.3200, 0.3200],
           [0.3200, 0.3200]]]]], grad_fn=<RoundBackward1>)",0.99,0.5,0.25,1000,1.0,pSAGD,cib_optimization/optimize_cib.py,wCIB+penalty,fsimoes,45345caa3f2538233a03cbc3e5b71daf91a5b4d3,"gamma=0.2--bxi=0.5,by=0.1,bs=0.5",LOCAL,CIB
ba65eae70cf743418d8190ef34bccabd,805718296294777617,FINISHED,mlflow-artifacts:/805718296294777617/ba65eae70cf743418d8190ef34bccabd/artifacts,2025-02-04 20:48:32.713000+00:00,2025-02-04 20:48:57.661000+00:00,1.2344979047775269,2.361815929412842,1.9963146448135376,1.0,-0.0,2.361812114715576,9.19923149922397e-06,1.75,3.7463182548357916,1.9963144063949585,-2.384185791015625e-07,-2.384185791015625e-07,2.3618156909942627,1.1745363473892212,-9.536742595628311e-08,0.0,1.2344985008239746,0.2,0.1,0.5,1.0,1e-05,10.0,"tensor([[[[[1., 1.],
           [1., 1.]],

          [[0., 0.],
           [0., 0.]]],


         [[[0., 0.],
           [0., 0.]],

          [[0., 0.],
           [0., 0.]]]],



        [[[[0., 0.],
           [0., 0.]],

          [[1., 1.],
           [1., 1.]]],


         [[[1., 1.],
           [1., 1.]],

          [[0., 0.],
           [0., 0.]]]],



        [[[[0., 0.],
           [0., 0.]],

          [[0., 0.],
           [0., 0.]]],


         [[[0., 0.],
           [0., 0.]],

          [[1., 1.],
           [0., 0.]]]],



        [[[[0., 0.],
           [0., 0.]],

          [[0., 0.],
           [0., 0.]]],


         [[[0., 0.],
           [0., 0.]],

          [[0., 0.],
           [1., 1.]]]]])","tensor([[[[[0.2200, 0.2200],
           [0.2200, 0.2200]],

          [[0.2200, 0.2200],
           [0.2200, 0.2200]]],


         [[[0.2200, 0.2200],
           [0.2200, 0.2200]],

          [[0.2200, 0.2200],
           [0.2200, 0.2200]]]],



        [[[[0.2600, 0.2600],
           [0.2600, 0.2600]],

          [[0.2600, 0.2600],
           [0.2600, 0.2600]]],


         [[[0.2600, 0.2600],
           [0.2600, 0.2600]],

          [[0.2600, 0.2600],
           [0.2600, 0.2600]]]],



        [[[[0.2500, 0.2500],
           [0.2500, 0.2500]],

          [[0.2500, 0.2500],
           [0.2500, 0.2500]]],


         [[[0.2500, 0.2500],
           [0.2500, 0.2500]],

          [[0.2500, 0.2500],
           [0.2500, 0.2500]]]],



        [[[[0.2700, 0.2700],
           [0.2700, 0.2700]],

          [[0.2700, 0.2700],
           [0.2700, 0.2700]]],


         [[[0.2700, 0.2700],
           [0.2700, 0.2700]],

          [[0.2700, 0.2700],
           [0.2700, 0.2700]]]]], grad_fn=<RoundBackward1>)",0.99,0.5,0.25,1000,1.0,pSAGD,cib_optimization/optimize_cib.py,wCIB+penalty,fsimoes,45345caa3f2538233a03cbc3e5b71daf91a5b4d3,"gamma=0.2--bxi=0.5,by=0.1,bs=0.5",LOCAL,CIB
5bb24788b8714d7baa30372b1bfc0a6f,805718296294777617,FINISHED,mlflow-artifacts:/805718296294777617/5bb24788b8714d7baa30372b1bfc0a6f/artifacts,2025-02-04 20:48:03.908000+00:00,2025-02-04 20:48:29.930000+00:00,1.2344979047775269,2.361815929412842,1.9783141613006592,1.0,-0.0,2.3618123531341553,8.273405910586007e-06,1.75,3.7283201030083446,1.9783140420913696,-1.4305115314527939e-07,-1.4305115314527939e-07,2.3618156909942627,1.1745363473892212,-1.4305115314527939e-07,0.0,1.2344985008239746,0.2,0.1,0.5,1.0,1e-05,10.0,"tensor([[[[[1., 1.],
           [1., 1.]],

          [[0., 0.],
           [0., 0.]]],


         [[[0., 0.],
           [0., 0.]],

          [[0., 0.],
           [0., 0.]]]],



        [[[[0., 0.],
           [0., 0.]],

          [[1., 1.],
           [1., 1.]]],


         [[[1., 1.],
           [1., 1.]],

          [[0., 0.],
           [0., 0.]]]],



        [[[[0., 0.],
           [0., 0.]],

          [[0., 0.],
           [0., 0.]]],


         [[[0., 0.],
           [0., 0.]],

          [[1., 1.],
           [0., 0.]]]],



        [[[[0., 0.],
           [0., 0.]],

          [[0., 0.],
           [0., 0.]]],


         [[[0., 0.],
           [0., 0.]],

          [[0., 0.],
           [1., 1.]]]]])","tensor([[[[[0.2100, 0.2100],
           [0.2100, 0.2100]],

          [[0.2100, 0.2100],
           [0.2100, 0.2100]]],


         [[[0.2100, 0.2100],
           [0.2100, 0.2100]],

          [[0.2100, 0.2100],
           [0.2100, 0.2100]]]],



        [[[[0.2000, 0.2000],
           [0.2000, 0.2000]],

          [[0.2000, 0.2000],
           [0.2000, 0.2000]]],


         [[[0.2000, 0.2000],
           [0.2000, 0.2000]],

          [[0.2000, 0.2000],
           [0.2000, 0.2000]]]],



        [[[[0.3000, 0.3000],
           [0.3000, 0.3000]],

          [[0.3000, 0.3000],
           [0.3000, 0.3000]]],


         [[[0.3000, 0.3000],
           [0.3000, 0.3000]],

          [[0.3000, 0.3000],
           [0.3000, 0.3000]]]],



        [[[[0.2800, 0.2800],
           [0.2800, 0.2800]],

          [[0.2800, 0.2800],
           [0.2800, 0.2800]]],


         [[[0.2800, 0.2800],
           [0.2800, 0.2800]],

          [[0.2800, 0.2800],
           [0.2800, 0.2800]]]]], grad_fn=<RoundBackward1>)",0.99,0.5,0.25,1000,1.0,pSAGD,cib_optimization/optimize_cib.py,wCIB+penalty,fsimoes,45345caa3f2538233a03cbc3e5b71daf91a5b4d3,"gamma=0.2--bxi=0.5,by=0.1,bs=0.5",LOCAL,CIB
1e3b0a2207364cfd809d9f5fc9ff9c23,805718296294777617,FINISHED,mlflow-artifacts:/805718296294777617/1e3b0a2207364cfd809d9f5fc9ff9c23/artifacts,2025-02-04 20:47:20.763000+00:00,2025-02-04 20:48:00.972000+00:00,1.2344979047775269,2.361815929412842,0.8915317058563232,0.0,-0.0,2.293625831604004,4.6187849044799805,1.75,3.2627362042780588,1.8801740407943726,0.9886423349380493,0.9886423349380493,2.2936291694641113,1.75,-0.0001208186149597168,0.0,1.2344985008239746,0.0,0.1,0.5,10000.0,1e-05,10.0,"tensor([[[[[1., 1.],
           [1., 1.]],

          [[0., 0.],
           [0., 0.]]],


         [[[0., 0.],
           [0., 0.]],

          [[0., 0.],
           [0., 0.]]]],



        [[[[0., 0.],
           [0., 0.]],

          [[1., 1.],
           [1., 1.]]],


         [[[1., 1.],
           [1., 1.]],

          [[0., 0.],
           [0., 0.]]]],



        [[[[0., 0.],
           [0., 0.]],

          [[0., 0.],
           [0., 0.]]],


         [[[0., 0.],
           [0., 0.]],

          [[1., 1.],
           [0., 0.]]]],



        [[[[0., 0.],
           [0., 0.]],

          [[0., 0.],
           [0., 0.]]],


         [[[0., 0.],
           [0., 0.]],

          [[0., 0.],
           [1., 1.]]]]])","tensor([[[[[0.0000, 1.0000],
           [0.0000, 0.0000]],

          [[1.0000, 0.0000],
           [0.0000, 1.0000]]],


         [[[0.0000, 1.0000],
           [1.0000, 1.0000]],

          [[1.0000, 0.0000],
           [0.0000, 0.0000]]]],



        [[[[0.3300, 0.0000],
           [0.3300, 0.3300]],

          [[0.0000, 0.3300],
           [0.3300, 0.0000]]],


         [[[0.3300, 0.0000],
           [0.0000, 0.0000]],

          [[0.0000, 0.3300],
           [0.3300, 0.3300]]]],



        [[[[0.3300, 0.0000],
           [0.3300, 0.3300]],

          [[0.0000, 0.3300],
           [0.3300, 0.0000]]],


         [[[0.3300, 0.0000],
           [0.0000, 0.0000]],

          [[0.0000, 0.3300],
           [0.3300, 0.3300]]]],



        [[[[0.3300, 0.0000],
           [0.3300, 0.3300]],

          [[0.0000, 0.3300],
           [0.3300, 0.0000]]],


         [[[0.3300, 0.0000],
           [0.0000, 0.0000]],

          [[0.0000, 0.3300],
           [0.3300, 0.3300]]]]], grad_fn=<RoundBackward1>)",0.99,0.5,0.0,1000,1.0,pSAGD,cib_optimization/optimize_cib.py,wCIB+penalty,fsimoes,45345caa3f2538233a03cbc3e5b71daf91a5b4d3,"gamma=0.0--bxi=0.5,by=0.1,bs=0.5",LOCAL,CIB
6647a402d4f54ae794a1b215e910f88c,805718296294777617,FINISHED,mlflow-artifacts:/805718296294777617/6647a402d4f54ae794a1b215e910f88c/artifacts,2025-02-04 20:47:01.924000+00:00,2025-02-04 20:47:17.627000+00:00,1.2344979047775269,2.361815929412842,0.693413496017456,1.0,-0.0,2.296330690383911,4.618740081787109,1.75,3.2044104982532335,1.6820491552352905,0.9886356592178345,0.9886356592178345,2.2963333129882812,1.75,-6.371736526489258e-05,0.0,1.2344985008239746,0.0,0.1,0.5,10000.0,1e-05,10.0,"tensor([[[[[1., 1.],
           [1., 1.]],

          [[0., 0.],
           [0., 0.]]],


         [[[0., 0.],
           [0., 0.]],

          [[0., 0.],
           [0., 0.]]]],



        [[[[0., 0.],
           [0., 0.]],

          [[1., 1.],
           [1., 1.]]],


         [[[1., 1.],
           [1., 1.]],

          [[0., 0.],
           [0., 0.]]]],



        [[[[0., 0.],
           [0., 0.]],

          [[0., 0.],
           [0., 0.]]],


         [[[0., 0.],
           [0., 0.]],

          [[1., 1.],
           [0., 0.]]]],



        [[[[0., 0.],
           [0., 0.]],

          [[0., 0.],
           [0., 0.]]],


         [[[0., 0.],
           [0., 0.]],

          [[0., 0.],
           [1., 1.]]]]])","tensor([[[[[0.0000, 0.0000],
           [1.0000, 1.0000]],

          [[0.0000, 0.0000],
           [0.0000, 1.0000]]],


         [[[0.0000, 1.0000],
           [1.0000, 1.0000]],

          [[1.0000, 1.0000],
           [0.0000, 1.0000]]]],



        [[[[0.3300, 0.3300],
           [0.0000, 0.0000]],

          [[0.3300, 0.3300],
           [0.3300, 0.0000]]],


         [[[0.3300, 0.0000],
           [0.0000, 0.0000]],

          [[0.0000, 0.0000],
           [0.3300, 0.0000]]]],



        [[[[0.3300, 0.3300],
           [0.0000, 0.0000]],

          [[0.3300, 0.3300],
           [0.3300, 0.0000]]],


         [[[0.3300, 0.0000],
           [0.0000, 0.0000]],

          [[0.0000, 0.0000],
           [0.3300, 0.0000]]]],



        [[[[0.3300, 0.3300],
           [0.0000, 0.0000]],

          [[0.3300, 0.3300],
           [0.3300, 0.0000]]],


         [[[0.3300, 0.0000],
           [0.0000, 0.0000]],

          [[0.0000, 0.0000],
           [0.3300, 0.0000]]]]])",0.99,0.5,0.0,1000,1.0,pSAGD,cib_optimization/optimize_cib.py,wCIB+penalty,fsimoes,45345caa3f2538233a03cbc3e5b71daf91a5b4d3,"gamma=0.0--bxi=0.5,by=0.1,bs=0.5",LOCAL,CIB
a8bb5fbf1a6742ce8bb73cd33c220eb0,805718296294777617,FINISHED,mlflow-artifacts:/805718296294777617/a8bb5fbf1a6742ce8bb73cd33c220eb0/artifacts,2025-02-04 20:46:10.443000+00:00,2025-02-04 20:46:58.987000+00:00,1.2344979047775269,2.361815929412842,0.6934286952018738,0.0,-0.0,2.3052542209625244,4.619022369384766,1.75,3.171296959034331,1.6821918487548828,0.988763153553009,0.988763153553009,2.305257558822632,1.75,-5.02467155456543e-05,0.0,1.2344985008239746,0.0,0.1,0.5,10000.0,1e-05,10.0,"tensor([[[[[1., 1.],
           [1., 1.]],

          [[0., 0.],
           [0., 0.]]],


         [[[0., 0.],
           [0., 0.]],

          [[0., 0.],
           [0., 0.]]]],



        [[[[0., 0.],
           [0., 0.]],

          [[1., 1.],
           [1., 1.]]],


         [[[1., 1.],
           [1., 1.]],

          [[0., 0.],
           [0., 0.]]]],



        [[[[0., 0.],
           [0., 0.]],

          [[0., 0.],
           [0., 0.]]],


         [[[0., 0.],
           [0., 0.]],

          [[1., 1.],
           [0., 0.]]]],



        [[[[0., 0.],
           [0., 0.]],

          [[0., 0.],
           [0., 0.]]],


         [[[0., 0.],
           [0., 0.]],

          [[0., 0.],
           [1., 1.]]]]])","tensor([[[[[0.3300, 0.3300],
           [0.3300, 0.0000]],

          [[0.0000, 0.0000],
           [0.0000, 0.3300]]],


         [[[0.0000, 0.0000],
           [0.0000, 0.3300]],

          [[0.0000, 0.3300],
           [0.3300, 0.0000]]]],



        [[[[0.3300, 0.3300],
           [0.3300, 0.0000]],

          [[0.0000, 0.0000],
           [0.0000, 0.3300]]],


         [[[0.0000, 0.0000],
           [0.0000, 0.3300]],

          [[0.0000, 0.3300],
           [0.3300, 0.0000]]]],



        [[[[0.0000, 0.0000],
           [0.0000, 1.0000]],

          [[1.0000, 1.0000],
           [1.0000, 0.0000]]],


         [[[1.0000, 1.0000],
           [1.0000, 0.0000]],

          [[1.0000, 0.0000],
           [0.0000, 1.0000]]]],



        [[[[0.3300, 0.3300],
           [0.3300, 0.0000]],

          [[0.0000, 0.0000],
           [0.0000, 0.3300]]],


         [[[0.0000, 0.0000],
           [0.0000, 0.3300]],

          [[0.0000, 0.3300],
           [0.3300, 0.0000]]]]], grad_fn=<RoundBackward1>)",0.99,0.5,0.0,1000,1.0,pSAGD,cib_optimization/optimize_cib.py,wCIB+penalty,fsimoes,45345caa3f2538233a03cbc3e5b71daf91a5b4d3,"gamma=0.0--bxi=0.5,by=0.1,bs=0.5",LOCAL,CIB
3d11cc59f68846a999193f46555206f8,805718296294777617,FINISHED,mlflow-artifacts:/805718296294777617/3d11cc59f68846a999193f46555206f8/artifacts,2025-02-04 20:45:47.460000+00:00,2025-02-04 20:46:05.922000+00:00,1.2344979047775269,2.361815929412842,-0.0,1.0,-0.0,1.9356850385665894,5.136651515960693,1.75,3.18228606055301,1.8802409172058105,1.8802409172058105,1.8802409172058105,1.9356865882873535,1.75,1.0377428531646729,0.0,1.2344985008239746,0.0,0.1,0.5,100.0,1e-05,10.0,"tensor([[[[[1., 1.],
           [1., 1.]],

          [[0., 0.],
           [0., 0.]]],


         [[[0., 0.],
           [0., 0.]],

          [[0., 0.],
           [0., 0.]]]],



        [[[[0., 0.],
           [0., 0.]],

          [[1., 1.],
           [1., 1.]]],


         [[[1., 1.],
           [1., 1.]],

          [[0., 0.],
           [0., 0.]]]],



        [[[[0., 0.],
           [0., 0.]],

          [[0., 0.],
           [0., 0.]]],


         [[[0., 0.],
           [0., 0.]],

          [[1., 1.],
           [0., 0.]]]],



        [[[[0., 0.],
           [0., 0.]],

          [[0., 0.],
           [0., 0.]]],


         [[[0., 0.],
           [0., 0.]],

          [[0., 0.],
           [1., 1.]]]]])","tensor([[[[[0.0000, 0.0000],
           [0.0000, 0.9400]],

          [[0.9400, 0.0000],
           [0.9400, 0.0000]]],


         [[[0.9400, 0.0000],
           [0.9400, 0.9400]],

          [[0.9400, 0.9400],
           [0.0000, 0.9400]]]],



        [[[[0.3300, 0.3300],
           [0.3300, 0.0000]],

          [[0.0300, 0.3300],
           [0.0300, 0.3300]]],


         [[[0.0300, 0.3300],
           [0.0300, 0.0300]],

          [[0.0000, 0.0000],
           [0.3300, 0.0300]]]],



        [[[[0.3300, 0.3300],
           [0.3300, 0.0300]],

          [[0.0000, 0.3300],
           [0.0000, 0.3300]]],


         [[[0.0300, 0.3300],
           [0.0300, 0.0300]],

          [[0.0300, 0.0300],
           [0.3300, 0.0000]]]],



        [[[[0.3300, 0.3300],
           [0.3300, 0.0300]],

          [[0.0300, 0.3300],
           [0.0300, 0.3300]]],


         [[[0.0000, 0.3300],
           [0.0000, 0.0000]],

          [[0.0300, 0.0300],
           [0.3300, 0.0300]]]]])",0.99,0.5,0.0,1000,1.0,pSAGD,cib_optimization/optimize_cib.py,wCIB+penalty,fsimoes,45345caa3f2538233a03cbc3e5b71daf91a5b4d3,"gamma=0.0--bxi=0.5,by=0.1,bs=0.5",LOCAL,CIB
078c74b6fee94e7bb908f436a3067139,805718296294777617,FINISHED,mlflow-artifacts:/805718296294777617/078c74b6fee94e7bb908f436a3067139/artifacts,2025-02-04 20:45:42.322000+00:00,2025-02-04 20:45:44.095000+00:00,1.2344979047775269,2.361815929412842,-0.0,1.0,-0.0,2.117910861968994,4.618802547454834,1.75,3.678727276623249,2.0,2.0,2.0,2.1179134845733643,1.75,1.5849627256393433,0.0,1.2344985008239746,0.0,0.1,0.5,100.0,1e-05,10.0,"tensor([[[[[1., 1.],
           [1., 1.]],

          [[0., 0.],
           [0., 0.]]],


         [[[0., 0.],
           [0., 0.]],

          [[0., 0.],
           [0., 0.]]]],



        [[[[0., 0.],
           [0., 0.]],

          [[1., 1.],
           [1., 1.]]],


         [[[1., 1.],
           [1., 1.]],

          [[0., 0.],
           [0., 0.]]]],



        [[[[0., 0.],
           [0., 0.]],

          [[0., 0.],
           [0., 0.]]],


         [[[0., 0.],
           [0., 0.]],

          [[1., 1.],
           [0., 0.]]]],



        [[[[0., 0.],
           [0., 0.]],

          [[0., 0.],
           [0., 0.]]],


         [[[0., 0.],
           [0., 0.]],

          [[0., 0.],
           [1., 1.]]]]])","tensor([[[[[0.3300, 0.3300],
           [0.3300, 0.3300]],

          [[0.3300, 0.3300],
           [0.3300, 0.3300]]],


         [[[0.3300, 0.0000],
           [0.3300, 0.0000]],

          [[0.3300, 0.0000],
           [0.3300, 0.0000]]]],



        [[[[0.3300, 0.0000],
           [0.3300, 0.3300]],

          [[0.3300, 0.0000],
           [0.3300, 0.3300]]],


         [[[0.3300, 0.3300],
           [0.0000, 0.3300]],

          [[0.3300, 0.3300],
           [0.0000, 0.3300]]]],



        [[[[0.3300, 0.3300],
           [0.3300, 0.0000]],

          [[0.0000, 0.3300],
           [0.0000, 0.3300]]],


         [[[0.0000, 0.3300],
           [0.3300, 0.3300]],

          [[0.3300, 0.3300],
           [0.3300, 0.3300]]]],



        [[[[0.0000, 0.3300],
           [0.0000, 0.3300]],

          [[0.3300, 0.3300],
           [0.3300, 0.0000]]],


         [[[0.3300, 0.3300],
           [0.3300, 0.3300]],

          [[0.0000, 0.3300],
           [0.3300, 0.3300]]]]])",0.99,0.5,0.0,1000,1.0,pSAGD,cib_optimization/optimize_cib.py,wCIB+penalty,fsimoes,45345caa3f2538233a03cbc3e5b71daf91a5b4d3,"gamma=0.0--bxi=0.5,by=0.1,bs=0.5",LOCAL,CIB
e66b0efb71084643914cfa6af56b5065,805718296294777617,FINISHED,mlflow-artifacts:/805718296294777617/e66b0efb71084643914cfa6af56b5065/artifacts,2025-02-04 20:45:27.534000+00:00,2025-02-04 20:45:39.454000+00:00,1.2344979047775269,2.361815929412842,0.375,1.0,-0.0,2.1910367012023926,4.703125953674316,1.75,3.3146659022014244,1.9362781047821045,1.5612781047821045,1.5612781047821045,2.191039562225342,1.75,0.8974206447601318,0.0,1.2344985008239746,0.0,0.1,0.5,100.0,1e-05,10.0,"tensor([[[[[1., 1.],
           [1., 1.]],

          [[0., 0.],
           [0., 0.]]],


         [[[0., 0.],
           [0., 0.]],

          [[0., 0.],
           [0., 0.]]]],



        [[[[0., 0.],
           [0., 0.]],

          [[1., 1.],
           [1., 1.]]],


         [[[1., 1.],
           [1., 1.]],

          [[0., 0.],
           [0., 0.]]]],



        [[[[0., 0.],
           [0., 0.]],

          [[0., 0.],
           [0., 0.]]],


         [[[0., 0.],
           [0., 0.]],

          [[1., 1.],
           [0., 0.]]]],



        [[[[0., 0.],
           [0., 0.]],

          [[0., 0.],
           [0., 0.]]],


         [[[0., 0.],
           [0., 0.]],

          [[0., 0.],
           [1., 1.]]]]])","tensor([[[[[0.0000, 0.2200],
           [0.2200, 0.0000]],

          [[0.0700, 0.2200],
           [0.0000, 0.2200]]],


         [[[0.0700, 0.0700],
           [0.0000, 0.2200]],

          [[0.0000, 0.0000],
           [0.2200, 0.0700]]]],



        [[[[0.7300, 0.0000],
           [0.0000, 0.7300]],

          [[0.8600, 0.0000],
           [0.7300, 0.0000]]],


         [[[0.8600, 0.8600],
           [0.7300, 0.0000]],

          [[0.7300, 0.7300],
           [0.0000, 0.8600]]]],



        [[[[0.0000, 0.2200],
           [0.2200, 0.0000]],

          [[0.0700, 0.2200],
           [0.0000, 0.2200]]],


         [[[0.0700, 0.0700],
           [0.0000, 0.2200]],

          [[0.0000, 0.0000],
           [0.2200, 0.0700]]]],



        [[[[0.2700, 0.5500],
           [0.5500, 0.2700]],

          [[0.0000, 0.5500],
           [0.2700, 0.5500]]],


         [[[0.0000, 0.0000],
           [0.2700, 0.5500]],

          [[0.2700, 0.2700],
           [0.5500, 0.0000]]]]])",0.99,0.5,0.0,1000,1.0,pSAGD,cib_optimization/optimize_cib.py,wCIB+penalty,fsimoes,45345caa3f2538233a03cbc3e5b71daf91a5b4d3,"gamma=0.0--bxi=0.5,by=0.1,bs=0.5",LOCAL,CIB
53716234305946ffb95ffc80c96f82aa,805718296294777617,FINISHED,mlflow-artifacts:/805718296294777617/53716234305946ffb95ffc80c96f82aa/artifacts,2025-02-04 20:45:01.552000+00:00,2025-02-04 20:45:24.261000+00:00,1.2344979047775269,2.361815929412842,0.9545614719390869,1.0,-0.0,2.2031078338623047,4.2956743240356445,1.75,3.0163404930651296,1.8784394264221191,0.9238779544830322,0.9238779544830322,2.2031099796295166,1.75,-0.14698290824890137,0.0,1.2344985008239746,0.0,0.1,0.5,10.0,1e-05,10.0,"tensor([[[[[1., 1.],
           [1., 1.]],

          [[0., 0.],
           [0., 0.]]],


         [[[0., 0.],
           [0., 0.]],

          [[0., 0.],
           [0., 0.]]]],



        [[[[0., 0.],
           [0., 0.]],

          [[1., 1.],
           [1., 1.]]],


         [[[1., 1.],
           [1., 1.]],

          [[0., 0.],
           [0., 0.]]]],



        [[[[0., 0.],
           [0., 0.]],

          [[0., 0.],
           [0., 0.]]],


         [[[0., 0.],
           [0., 0.]],

          [[1., 1.],
           [0., 0.]]]],



        [[[[0., 0.],
           [0., 0.]],

          [[0., 0.],
           [0., 0.]]],


         [[[0., 0.],
           [0., 0.]],

          [[0., 0.],
           [1., 1.]]]]])","tensor([[[[[0.0000, 0.3800],
           [0.5300, 0.5400]],

          [[0.0000, 0.0000],
           [0.0000, 0.3800]]],


         [[[0.3400, 0.0000],
           [0.0000, 0.5300]],

          [[0.0000, 0.5400],
           [0.0000, 0.0000]]]],



        [[[[0.0000, 0.3000],
           [0.0000, 0.4600]],

          [[0.4500, 0.2900],
           [0.4500, 0.3000]]],


         [[[0.0000, 0.4900],
           [1.0000, 0.0000]],

          [[1.0000, 0.4600],
           [0.4900, 0.4900]]]],



        [[[[0.0000, 0.0000],
           [0.0000, 0.0000]],

          [[0.5500, 0.4000],
           [0.5500, 0.0000]]],


         [[[0.3800, 0.0000],
           [0.0000, 0.0000]],

          [[0.0000, 0.0000],
           [0.0000, 0.0000]]]],



        [[[[1.0000, 0.3200],
           [0.4700, 0.0000]],

          [[0.0000, 0.3100],
           [0.0000, 0.3200]]],


         [[[0.2800, 0.5100],
           [0.0000, 0.4700]],

          [[0.0000, 0.0000],
           [0.5100, 0.5100]]]]])",0.99,0.5,0.0,1000,1.0,pSAGD,cib_optimization/optimize_cib.py,wCIB+penalty,fsimoes,45345caa3f2538233a03cbc3e5b71daf91a5b4d3,"gamma=0.0--bxi=0.5,by=0.1,bs=0.5",LOCAL,CIB
225311d7f0644d2db66f05ca326c1740,805718296294777617,FINISHED,mlflow-artifacts:/805718296294777617/225311d7f0644d2db66f05ca326c1740/artifacts,2025-02-04 20:44:38.926000+00:00,2025-02-04 20:44:58.493000+00:00,1.2344979047775269,2.361815929412842,0.9526165723800659,1.0,-0.0,2.277693748474121,4.29357385635376,1.75,3.4548449035859043,1.9476349353790283,0.9950183629989624,0.9950183629989624,2.2776966094970703,1.75,-0.004985451698303223,0.0,1.2344985008239746,0.0,0.1,0.5,10.0,1e-05,10.0,"tensor([[[[[1., 1.],
           [1., 1.]],

          [[0., 0.],
           [0., 0.]]],


         [[[0., 0.],
           [0., 0.]],

          [[0., 0.],
           [0., 0.]]]],



        [[[[0., 0.],
           [0., 0.]],

          [[1., 1.],
           [1., 1.]]],


         [[[1., 1.],
           [1., 1.]],

          [[0., 0.],
           [0., 0.]]]],



        [[[[0., 0.],
           [0., 0.]],

          [[0., 0.],
           [0., 0.]]],


         [[[0., 0.],
           [0., 0.]],

          [[1., 1.],
           [0., 0.]]]],



        [[[[0., 0.],
           [0., 0.]],

          [[0., 0.],
           [0., 0.]]],


         [[[0., 0.],
           [0., 0.]],

          [[0., 0.],
           [1., 1.]]]]])","tensor([[[[[0.5300, 0.0000],
           [0.0000, 0.0000]],

          [[0.0000, 1.0000],
           [0.3600, 0.5000]]],


         [[[0.0000, 0.0000],
           [0.0000, 1.0000]],

          [[0.3600, 0.3600],
           [0.3600, 0.5300]]]],



        [[[[0.0000, 0.5800],
           [0.5800, 0.0000]],

          [[0.0000, 0.0000],
           [0.0000, 0.0000]]],


         [[[0.5800, 0.5500],
           [0.0000, 0.0000]],

          [[0.0000, 0.0000],
           [0.0000, 0.0000]]]],



        [[[[0.4700, 0.4200],
           [0.4200, 0.0000]],

          [[0.4700, 0.0000],
           [0.2900, 0.0000]]],


         [[[0.4200, 0.0000],
           [0.4700, 0.0000]],

          [[0.2900, 0.2900],
           [0.2900, 0.4700]]]],



        [[[[0.0000, 0.0000],
           [0.0000, 1.0000]],

          [[0.5300, 0.0000],
           [0.3500, 0.5000]]],


         [[[0.0000, 0.4500],
           [0.5300, 0.0000]],

          [[0.3500, 0.3500],
           [0.3500, 0.0000]]]]])",0.99,0.5,0.0,1000,1.0,pSAGD,cib_optimization/optimize_cib.py,wCIB+penalty,fsimoes,45345caa3f2538233a03cbc3e5b71daf91a5b4d3,"gamma=0.0--bxi=0.5,by=0.1,bs=0.5",LOCAL,CIB
ed31cb86b98f45d1a777d977c51f3c5b,805718296294777617,FINISHED,mlflow-artifacts:/805718296294777617/ed31cb86b98f45d1a777d977c51f3c5b/artifacts,2025-02-04 20:44:14.387000+00:00,2025-02-04 20:44:36.056000+00:00,1.2344979047775269,2.361815929412842,0.9129320383071899,1.0,-0.0,2.270587205886841,4.260210037231445,1.75,3.220487671261509,1.9131206274032593,1.0001885890960693,1.0001885890960693,2.270590305328369,1.75,0.0019521117210388184,0.0,1.2344985008239746,0.0,0.1,0.5,10.0,1e-05,10.0,"tensor([[[[[1., 1.],
           [1., 1.]],

          [[0., 0.],
           [0., 0.]]],


         [[[0., 0.],
           [0., 0.]],

          [[0., 0.],
           [0., 0.]]]],



        [[[[0., 0.],
           [0., 0.]],

          [[1., 1.],
           [1., 1.]]],


         [[[1., 1.],
           [1., 1.]],

          [[0., 0.],
           [0., 0.]]]],



        [[[[0., 0.],
           [0., 0.]],

          [[0., 0.],
           [0., 0.]]],


         [[[0., 0.],
           [0., 0.]],

          [[1., 1.],
           [0., 0.]]]],



        [[[[0., 0.],
           [0., 0.]],

          [[0., 0.],
           [0., 0.]]],


         [[[0., 0.],
           [0., 0.]],

          [[0., 0.],
           [1., 1.]]]]])","tensor([[[[[0.0000, 1.0000],
           [0.5400, 0.0000]],

          [[0.5600, 0.5400],
           [0.0000, 0.0000]]],


         [[[0.0000, 0.0000],
           [0.0000, 0.4000]],

          [[0.5600, 0.5600],
           [0.0000, 0.0000]]]],



        [[[[0.5200, 0.0000],
           [0.4600, 0.0000]],

          [[0.0000, 0.4600],
           [0.5200, 1.0000]]],


         [[[0.0000, 0.3200],
           [0.5200, 0.3200]],

          [[0.0000, 0.0000],
           [0.3200, 1.0000]]]],



        [[[[0.4800, 0.0000],
           [0.0000, 0.4400]],

          [[0.4400, 0.0000],
           [0.4800, 0.0000]]],


         [[[0.4400, 0.2800],
           [0.4800, 0.2800]],

          [[0.4400, 0.4400],
           [0.2800, 0.0000]]]],



        [[[[0.0000, 0.0000],
           [0.0000, 0.5600]],

          [[0.0000, 0.0000],
           [0.0000, 0.0000]]],


         [[[0.5600, 0.4000],
           [0.0000, 0.0000]],

          [[0.0000, 0.0000],
           [0.4000, 0.0000]]]]])",0.99,0.5,0.0,1000,1.0,pSAGD,cib_optimization/optimize_cib.py,wCIB+penalty,fsimoes,45345caa3f2538233a03cbc3e5b71daf91a5b4d3,"gamma=0.0--bxi=0.5,by=0.1,bs=0.5",LOCAL,CIB
885baca8aef6452eb80fcbdfcd91dcf3,805718296294777617,FINISHED,mlflow-artifacts:/805718296294777617/885baca8aef6452eb80fcbdfcd91dcf3/artifacts,2025-02-04 20:43:42.204000+00:00,2025-02-04 20:44:10.544000+00:00,1.2344979047775269,2.361815929412842,1.9916155338287354,1.0,-0.0,2.361812114715576,6.910123374836985e-06,1.75,3.7417116187436967,1.9916157722473145,2.384185791015625e-07,2.384185791015625e-07,2.3618156909942627,1.75,1.1920928955078125e-07,0.0,1.2344985008239746,0.0,0.1,0.5,1.0,1e-05,10.0,"tensor([[[[[1., 1.],
           [1., 1.]],

          [[0., 0.],
           [0., 0.]]],


         [[[0., 0.],
           [0., 0.]],

          [[0., 0.],
           [0., 0.]]]],



        [[[[0., 0.],
           [0., 0.]],

          [[1., 1.],
           [1., 1.]]],


         [[[1., 1.],
           [1., 1.]],

          [[0., 0.],
           [0., 0.]]]],



        [[[[0., 0.],
           [0., 0.]],

          [[0., 0.],
           [0., 0.]]],


         [[[0., 0.],
           [0., 0.]],

          [[1., 1.],
           [0., 0.]]]],



        [[[[0., 0.],
           [0., 0.]],

          [[0., 0.],
           [0., 0.]]],


         [[[0., 0.],
           [0., 0.]],

          [[0., 0.],
           [1., 1.]]]]])","tensor([[[[[0.2100, 0.2100],
           [0.2100, 0.2100]],

          [[0.2100, 0.2100],
           [0.2100, 0.2100]]],


         [[[0.2100, 0.2100],
           [0.2100, 0.2100]],

          [[0.2100, 0.2100],
           [0.2100, 0.2100]]]],



        [[[[0.2600, 0.2600],
           [0.2600, 0.2600]],

          [[0.2600, 0.2600],
           [0.2600, 0.2600]]],


         [[[0.2600, 0.2600],
           [0.2600, 0.2600]],

          [[0.2600, 0.2600],
           [0.2600, 0.2600]]]],



        [[[[0.2800, 0.2800],
           [0.2800, 0.2800]],

          [[0.2800, 0.2800],
           [0.2800, 0.2800]]],


         [[[0.2800, 0.2800],
           [0.2800, 0.2800]],

          [[0.2800, 0.2800],
           [0.2800, 0.2800]]]],



        [[[[0.2600, 0.2600],
           [0.2600, 0.2600]],

          [[0.2600, 0.2600],
           [0.2600, 0.2600]]],


         [[[0.2600, 0.2600],
           [0.2600, 0.2600]],

          [[0.2600, 0.2600],
           [0.2600, 0.2600]]]]], grad_fn=<RoundBackward1>)",0.99,0.5,0.0,1000,1.0,pSAGD,cib_optimization/optimize_cib.py,wCIB+penalty,fsimoes,45345caa3f2538233a03cbc3e5b71daf91a5b4d3,"gamma=0.0--bxi=0.5,by=0.1,bs=0.5",LOCAL,CIB
bd4883fbb14a41288d2f440895648430,805718296294777617,FINISHED,mlflow-artifacts:/805718296294777617/bd4883fbb14a41288d2f440895648430/artifacts,2025-02-04 20:42:54.492000+00:00,2025-02-04 20:43:35.639000+00:00,1.2344979047775269,2.361815929412842,1.9590939283370972,1.0,-0.0,2.361812114715576,7.62482386562624e-06,1.75,3.7091168834771517,1.9590940475463867,1.1920928955078125e-07,1.1920928955078125e-07,2.3618154525756836,1.75,0.0,0.0,1.2344985008239746,0.0,0.1,0.5,1.0,1e-05,10.0,"tensor([[[[[1., 1.],
           [1., 1.]],

          [[0., 0.],
           [0., 0.]]],


         [[[0., 0.],
           [0., 0.]],

          [[0., 0.],
           [0., 0.]]]],



        [[[[0., 0.],
           [0., 0.]],

          [[1., 1.],
           [1., 1.]]],


         [[[1., 1.],
           [1., 1.]],

          [[0., 0.],
           [0., 0.]]]],



        [[[[0., 0.],
           [0., 0.]],

          [[0., 0.],
           [0., 0.]]],


         [[[0., 0.],
           [0., 0.]],

          [[1., 1.],
           [0., 0.]]]],



        [[[[0., 0.],
           [0., 0.]],

          [[0., 0.],
           [0., 0.]]],


         [[[0., 0.],
           [0., 0.]],

          [[0., 0.],
           [1., 1.]]]]])","tensor([[[[[0.3200, 0.3200],
           [0.3200, 0.3200]],

          [[0.3200, 0.3200],
           [0.3200, 0.3200]]],


         [[[0.3200, 0.3200],
           [0.3200, 0.3200]],

          [[0.3200, 0.3200],
           [0.3200, 0.3200]]]],



        [[[[0.2000, 0.2000],
           [0.2000, 0.2000]],

          [[0.2000, 0.2000],
           [0.2000, 0.2000]]],


         [[[0.2000, 0.2000],
           [0.2000, 0.2000]],

          [[0.2000, 0.2000],
           [0.2000, 0.2000]]]],



        [[[[0.2900, 0.2900],
           [0.2900, 0.2900]],

          [[0.2900, 0.2900],
           [0.2900, 0.2900]]],


         [[[0.2900, 0.2900],
           [0.2900, 0.2900]],

          [[0.2900, 0.2900],
           [0.2900, 0.2900]]]],



        [[[[0.1800, 0.1800],
           [0.1800, 0.1800]],

          [[0.1800, 0.1800],
           [0.1800, 0.1800]]],


         [[[0.1800, 0.1800],
           [0.1800, 0.1800]],

          [[0.1800, 0.1800],
           [0.1800, 0.1800]]]]], grad_fn=<RoundBackward1>)",0.99,0.5,0.0,1000,1.0,pSAGD,cib_optimization/optimize_cib.py,wCIB+penalty,fsimoes,45345caa3f2538233a03cbc3e5b71daf91a5b4d3,"gamma=0.0--bxi=0.5,by=0.1,bs=0.5",LOCAL,CIB
7d6558345b834965a049ca6e0d814100,805718296294777617,FINISHED,mlflow-artifacts:/805718296294777617/7d6558345b834965a049ca6e0d814100/artifacts,2025-02-04 20:42:07.869000+00:00,2025-02-04 20:42:47.480000+00:00,1.2344979047775269,2.361815929412842,1.9848744869232178,1.0,-0.0,2.3618123531341553,8.114267075143289e-06,1.75,3.734649952348227,1.9848744869232178,0.0,0.0,2.361815929412842,1.75,0.0,0.0,1.2344985008239746,0.0,0.1,0.5,1.0,1e-05,10.0,"tensor([[[[[1., 1.],
           [1., 1.]],

          [[0., 0.],
           [0., 0.]]],


         [[[0., 0.],
           [0., 0.]],

          [[0., 0.],
           [0., 0.]]]],



        [[[[0., 0.],
           [0., 0.]],

          [[1., 1.],
           [1., 1.]]],


         [[[1., 1.],
           [1., 1.]],

          [[0., 0.],
           [0., 0.]]]],



        [[[[0., 0.],
           [0., 0.]],

          [[0., 0.],
           [0., 0.]]],


         [[[0., 0.],
           [0., 0.]],

          [[1., 1.],
           [0., 0.]]]],



        [[[[0., 0.],
           [0., 0.]],

          [[0., 0.],
           [0., 0.]]],


         [[[0., 0.],
           [0., 0.]],

          [[0., 0.],
           [1., 1.]]]]])","tensor([[[[[0.2600, 0.2600],
           [0.2600, 0.2600]],

          [[0.2600, 0.2600],
           [0.2600, 0.2600]]],


         [[[0.2600, 0.2600],
           [0.2600, 0.2600]],

          [[0.2600, 0.2600],
           [0.2600, 0.2600]]]],



        [[[[0.3000, 0.3000],
           [0.3000, 0.3000]],

          [[0.3000, 0.3000],
           [0.3000, 0.3000]]],


         [[[0.3000, 0.3000],
           [0.3000, 0.3000]],

          [[0.3000, 0.3000],
           [0.3000, 0.3000]]]],



        [[[[0.2400, 0.2400],
           [0.2400, 0.2400]],

          [[0.2400, 0.2400],
           [0.2400, 0.2400]]],


         [[[0.2400, 0.2400],
           [0.2400, 0.2400]],

          [[0.2400, 0.2400],
           [0.2400, 0.2400]]]],



        [[[[0.2000, 0.2000],
           [0.2000, 0.2000]],

          [[0.2000, 0.2000],
           [0.2000, 0.2000]]],


         [[[0.2000, 0.2000],
           [0.2000, 0.2000]],

          [[0.2000, 0.2000],
           [0.2000, 0.2000]]]]], grad_fn=<RoundBackward1>)",0.99,0.5,0.0,1000,1.0,pSAGD,cib_optimization/optimize_cib.py,wCIB+penalty,fsimoes,45345caa3f2538233a03cbc3e5b71daf91a5b4d3,"gamma=0.0--bxi=0.5,by=0.1,bs=0.5",LOCAL,CIB
b471d317719b467a8f03381d0c6d7b56,805718296294777617,FINISHED,mlflow-artifacts:/805718296294777617/b471d317719b467a8f03381d0c6d7b56/artifacts,2025-02-04 15:05:13.071000+00:00,2025-02-04 15:05:15.954000+00:00,1.058274269104004,1.932708978652954,-0.0,1.0,-0.0,1.0522217750549316,0.0,1.4288055896759033,-9.521195387662829e-09,1.4288055896759033,-0.8744347095489502,-0.8744347095489502,1.058274269104004,-0.8744347095489502,0.0,0.0,1.0522217750549316,1.0,0.1,0.3,10000.0,1e-05,10.0,"tensor([[[[[1., 1.],
           [1., 1.]],

          [[0., 0.],
           [0., 0.]]],


         [[[0., 0.],
           [0., 0.]],

          [[0., 0.],
           [0., 0.]]]],



        [[[[0., 0.],
           [0., 0.]],

          [[1., 1.],
           [1., 1.]]],


         [[[1., 1.],
           [1., 1.]],

          [[0., 0.],
           [0., 0.]]]],



        [[[[0., 0.],
           [0., 0.]],

          [[0., 0.],
           [0., 0.]]],


         [[[0., 0.],
           [0., 0.]],

          [[1., 1.],
           [0., 0.]]]],



        [[[[0., 0.],
           [0., 0.]],

          [[0., 0.],
           [0., 0.]]],


         [[[0., 0.],
           [0., 0.]],

          [[0., 0.],
           [1., 1.]]]]])","tensor([[[[[0., 0.],
           [0., 0.]],

          [[0., 0.],
           [0., 0.]]],


         [[[0., 0.],
           [0., 0.]],

          [[1., 1.],
           [0., 0.]]]],



        [[[[0., 0.],
           [0., 0.]],

          [[0., 0.],
           [0., 0.]]],


         [[[0., 0.],
           [0., 0.]],

          [[0., 0.],
           [1., 1.]]]],



        [[[[1., 1.],
           [1., 1.]],

          [[0., 0.],
           [0., 0.]]],


         [[[0., 0.],
           [0., 0.]],

          [[0., 0.],
           [0., 0.]]]],



        [[[[0., 0.],
           [0., 0.]],

          [[1., 1.],
           [1., 1.]]],


         [[[1., 1.],
           [1., 1.]],

          [[0., 0.],
           [0., 0.]]]]], grad_fn=<RoundBackward1>)",0.99,0.8,inf,1000,1.0,pSAGD,cib_optimization/optimize_cib.py,wCIB+penalty,fsimoes,45345caa3f2538233a03cbc3e5b71daf91a5b4d3,"gamma=1.0--bxi=0.3,by=0.1,bs=0.8",LOCAL,CIB
6c4c1fc1443b427c912baa62bdb0fcc5,805718296294777617,FINISHED,mlflow-artifacts:/805718296294777617/6c4c1fc1443b427c912baa62bdb0fcc5/artifacts,2025-02-04 15:04:58.586000+00:00,2025-02-04 15:05:10.464000+00:00,1.058274269104004,1.932708978652954,-0.0,1.0,-0.0,1.0522217750549316,0.0,1.4288055896759033,-9.521195387662829e-09,1.4288055896759033,-0.8744347095489502,-0.8744347095489502,1.058274269104004,-0.8744347095489502,0.0,0.0,1.0522217750549316,1.0,0.1,0.3,10000.0,1e-05,10.0,"tensor([[[[[1., 1.],
           [1., 1.]],

          [[0., 0.],
           [0., 0.]]],


         [[[0., 0.],
           [0., 0.]],

          [[0., 0.],
           [0., 0.]]]],



        [[[[0., 0.],
           [0., 0.]],

          [[1., 1.],
           [1., 1.]]],


         [[[1., 1.],
           [1., 1.]],

          [[0., 0.],
           [0., 0.]]]],



        [[[[0., 0.],
           [0., 0.]],

          [[0., 0.],
           [0., 0.]]],


         [[[0., 0.],
           [0., 0.]],

          [[1., 1.],
           [0., 0.]]]],



        [[[[0., 0.],
           [0., 0.]],

          [[0., 0.],
           [0., 0.]]],


         [[[0., 0.],
           [0., 0.]],

          [[0., 0.],
           [1., 1.]]]]])","tensor([[[[[0., 0.],
           [0., 0.]],

          [[0., 0.],
           [0., 0.]]],


         [[[0., 0.],
           [0., 0.]],

          [[0., 0.],
           [1., 1.]]]],



        [[[[0., 0.],
           [0., 0.]],

          [[1., 1.],
           [1., 1.]]],


         [[[1., 1.],
           [1., 1.]],

          [[0., 0.],
           [0., 0.]]]],



        [[[[1., 1.],
           [1., 1.]],

          [[0., 0.],
           [0., 0.]]],


         [[[0., 0.],
           [0., 0.]],

          [[0., 0.],
           [0., 0.]]]],



        [[[[0., 0.],
           [0., 0.]],

          [[0., 0.],
           [0., 0.]]],


         [[[0., 0.],
           [0., 0.]],

          [[1., 1.],
           [0., 0.]]]]], grad_fn=<RoundBackward1>)",0.99,0.8,inf,1000,1.0,pSAGD,cib_optimization/optimize_cib.py,wCIB+penalty,fsimoes,45345caa3f2538233a03cbc3e5b71daf91a5b4d3,"gamma=1.0--bxi=0.3,by=0.1,bs=0.8",LOCAL,CIB
4a9f8970789c4d2da44669ddf7276d99,805718296294777617,FINISHED,mlflow-artifacts:/805718296294777617/4a9f8970789c4d2da44669ddf7276d99/artifacts,2025-02-04 15:04:50.660000+00:00,2025-02-04 15:04:56.021000+00:00,1.058274269104004,1.932708978652954,-0.0,1.0,-0.0,1.0522217750549316,0.0,1.4288055896759033,-9.521195387662829e-09,1.4288055896759033,-0.8744347095489502,-0.8744347095489502,1.058274269104004,-0.8744347095489502,0.0,0.0,1.0522217750549316,1.0,0.1,0.3,10000.0,1e-05,10.0,"tensor([[[[[1., 1.],
           [1., 1.]],

          [[0., 0.],
           [0., 0.]]],


         [[[0., 0.],
           [0., 0.]],

          [[0., 0.],
           [0., 0.]]]],



        [[[[0., 0.],
           [0., 0.]],

          [[1., 1.],
           [1., 1.]]],


         [[[1., 1.],
           [1., 1.]],

          [[0., 0.],
           [0., 0.]]]],



        [[[[0., 0.],
           [0., 0.]],

          [[0., 0.],
           [0., 0.]]],


         [[[0., 0.],
           [0., 0.]],

          [[1., 1.],
           [0., 0.]]]],



        [[[[0., 0.],
           [0., 0.]],

          [[0., 0.],
           [0., 0.]]],


         [[[0., 0.],
           [0., 0.]],

          [[0., 0.],
           [1., 1.]]]]])","tensor([[[[[1., 1.],
           [1., 1.]],

          [[0., 0.],
           [0., 0.]]],


         [[[0., 0.],
           [0., 0.]],

          [[0., 0.],
           [0., 0.]]]],



        [[[[0., 0.],
           [0., 0.]],

          [[0., 0.],
           [0., 0.]]],


         [[[0., 0.],
           [0., 0.]],

          [[0., 0.],
           [1., 1.]]]],



        [[[[0., 0.],
           [0., 0.]],

          [[1., 1.],
           [1., 1.]]],


         [[[1., 1.],
           [1., 1.]],

          [[0., 0.],
           [0., 0.]]]],



        [[[[0., 0.],
           [0., 0.]],

          [[0., 0.],
           [0., 0.]]],


         [[[0., 0.],
           [0., 0.]],

          [[1., 1.],
           [0., 0.]]]]], grad_fn=<RoundBackward1>)",0.99,0.8,inf,1000,1.0,pSAGD,cib_optimization/optimize_cib.py,wCIB+penalty,fsimoes,45345caa3f2538233a03cbc3e5b71daf91a5b4d3,"gamma=1.0--bxi=0.3,by=0.1,bs=0.8",LOCAL,CIB
097000aad3114340bdf7a1a7ac6717fb,805718296294777617,FINISHED,mlflow-artifacts:/805718296294777617/097000aad3114340bdf7a1a7ac6717fb/artifacts,2025-02-04 15:04:41.896000+00:00,2025-02-04 15:04:48.131000+00:00,1.058274269104004,1.932708978652954,-0.0,1.0,-0.0,1.0522217750549316,2.1490760104825313e-07,1.4288055896759033,-9.521195387662829e-09,1.4288055896759033,-0.8744347095489502,-0.8744347095489502,1.058274269104004,-0.8744347095489502,0.0,0.0,1.0522217750549316,1.0,0.1,0.3,100.0,1e-05,10.0,"tensor([[[[[1., 1.],
           [1., 1.]],

          [[0., 0.],
           [0., 0.]]],


         [[[0., 0.],
           [0., 0.]],

          [[0., 0.],
           [0., 0.]]]],



        [[[[0., 0.],
           [0., 0.]],

          [[1., 1.],
           [1., 1.]]],


         [[[1., 1.],
           [1., 1.]],

          [[0., 0.],
           [0., 0.]]]],



        [[[[0., 0.],
           [0., 0.]],

          [[0., 0.],
           [0., 0.]]],


         [[[0., 0.],
           [0., 0.]],

          [[1., 1.],
           [0., 0.]]]],



        [[[[0., 0.],
           [0., 0.]],

          [[0., 0.],
           [0., 0.]]],


         [[[0., 0.],
           [0., 0.]],

          [[0., 0.],
           [1., 1.]]]]])","tensor([[[[[0., 0.],
           [0., 0.]],

          [[0., 0.],
           [0., 0.]]],


         [[[0., 0.],
           [0., 0.]],

          [[0., 0.],
           [1., 1.]]]],



        [[[[0., 0.],
           [0., 0.]],

          [[1., 1.],
           [1., 1.]]],


         [[[1., 1.],
           [1., 1.]],

          [[0., 0.],
           [0., 0.]]]],



        [[[[1., 1.],
           [1., 1.]],

          [[0., 0.],
           [0., 0.]]],


         [[[0., 0.],
           [0., 0.]],

          [[0., 0.],
           [0., 0.]]]],



        [[[[0., 0.],
           [0., 0.]],

          [[0., 0.],
           [0., 0.]]],


         [[[0., 0.],
           [0., 0.]],

          [[1., 1.],
           [0., 0.]]]]], grad_fn=<RoundBackward1>)",0.99,0.8,inf,1000,1.0,pSAGD,cib_optimization/optimize_cib.py,wCIB+penalty,fsimoes,45345caa3f2538233a03cbc3e5b71daf91a5b4d3,"gamma=1.0--bxi=0.3,by=0.1,bs=0.8",LOCAL,CIB
dfced08df6234fba88e72d9413d60171,805718296294777617,FINISHED,mlflow-artifacts:/805718296294777617/dfced08df6234fba88e72d9413d60171/artifacts,2025-02-04 15:04:28.267000+00:00,2025-02-04 15:04:39.337000+00:00,1.058274269104004,1.932708978652954,-0.0,1.0,-0.0,1.0522217750549316,8.429369557916289e-08,1.4288055896759033,-9.521195387662829e-09,1.4288055896759033,-0.8744347095489502,-0.8744347095489502,1.058274269104004,-0.8744347095489502,0.0,0.0,1.0522217750549316,1.0,0.1,0.3,100.0,1e-05,10.0,"tensor([[[[[1., 1.],
           [1., 1.]],

          [[0., 0.],
           [0., 0.]]],


         [[[0., 0.],
           [0., 0.]],

          [[0., 0.],
           [0., 0.]]]],



        [[[[0., 0.],
           [0., 0.]],

          [[1., 1.],
           [1., 1.]]],


         [[[1., 1.],
           [1., 1.]],

          [[0., 0.],
           [0., 0.]]]],



        [[[[0., 0.],
           [0., 0.]],

          [[0., 0.],
           [0., 0.]]],


         [[[0., 0.],
           [0., 0.]],

          [[1., 1.],
           [0., 0.]]]],



        [[[[0., 0.],
           [0., 0.]],

          [[0., 0.],
           [0., 0.]]],


         [[[0., 0.],
           [0., 0.]],

          [[0., 0.],
           [1., 1.]]]]])","tensor([[[[[0., 0.],
           [0., 0.]],

          [[0., 0.],
           [0., 0.]]],


         [[[0., 0.],
           [0., 0.]],

          [[1., 1.],
           [0., 0.]]]],



        [[[[0., 0.],
           [0., 0.]],

          [[1., 1.],
           [1., 1.]]],


         [[[1., 1.],
           [1., 1.]],

          [[0., 0.],
           [0., 0.]]]],



        [[[[0., 0.],
           [0., 0.]],

          [[0., 0.],
           [0., 0.]]],


         [[[0., 0.],
           [0., 0.]],

          [[0., 0.],
           [1., 1.]]]],



        [[[[1., 1.],
           [1., 1.]],

          [[0., 0.],
           [0., 0.]]],


         [[[0., 0.],
           [0., 0.]],

          [[0., 0.],
           [0., 0.]]]]], grad_fn=<RoundBackward1>)",0.99,0.8,inf,1000,1.0,pSAGD,cib_optimization/optimize_cib.py,wCIB+penalty,fsimoes,45345caa3f2538233a03cbc3e5b71daf91a5b4d3,"gamma=1.0--bxi=0.3,by=0.1,bs=0.8",LOCAL,CIB
3d9888fb13d84fe783f30481c14b5b2b,805718296294777617,FINISHED,mlflow-artifacts:/805718296294777617/3d9888fb13d84fe783f30481c14b5b2b/artifacts,2025-02-04 15:04:15.877000+00:00,2025-02-04 15:04:25.691000+00:00,1.058274269104004,1.932708978652954,-0.0,1.0,-0.0,1.0522217750549316,5.960464477539063e-08,1.4288055896759033,-9.521195387662829e-09,1.4288055896759033,-0.8744347095489502,-0.8744347095489502,1.058274269104004,-0.8744347095489502,0.0,0.0,1.0522217750549316,1.0,0.1,0.3,100.0,1e-05,10.0,"tensor([[[[[1., 1.],
           [1., 1.]],

          [[0., 0.],
           [0., 0.]]],


         [[[0., 0.],
           [0., 0.]],

          [[0., 0.],
           [0., 0.]]]],



        [[[[0., 0.],
           [0., 0.]],

          [[1., 1.],
           [1., 1.]]],


         [[[1., 1.],
           [1., 1.]],

          [[0., 0.],
           [0., 0.]]]],



        [[[[0., 0.],
           [0., 0.]],

          [[0., 0.],
           [0., 0.]]],


         [[[0., 0.],
           [0., 0.]],

          [[1., 1.],
           [0., 0.]]]],



        [[[[0., 0.],
           [0., 0.]],

          [[0., 0.],
           [0., 0.]]],


         [[[0., 0.],
           [0., 0.]],

          [[0., 0.],
           [1., 1.]]]]])","tensor([[[[[0., 0.],
           [0., 0.]],

          [[0., 0.],
           [0., 0.]]],


         [[[0., 0.],
           [0., 0.]],

          [[0., 0.],
           [1., 1.]]]],



        [[[[0., 0.],
           [0., 0.]],

          [[1., 1.],
           [1., 1.]]],


         [[[1., 1.],
           [1., 1.]],

          [[0., 0.],
           [0., 0.]]]],



        [[[[0., 0.],
           [0., 0.]],

          [[0., 0.],
           [0., 0.]]],


         [[[0., 0.],
           [0., 0.]],

          [[1., 1.],
           [0., 0.]]]],



        [[[[1., 1.],
           [1., 1.]],

          [[0., 0.],
           [0., 0.]]],


         [[[0., 0.],
           [0., 0.]],

          [[0., 0.],
           [0., 0.]]]]], grad_fn=<RoundBackward1>)",0.99,0.8,inf,1000,1.0,pSAGD,cib_optimization/optimize_cib.py,wCIB+penalty,fsimoes,45345caa3f2538233a03cbc3e5b71daf91a5b4d3,"gamma=1.0--bxi=0.3,by=0.1,bs=0.8",LOCAL,CIB
249d4a9edcb247ef96fb56985878b4ab,805718296294777617,FINISHED,mlflow-artifacts:/805718296294777617/249d4a9edcb247ef96fb56985878b4ab/artifacts,2025-02-04 15:03:58.614000+00:00,2025-02-04 15:04:13.303000+00:00,1.058274269104004,1.932708978652954,-0.0,1.0,-0.0,1.0522217750549316,0.0,1.4288055896759033,-9.521195387662829e-09,1.4288055896759033,-0.8744347095489502,-0.8744347095489502,1.058274269104004,-0.8744347095489502,0.0,0.0,1.0522217750549316,1.0,0.1,0.3,10.0,1e-05,10.0,"tensor([[[[[1., 1.],
           [1., 1.]],

          [[0., 0.],
           [0., 0.]]],


         [[[0., 0.],
           [0., 0.]],

          [[0., 0.],
           [0., 0.]]]],



        [[[[0., 0.],
           [0., 0.]],

          [[1., 1.],
           [1., 1.]]],


         [[[1., 1.],
           [1., 1.]],

          [[0., 0.],
           [0., 0.]]]],



        [[[[0., 0.],
           [0., 0.]],

          [[0., 0.],
           [0., 0.]]],


         [[[0., 0.],
           [0., 0.]],

          [[1., 1.],
           [0., 0.]]]],



        [[[[0., 0.],
           [0., 0.]],

          [[0., 0.],
           [0., 0.]]],


         [[[0., 0.],
           [0., 0.]],

          [[0., 0.],
           [1., 1.]]]]])","tensor([[[[[0., 0.],
           [0., 0.]],

          [[0., 0.],
           [0., 0.]]],


         [[[0., 0.],
           [0., 0.]],

          [[1., 1.],
           [0., 0.]]]],



        [[[[1., 1.],
           [1., 1.]],

          [[0., 0.],
           [0., 0.]]],


         [[[0., 0.],
           [0., 0.]],

          [[0., 0.],
           [0., 0.]]]],



        [[[[0., 0.],
           [0., 0.]],

          [[0., 0.],
           [0., 0.]]],


         [[[0., 0.],
           [0., 0.]],

          [[0., 0.],
           [1., 1.]]]],



        [[[[0., 0.],
           [0., 0.]],

          [[1., 1.],
           [1., 1.]]],


         [[[1., 1.],
           [1., 1.]],

          [[0., 0.],
           [0., 0.]]]]], grad_fn=<RoundBackward1>)",0.99,0.8,inf,1000,1.0,pSAGD,cib_optimization/optimize_cib.py,wCIB+penalty,fsimoes,45345caa3f2538233a03cbc3e5b71daf91a5b4d3,"gamma=1.0--bxi=0.3,by=0.1,bs=0.8",LOCAL,CIB
3c7099251bff483e8a0e4ab865689237,805718296294777617,FINISHED,mlflow-artifacts:/805718296294777617/3c7099251bff483e8a0e4ab865689237/artifacts,2025-02-04 15:03:40.441000+00:00,2025-02-04 15:03:56.021000+00:00,1.058274269104004,1.932708978652954,0.15775522589683533,1.0,-0.0,1.0588936805725098,6.869095869888042e-08,1.4288055896759033,0.4439191351222407,1.7002898454666138,-0.7537212371826172,-0.7537212371826172,1.178987741470337,-0.8744347095489502,0.0,0.0,1.0522217750549316,1.0,0.1,0.3,10.0,1e-05,10.0,"tensor([[[[[1., 1.],
           [1., 1.]],

          [[0., 0.],
           [0., 0.]]],


         [[[0., 0.],
           [0., 0.]],

          [[0., 0.],
           [0., 0.]]]],



        [[[[0., 0.],
           [0., 0.]],

          [[1., 1.],
           [1., 1.]]],


         [[[1., 1.],
           [1., 1.]],

          [[0., 0.],
           [0., 0.]]]],



        [[[[0., 0.],
           [0., 0.]],

          [[0., 0.],
           [0., 0.]]],


         [[[0., 0.],
           [0., 0.]],

          [[1., 1.],
           [0., 0.]]]],



        [[[[0., 0.],
           [0., 0.]],

          [[0., 0.],
           [0., 0.]]],


         [[[0., 0.],
           [0., 0.]],

          [[0., 0.],
           [1., 1.]]]]])","tensor([[[[[0.0000, 0.0000],
           [0.0000, 0.0000]],

          [[0.9600, 0.4100],
           [0.0000, 0.0700]]],


         [[[0.7200, 0.0000],
           [0.7200, 0.0000]],

          [[0.0000, 0.0000],
           [0.0000, 0.0000]]]],



        [[[[1.0000, 1.0000],
           [1.0000, 1.0000]],

          [[0.0000, 0.0000],
           [0.0000, 0.0000]]],


         [[[0.0000, 0.0000],
           [0.0000, 0.0000]],

          [[0.0000, 0.0000],
           [0.0000, 0.0000]]]],



        [[[[0.0000, 0.0000],
           [0.0000, 0.0000]],

          [[0.0400, 0.5900],
           [1.0000, 0.9300]]],


         [[[0.2800, 1.0000],
           [0.2800, 1.0000]],

          [[0.0000, 0.0000],
           [0.0000, 0.0000]]]],



        [[[[0.0000, 0.0000],
           [0.0000, 0.0000]],

          [[0.0000, 0.0000],
           [0.0000, 0.0000]]],


         [[[0.0000, 0.0000],
           [0.0000, 0.0000]],

          [[1.0000, 1.0000],
           [1.0000, 1.0000]]]]], grad_fn=<RoundBackward1>)",0.99,0.8,inf,1000,1.0,pSAGD,cib_optimization/optimize_cib.py,wCIB+penalty,fsimoes,45345caa3f2538233a03cbc3e5b71daf91a5b4d3,"gamma=1.0--bxi=0.3,by=0.1,bs=0.8",LOCAL,CIB
93e614f7faae4614b9f982f9cc145503,805718296294777617,FINISHED,mlflow-artifacts:/805718296294777617/93e614f7faae4614b9f982f9cc145503/artifacts,2025-02-04 15:03:23.322000+00:00,2025-02-04 15:03:37.715000+00:00,1.058274269104004,1.932708978652954,-0.0,1.0,-0.0,1.0522217750549316,0.0,1.4288055896759033,-9.521195387662829e-09,1.4288055896759033,-0.8744347095489502,-0.8744347095489502,1.058274269104004,-0.8744347095489502,0.0,0.0,1.0522217750549316,1.0,0.1,0.3,10.0,1e-05,10.0,"tensor([[[[[1., 1.],
           [1., 1.]],

          [[0., 0.],
           [0., 0.]]],


         [[[0., 0.],
           [0., 0.]],

          [[0., 0.],
           [0., 0.]]]],



        [[[[0., 0.],
           [0., 0.]],

          [[1., 1.],
           [1., 1.]]],


         [[[1., 1.],
           [1., 1.]],

          [[0., 0.],
           [0., 0.]]]],



        [[[[0., 0.],
           [0., 0.]],

          [[0., 0.],
           [0., 0.]]],


         [[[0., 0.],
           [0., 0.]],

          [[1., 1.],
           [0., 0.]]]],



        [[[[0., 0.],
           [0., 0.]],

          [[0., 0.],
           [0., 0.]]],


         [[[0., 0.],
           [0., 0.]],

          [[0., 0.],
           [1., 1.]]]]])","tensor([[[[[0., 0.],
           [0., 0.]],

          [[0., 0.],
           [0., 0.]]],


         [[[0., 0.],
           [0., 0.]],

          [[0., 0.],
           [1., 1.]]]],



        [[[[0., 0.],
           [0., 0.]],

          [[0., 0.],
           [0., 0.]]],


         [[[0., 0.],
           [0., 0.]],

          [[1., 1.],
           [0., 0.]]]],



        [[[[0., 0.],
           [0., 0.]],

          [[1., 1.],
           [1., 1.]]],


         [[[1., 1.],
           [1., 1.]],

          [[0., 0.],
           [0., 0.]]]],



        [[[[1., 1.],
           [1., 1.]],

          [[0., 0.],
           [0., 0.]]],


         [[[0., 0.],
           [0., 0.]],

          [[0., 0.],
           [0., 0.]]]]], grad_fn=<RoundBackward1>)",0.99,0.8,inf,1000,1.0,pSAGD,cib_optimization/optimize_cib.py,wCIB+penalty,fsimoes,45345caa3f2538233a03cbc3e5b71daf91a5b4d3,"gamma=1.0--bxi=0.3,by=0.1,bs=0.8",LOCAL,CIB
72ce816b2d6c4420a2a256a26b6a6a12,805718296294777617,FINISHED,mlflow-artifacts:/805718296294777617/72ce816b2d6c4420a2a256a26b6a6a12/artifacts,2025-02-04 15:02:55.799000+00:00,2025-02-04 15:03:20.488000+00:00,1.058274269104004,1.932708978652954,0.35586023330688477,1.0,-0.0,1.0766888856887817,7.337970941989624e-08,1.4288055896759033,0.4838760433244538,1.7402598857879639,-0.7537213563919067,-0.7537213563919067,1.1789876222610474,-0.8744347095489502,0.0,0.0,1.0522217750549316,1.0,0.1,0.3,1.0,1e-05,10.0,"tensor([[[[[1., 1.],
           [1., 1.]],

          [[0., 0.],
           [0., 0.]]],


         [[[0., 0.],
           [0., 0.]],

          [[0., 0.],
           [0., 0.]]]],



        [[[[0., 0.],
           [0., 0.]],

          [[1., 1.],
           [1., 1.]]],


         [[[1., 1.],
           [1., 1.]],

          [[0., 0.],
           [0., 0.]]]],



        [[[[0., 0.],
           [0., 0.]],

          [[0., 0.],
           [0., 0.]]],


         [[[0., 0.],
           [0., 0.]],

          [[1., 1.],
           [0., 0.]]]],



        [[[[0., 0.],
           [0., 0.]],

          [[0., 0.],
           [0., 0.]]],


         [[[0., 0.],
           [0., 0.]],

          [[0., 0.],
           [1., 1.]]]]])","tensor([[[[[1.0000, 1.0000],
           [1.0000, 1.0000]],

          [[0.0000, 0.0000],
           [0.0000, 0.0000]]],


         [[[0.0000, 0.0000],
           [0.0000, 0.0000]],

          [[0.0000, 0.0000],
           [0.0000, 0.0000]]]],



        [[[[0.0000, 0.0000],
           [0.0000, 0.0000]],

          [[0.2700, 0.4600],
           [0.8900, 0.7800]]],


         [[[0.5400, 0.5800],
           [0.8000, 0.5800]],

          [[0.0000, 0.0000],
           [0.0000, 0.0000]]]],



        [[[[0.0000, 0.0000],
           [0.0000, 0.0000]],

          [[0.7300, 0.5400],
           [0.1100, 0.2200]]],


         [[[0.4600, 0.4200],
           [0.2000, 0.4200]],

          [[0.0000, 0.0000],
           [0.0000, 0.0000]]]],



        [[[[0.0000, 0.0000],
           [0.0000, 0.0000]],

          [[0.0000, 0.0000],
           [0.0000, 0.0000]]],


         [[[0.0000, 0.0000],
           [0.0000, 0.0000]],

          [[1.0000, 1.0000],
           [1.0000, 1.0000]]]]], grad_fn=<RoundBackward1>)",0.99,0.8,inf,1000,1.0,pSAGD,cib_optimization/optimize_cib.py,wCIB+penalty,fsimoes,45345caa3f2538233a03cbc3e5b71daf91a5b4d3,"gamma=1.0--bxi=0.3,by=0.1,bs=0.8",LOCAL,CIB
4c7e7733bb444e4e8eae458878b41beb,805718296294777617,FINISHED,mlflow-artifacts:/805718296294777617/4c7e7733bb444e4e8eae458878b41beb/artifacts,2025-02-04 15:02:28.128000+00:00,2025-02-04 15:02:53.132000+00:00,1.058274269104004,1.932708978652954,0.30152571201324463,1.0,-0.0,1.0681933164596558,5.1619135632563484e-08,1.4288055896759033,0.5707008332703194,1.8270668983459473,-0.7537212371826172,-0.7537212371826172,1.178987741470337,-0.8744347095489502,0.0,0.0,1.0522217750549316,1.0,0.1,0.3,1.0,1e-05,10.0,"tensor([[[[[1., 1.],
           [1., 1.]],

          [[0., 0.],
           [0., 0.]]],


         [[[0., 0.],
           [0., 0.]],

          [[0., 0.],
           [0., 0.]]]],



        [[[[0., 0.],
           [0., 0.]],

          [[1., 1.],
           [1., 1.]]],


         [[[1., 1.],
           [1., 1.]],

          [[0., 0.],
           [0., 0.]]]],



        [[[[0., 0.],
           [0., 0.]],

          [[0., 0.],
           [0., 0.]]],


         [[[0., 0.],
           [0., 0.]],

          [[1., 1.],
           [0., 0.]]]],



        [[[[0., 0.],
           [0., 0.]],

          [[0., 0.],
           [0., 0.]]],


         [[[0., 0.],
           [0., 0.]],

          [[0., 0.],
           [1., 1.]]]]])","tensor([[[[[0.7600, 0.6800],
           [1.0000, 0.1900]],

          [[0.0000, 0.0000],
           [0.0000, 0.0000]]],


         [[[0.0000, 0.0000],
           [0.0000, 0.0000]],

          [[0.0000, 0.0000],
           [0.0000, 0.0000]]]],



        [[[[0.2400, 0.3200],
           [0.0000, 0.8100]],

          [[0.0000, 0.0000],
           [0.0000, 0.0000]]],


         [[[0.0000, 0.0000],
           [0.0000, 0.0000]],

          [[0.0000, 0.0000],
           [0.0000, 0.0000]]]],



        [[[[0.0000, 0.0000],
           [0.0000, 0.0000]],

          [[0.0000, 0.0000],
           [0.0000, 0.0000]]],


         [[[0.0000, 0.0000],
           [0.0000, 0.0000]],

          [[1.0000, 1.0000],
           [1.0000, 1.0000]]]],



        [[[[0.0000, 0.0000],
           [0.0000, 0.0000]],

          [[1.0000, 1.0000],
           [1.0000, 1.0000]]],


         [[[1.0000, 1.0000],
           [1.0000, 1.0000]],

          [[0.0000, 0.0000],
           [0.0000, 0.0000]]]]], grad_fn=<RoundBackward1>)",0.99,0.8,inf,1000,1.0,pSAGD,cib_optimization/optimize_cib.py,wCIB+penalty,fsimoes,45345caa3f2538233a03cbc3e5b71daf91a5b4d3,"gamma=1.0--bxi=0.3,by=0.1,bs=0.8",LOCAL,CIB
a2aa9d4202e649a4a8666d6bc9c55dda,805718296294777617,FINISHED,mlflow-artifacts:/805718296294777617/a2aa9d4202e649a4a8666d6bc9c55dda/artifacts,2025-02-04 15:01:59.008000+00:00,2025-02-04 15:02:25.510000+00:00,1.058274269104004,1.932708978652954,0.3635651469230652,1.0,-0.0,1.0789730548858643,6.188916756855178e-08,1.4288055896759033,0.5019653088396527,1.7583234310150146,-0.7537212371826172,-0.7537212371826172,1.178987741470337,-0.8744347095489502,0.0,0.0,1.0522217750549316,1.0,0.1,0.3,1.0,1e-05,10.0,"tensor([[[[[1., 1.],
           [1., 1.]],

          [[0., 0.],
           [0., 0.]]],


         [[[0., 0.],
           [0., 0.]],

          [[0., 0.],
           [0., 0.]]]],



        [[[[0., 0.],
           [0., 0.]],

          [[1., 1.],
           [1., 1.]]],


         [[[1., 1.],
           [1., 1.]],

          [[0., 0.],
           [0., 0.]]]],



        [[[[0., 0.],
           [0., 0.]],

          [[0., 0.],
           [0., 0.]]],


         [[[0., 0.],
           [0., 0.]],

          [[1., 1.],
           [0., 0.]]]],



        [[[[0., 0.],
           [0., 0.]],

          [[0., 0.],
           [0., 0.]]],


         [[[0., 0.],
           [0., 0.]],

          [[0., 0.],
           [1., 1.]]]]])","tensor([[[[[0.0000, 0.0000],
           [0.0000, 0.0000]],

          [[0.5000, 0.3800],
           [0.4200, 0.2400]]],


         [[[0.4600, 0.5900],
           [0.1100, 0.7300]],

          [[0.0000, 0.0000],
           [0.0000, 0.0000]]]],



        [[[[0.0000, 0.0000],
           [0.0000, 0.0000]],

          [[0.5000, 0.6200],
           [0.5800, 0.7600]]],


         [[[0.5400, 0.4100],
           [0.8900, 0.2700]],

          [[0.0000, 0.0000],
           [0.0000, 0.0000]]]],



        [[[[0.0000, 0.0000],
           [0.0000, 0.0000]],

          [[0.0000, 0.0000],
           [0.0000, 0.0000]]],


         [[[0.0000, 0.0000],
           [0.0000, 0.0000]],

          [[1.0000, 1.0000],
           [1.0000, 1.0000]]]],



        [[[[1.0000, 1.0000],
           [1.0000, 1.0000]],

          [[0.0000, 0.0000],
           [0.0000, 0.0000]]],


         [[[0.0000, 0.0000],
           [0.0000, 0.0000]],

          [[0.0000, 0.0000],
           [0.0000, 0.0000]]]]], grad_fn=<RoundBackward1>)",0.99,0.8,inf,1000,1.0,pSAGD,cib_optimization/optimize_cib.py,wCIB+penalty,fsimoes,45345caa3f2538233a03cbc3e5b71daf91a5b4d3,"gamma=1.0--bxi=0.3,by=0.1,bs=0.8",LOCAL,CIB
46ca44a89a3e4a70af80a21376d1eff9,805718296294777617,FINISHED,mlflow-artifacts:/805718296294777617/46ca44a89a3e4a70af80a21376d1eff9/artifacts,2025-02-04 15:01:44.418000+00:00,2025-02-04 15:01:56.445000+00:00,1.058274269104004,1.932708978652954,-0.0,1.0,-0.0,1.2526543140411377,5.291502475738525,1.4288055896759033,1.5710391056474595,1.783931016921997,-0.0243644118309021,-0.0243644118309021,1.456270694732666,-0.4137866497039795,0.00546032190322876,0.0,1.0522217750549316,0.8,0.1,0.3,10000.0,1e-05,10.0,"tensor([[[[[1., 1.],
           [1., 1.]],

          [[0., 0.],
           [0., 0.]]],


         [[[0., 0.],
           [0., 0.]],

          [[0., 0.],
           [0., 0.]]]],



        [[[[0., 0.],
           [0., 0.]],

          [[1., 1.],
           [1., 1.]]],


         [[[1., 1.],
           [1., 1.]],

          [[0., 0.],
           [0., 0.]]]],



        [[[[0., 0.],
           [0., 0.]],

          [[0., 0.],
           [0., 0.]]],


         [[[0., 0.],
           [0., 0.]],

          [[1., 1.],
           [0., 0.]]]],



        [[[[0., 0.],
           [0., 0.]],

          [[0., 0.],
           [0., 0.]]],


         [[[0., 0.],
           [0., 0.]],

          [[0., 0.],
           [1., 1.]]]]])","tensor([[[[[1., 0.],
           [1., 0.]],

          [[1., 1.],
           [1., 1.]]],


         [[[0., 0.],
           [0., 1.]],

          [[0., 0.],
           [0., 0.]]]],



        [[[[0., 0.],
           [0., 0.]],

          [[0., 0.],
           [0., 0.]]],


         [[[0., 0.],
           [0., 0.]],

          [[1., 1.],
           [1., 0.]]]],



        [[[[0., 1.],
           [0., 1.]],

          [[0., 0.],
           [0., 0.]]],


         [[[0., 0.],
           [0., 0.]],

          [[0., 0.],
           [0., 1.]]]],



        [[[[0., 0.],
           [0., 0.]],

          [[0., 0.],
           [0., 0.]]],


         [[[1., 1.],
           [1., 0.]],

          [[0., 0.],
           [0., 0.]]]]])",0.99,0.8,4.0,1000,1.0,pSAGD,cib_optimization/optimize_cib.py,wCIB+penalty,fsimoes,45345caa3f2538233a03cbc3e5b71daf91a5b4d3,"gamma=0.8--bxi=0.3,by=0.1,bs=0.8",LOCAL,CIB
da35452671b84ce2b18cef2ce9cfd714,805718296294777617,FINISHED,mlflow-artifacts:/805718296294777617/da35452671b84ce2b18cef2ce9cfd714/artifacts,2025-02-04 15:01:31.279000+00:00,2025-02-04 15:01:41.849000+00:00,1.058274269104004,1.932708978652954,-0.0,1.0,-0.0,1.4645969867706299,5.656854152679443,1.4288055896759033,1.763958718672237,1.2933995723724365,-0.08861565589904785,-0.08861565589904785,1.4985895156860352,-0.4137866497039795,0.0,0.0,1.0522217750549316,0.8,0.1,0.3,10000.0,1e-05,10.0,"tensor([[[[[1., 1.],
           [1., 1.]],

          [[0., 0.],
           [0., 0.]]],


         [[[0., 0.],
           [0., 0.]],

          [[0., 0.],
           [0., 0.]]]],



        [[[[0., 0.],
           [0., 0.]],

          [[1., 1.],
           [1., 1.]]],


         [[[1., 1.],
           [1., 1.]],

          [[0., 0.],
           [0., 0.]]]],



        [[[[0., 0.],
           [0., 0.]],

          [[0., 0.],
           [0., 0.]]],


         [[[0., 0.],
           [0., 0.]],

          [[1., 1.],
           [0., 0.]]]],



        [[[[0., 0.],
           [0., 0.]],

          [[0., 0.],
           [0., 0.]]],


         [[[0., 0.],
           [0., 0.]],

          [[0., 0.],
           [1., 1.]]]]])","tensor([[[[[0., 0.],
           [0., 0.]],

          [[0., 0.],
           [0., 0.]]],


         [[[0., 0.],
           [0., 0.]],

          [[0., 1.],
           [0., 1.]]]],



        [[[[1., 0.],
           [0., 0.]],

          [[0., 1.],
           [0., 1.]]],


         [[[1., 0.],
           [0., 0.]],

          [[0., 0.],
           [0., 0.]]]],



        [[[[0., 0.],
           [0., 0.]],

          [[0., 0.],
           [0., 0.]]],


         [[[0., 0.],
           [0., 0.]],

          [[1., 0.],
           [1., 0.]]]],



        [[[[0., 1.],
           [1., 1.]],

          [[1., 0.],
           [1., 0.]]],


         [[[0., 1.],
           [1., 1.]],

          [[0., 0.],
           [0., 0.]]]]])",0.99,0.8,4.0,1000,1.0,pSAGD,cib_optimization/optimize_cib.py,wCIB+penalty,fsimoes,45345caa3f2538233a03cbc3e5b71daf91a5b4d3,"gamma=0.8--bxi=0.3,by=0.1,bs=0.8",LOCAL,CIB
e5e88919a18147f8ba335caac98cb27d,805718296294777617,FINISHED,mlflow-artifacts:/805718296294777617/e5e88919a18147f8ba335caac98cb27d/artifacts,2025-02-04 15:01:14.545000+00:00,2025-02-04 15:01:28.690000+00:00,1.058274269104004,1.932708978652954,-0.0,1.0,-0.0,1.4558820724487305,4.898979663848877,1.4288055896759033,1.6278739007653322,1.3675847053527832,-0.1799391806125641,-0.1799391806125641,1.3658888339996338,-0.4137866497039795,0.0,0.0,1.0522217750549316,0.8,0.1,0.3,10000.0,1e-05,10.0,"tensor([[[[[1., 1.],
           [1., 1.]],

          [[0., 0.],
           [0., 0.]]],


         [[[0., 0.],
           [0., 0.]],

          [[0., 0.],
           [0., 0.]]]],



        [[[[0., 0.],
           [0., 0.]],

          [[1., 1.],
           [1., 1.]]],


         [[[1., 1.],
           [1., 1.]],

          [[0., 0.],
           [0., 0.]]]],



        [[[[0., 0.],
           [0., 0.]],

          [[0., 0.],
           [0., 0.]]],


         [[[0., 0.],
           [0., 0.]],

          [[1., 1.],
           [0., 0.]]]],



        [[[[0., 0.],
           [0., 0.]],

          [[0., 0.],
           [0., 0.]]],


         [[[0., 0.],
           [0., 0.]],

          [[0., 0.],
           [1., 1.]]]]])","tensor([[[[[0., 0.],
           [1., 0.]],

          [[0., 1.],
           [0., 1.]]],


         [[[1., 0.],
           [1., 0.]],

          [[0., 0.],
           [0., 0.]]]],



        [[[[0., 0.],
           [0., 0.]],

          [[0., 0.],
           [0., 0.]]],


         [[[0., 0.],
           [0., 0.]],

          [[1., 1.],
           [0., 0.]]]],



        [[[[1., 1.],
           [0., 1.]],

          [[1., 0.],
           [1., 0.]]],


         [[[0., 1.],
           [0., 1.]],

          [[0., 0.],
           [0., 0.]]]],



        [[[[0., 0.],
           [0., 0.]],

          [[0., 0.],
           [0., 0.]]],


         [[[0., 0.],
           [0., 0.]],

          [[0., 0.],
           [1., 1.]]]]])",0.99,0.8,4.0,1000,1.0,pSAGD,cib_optimization/optimize_cib.py,wCIB+penalty,fsimoes,45345caa3f2538233a03cbc3e5b71daf91a5b4d3,"gamma=0.8--bxi=0.3,by=0.1,bs=0.8",LOCAL,CIB
c112b79c3d184cdc91aa0e052d992849,805718296294777617,FINISHED,mlflow-artifacts:/805718296294777617/c112b79c3d184cdc91aa0e052d992849/artifacts,2025-02-04 15:01:02.588000+00:00,2025-02-04 15:01:11.944000+00:00,1.058274269104004,1.932708978652954,-6.346159597825363e-09,1.0,-0.0,1.3688734769821167,4.500257968902588,1.4288055896759033,1.922696530963122,1.8333386182785034,-0.043167710304260254,-0.043167710304260254,1.420414686203003,-0.4137866497039795,0.06669437885284424,0.0,1.0522217750549316,0.8,0.1,0.3,100.0,1e-05,10.0,"tensor([[[[[1., 1.],
           [1., 1.]],

          [[0., 0.],
           [0., 0.]]],


         [[[0., 0.],
           [0., 0.]],

          [[0., 0.],
           [0., 0.]]]],



        [[[[0., 0.],
           [0., 0.]],

          [[1., 1.],
           [1., 1.]]],


         [[[1., 1.],
           [1., 1.]],

          [[0., 0.],
           [0., 0.]]]],



        [[[[0., 0.],
           [0., 0.]],

          [[0., 0.],
           [0., 0.]]],


         [[[0., 0.],
           [0., 0.]],

          [[1., 1.],
           [0., 0.]]]],



        [[[[0., 0.],
           [0., 0.]],

          [[0., 0.],
           [0., 0.]]],


         [[[0., 0.],
           [0., 0.]],

          [[0., 0.],
           [1., 1.]]]]])","tensor([[[[[1.0000, 1.0000],
           [0.0000, 0.0000]],

          [[0.5300, 0.0000],
           [0.0000, 0.4200]]],


         [[[0.5300, 0.3300],
           [0.5300, 0.5600]],

          [[0.0000, 0.0000],
           [0.0000, 0.0000]]]],



        [[[[0.0000, 0.0000],
           [0.0000, 0.0000]],

          [[0.0000, 0.7000],
           [0.7000, 0.5800]]],


         [[[0.0000, 0.6700],
           [0.0000, 0.0000]],

          [[0.0000, 0.0000],
           [0.0000, 0.0000]]]],



        [[[[0.0000, 0.0000],
           [0.0000, 0.0000]],

          [[0.0000, 0.0000],
           [0.0000, 0.0000]]],


         [[[0.0000, 0.0000],
           [0.0000, 0.0000]],

          [[1.0000, 1.0000],
           [1.0000, 1.0000]]]],



        [[[[0.0000, 0.0000],
           [1.0000, 1.0000]],

          [[0.4700, 0.2900],
           [0.2900, 0.0000]]],


         [[[0.4700, 0.0000],
           [0.4700, 0.4400]],

          [[0.0000, 0.0000],
           [0.0000, 0.0000]]]]])",0.99,0.8,4.0,1000,1.0,pSAGD,cib_optimization/optimize_cib.py,wCIB+penalty,fsimoes,45345caa3f2538233a03cbc3e5b71daf91a5b4d3,"gamma=0.8--bxi=0.3,by=0.1,bs=0.8",LOCAL,CIB
111aee4d698247919e1aae8d891e6597,805718296294777617,FINISHED,mlflow-artifacts:/805718296294777617/111aee4d698247919e1aae8d891e6597/artifacts,2025-02-04 15:00:20.948000+00:00,2025-02-04 15:00:59.978000+00:00,1.058274269104004,1.932708978652954,-6.346159597825363e-09,0.0,-0.0,1.4509190320968628,4.5113325119018555,1.4288055896759033,1.9668148142206898,1.6760261058807373,-0.041568607091903687,-0.041568607091903687,1.4617416858673096,-0.4137866497039795,0.06708621978759766,0.0,1.0522217750549316,0.8,0.1,0.3,100.0,1e-05,10.0,"tensor([[[[[1., 1.],
           [1., 1.]],

          [[0., 0.],
           [0., 0.]]],


         [[[0., 0.],
           [0., 0.]],

          [[0., 0.],
           [0., 0.]]]],



        [[[[0., 0.],
           [0., 0.]],

          [[1., 1.],
           [1., 1.]]],


         [[[1., 1.],
           [1., 1.]],

          [[0., 0.],
           [0., 0.]]]],



        [[[[0., 0.],
           [0., 0.]],

          [[0., 0.],
           [0., 0.]]],


         [[[0., 0.],
           [0., 0.]],

          [[1., 1.],
           [0., 0.]]]],



        [[[[0., 0.],
           [0., 0.]],

          [[0., 0.],
           [0., 0.]]],


         [[[0., 0.],
           [0., 0.]],

          [[0., 0.],
           [1., 1.]]]]])","tensor([[[[[1., 0.],
           [0., 1.]],

          [[0., 0.],
           [0., 1.]]],


         [[[1., 0.],
           [0., 0.]],

          [[0., 0.],
           [0., 0.]]]],



        [[[[0., 0.],
           [0., 0.]],

          [[0., 0.],
           [1., 0.]]],


         [[[0., 0.],
           [1., 0.]],

          [[0., 0.],
           [0., 0.]]]],



        [[[[0., 0.],
           [0., 0.]],

          [[0., 0.],
           [0., 0.]]],


         [[[0., 0.],
           [0., 0.]],

          [[1., 1.],
           [1., 1.]]]],



        [[[[0., 1.],
           [1., 0.]],

          [[1., 1.],
           [0., 0.]]],


         [[[0., 1.],
           [0., 1.]],

          [[0., 0.],
           [0., 0.]]]]], grad_fn=<RoundBackward1>)",0.99,0.8,4.0,1000,1.0,pSAGD,cib_optimization/optimize_cib.py,wCIB+penalty,fsimoes,45345caa3f2538233a03cbc3e5b71daf91a5b4d3,"gamma=0.8--bxi=0.3,by=0.1,bs=0.8",LOCAL,CIB
0a32eb2a2b9547beb4899c3b1118973b,805718296294777617,FINISHED,mlflow-artifacts:/805718296294777617/0a32eb2a2b9547beb4899c3b1118973b/artifacts,2025-02-04 14:59:39.961000+00:00,2025-02-04 15:00:18.346000+00:00,1.058274269104004,1.932708978652954,0.07927863299846649,0.0,-0.0,1.425856590270996,4.476138114929199,1.4288055896759033,1.6903432766039743,1.4315109252929688,-0.1724683940410614,-0.1724683940410614,1.3790653944015503,-0.4137866497039795,0.0,0.0,1.0522217750549316,0.8,0.1,0.3,100.0,1e-05,10.0,"tensor([[[[[1., 1.],
           [1., 1.]],

          [[0., 0.],
           [0., 0.]]],


         [[[0., 0.],
           [0., 0.]],

          [[0., 0.],
           [0., 0.]]]],



        [[[[0., 0.],
           [0., 0.]],

          [[1., 1.],
           [1., 1.]]],


         [[[1., 1.],
           [1., 1.]],

          [[0., 0.],
           [0., 0.]]]],



        [[[[0., 0.],
           [0., 0.]],

          [[0., 0.],
           [0., 0.]]],


         [[[0., 0.],
           [0., 0.]],

          [[1., 1.],
           [0., 0.]]]],



        [[[[0., 0.],
           [0., 0.]],

          [[0., 0.],
           [0., 0.]]],


         [[[0., 0.],
           [0., 0.]],

          [[0., 0.],
           [1., 1.]]]]])","tensor([[[[[0.0000, 0.0000],
           [1.0000, 1.0000]],

          [[0.5400, 1.0000],
           [0.0000, 0.0000]]],


         [[[0.0000, 0.5500],
           [1.0000, 0.0000]],

          [[0.0000, 0.0000],
           [0.0000, 0.0000]]]],



        [[[[0.0000, 0.0000],
           [0.0000, 0.0000]],

          [[0.0000, 0.0000],
           [0.0000, 0.0000]]],


         [[[0.0000, 0.0000],
           [0.0000, 0.0000]],

          [[0.0000, 0.0000],
           [1.0000, 1.0000]]]],



        [[[[1.0000, 1.0000],
           [0.0000, 0.0000]],

          [[0.4600, 0.0000],
           [1.0000, 1.0000]]],


         [[[1.0000, 0.4500],
           [0.0000, 1.0000]],

          [[0.0000, 0.0000],
           [0.0000, 0.0000]]]],



        [[[[0.0000, 0.0000],
           [0.0000, 0.0000]],

          [[0.0000, 0.0000],
           [0.0000, 0.0000]]],


         [[[0.0000, 0.0000],
           [0.0000, 0.0000]],

          [[1.0000, 1.0000],
           [0.0000, 0.0000]]]]], grad_fn=<RoundBackward1>)",0.99,0.8,4.0,1000,1.0,pSAGD,cib_optimization/optimize_cib.py,wCIB+penalty,fsimoes,45345caa3f2538233a03cbc3e5b71daf91a5b4d3,"gamma=0.8--bxi=0.3,by=0.1,bs=0.8",LOCAL,CIB
64643c935343496c8c864abc6fed83c3,805718296294777617,FINISHED,mlflow-artifacts:/805718296294777617/64643c935343496c8c864abc6fed83c3/artifacts,2025-02-04 14:58:58.837000+00:00,2025-02-04 14:59:37.108000+00:00,1.058274269104004,1.932708978652954,0.835630476474762,0.0,-0.0,1.3654367923736572,1.3099268674850464,1.4288055896759033,2.078302276109549,1.8778215646743774,-0.22779397666454315,-0.22779397666454315,1.3874187469482422,-0.4137866497039795,0.07983268797397614,0.0,1.0522217750549316,0.8,0.1,0.3,10.0,1e-05,10.0,"tensor([[[[[1., 1.],
           [1., 1.]],

          [[0., 0.],
           [0., 0.]]],


         [[[0., 0.],
           [0., 0.]],

          [[0., 0.],
           [0., 0.]]]],



        [[[[0., 0.],
           [0., 0.]],

          [[1., 1.],
           [1., 1.]]],


         [[[1., 1.],
           [1., 1.]],

          [[0., 0.],
           [0., 0.]]]],



        [[[[0., 0.],
           [0., 0.]],

          [[0., 0.],
           [0., 0.]]],


         [[[0., 0.],
           [0., 0.]],

          [[1., 1.],
           [0., 0.]]]],



        [[[[0., 0.],
           [0., 0.]],

          [[0., 0.],
           [0., 0.]]],


         [[[0., 0.],
           [0., 0.]],

          [[0., 0.],
           [1., 1.]]]]])","tensor([[[[[0.0100, 0.0200],
           [0.0200, 0.5000]],

          [[0.5100, 0.4400],
           [0.4400, 0.5000]]],


         [[[0.5100, 0.4400],
           [0.4400, 0.5000]],

          [[0.0000, 0.0000],
           [0.0000, 0.0000]]]],



        [[[[0.0000, 0.0000],
           [0.0000, 0.0000]],

          [[0.0000, 0.0000],
           [0.0000, 0.0000]]],


         [[[0.0000, 0.0000],
           [0.0000, 0.0000]],

          [[1.0000, 1.0000],
           [1.0000, 1.0000]]]],



        [[[[0.9800, 0.9500],
           [0.9500, 0.0000]],

          [[0.0200, 0.1700],
           [0.1700, 0.0400]]],


         [[[0.0200, 0.1700],
           [0.1700, 0.0400]],

          [[0.0000, 0.0000],
           [0.0000, 0.0000]]]],



        [[[[0.0100, 0.0300],
           [0.0300, 0.5000]],

          [[0.4700, 0.3900],
           [0.3900, 0.4600]]],


         [[[0.4700, 0.3900],
           [0.3900, 0.4600]],

          [[0.0000, 0.0000],
           [0.0000, 0.0000]]]]], grad_fn=<RoundBackward1>)",0.99,0.8,4.0,1000,1.0,pSAGD,cib_optimization/optimize_cib.py,wCIB+penalty,fsimoes,45345caa3f2538233a03cbc3e5b71daf91a5b4d3,"gamma=0.8--bxi=0.3,by=0.1,bs=0.8",LOCAL,CIB
6937216c10e14447b21572a99e7995cd,805718296294777617,FINISHED,mlflow-artifacts:/805718296294777617/6937216c10e14447b21572a99e7995cd/artifacts,2025-02-04 14:58:17.575000+00:00,2025-02-04 14:58:56.252000+00:00,1.058274269104004,1.932708978652954,0.6193784475326538,0.0,-0.0,1.1660839319229126,1.2401305437088013,1.4288055896759033,0.9405861498494374,1.7907979488372803,-0.3249540328979492,-0.3249540328979492,1.2336615324020386,-0.4137866497039795,-0.07619939744472504,0.0,1.0522217750549316,0.8,0.1,0.3,10.0,1e-05,10.0,"tensor([[[[[1., 1.],
           [1., 1.]],

          [[0., 0.],
           [0., 0.]]],


         [[[0., 0.],
           [0., 0.]],

          [[0., 0.],
           [0., 0.]]]],



        [[[[0., 0.],
           [0., 0.]],

          [[1., 1.],
           [1., 1.]]],


         [[[1., 1.],
           [1., 1.]],

          [[0., 0.],
           [0., 0.]]]],



        [[[[0., 0.],
           [0., 0.]],

          [[0., 0.],
           [0., 0.]]],


         [[[0., 0.],
           [0., 0.]],

          [[1., 1.],
           [0., 0.]]]],



        [[[[0., 0.],
           [0., 0.]],

          [[0., 0.],
           [0., 0.]]],


         [[[0., 0.],
           [0., 0.]],

          [[0., 0.],
           [1., 1.]]]]])","tensor([[[[[0.0400, 0.0600],
           [0.0600, 0.0000]],

          [[0.5000, 0.5000],
           [0.5000, 0.4800]]],


         [[[0.5000, 0.5000],
           [0.5000, 0.4800]],

          [[0.0000, 0.0000],
           [0.0000, 0.0000]]]],



        [[[[0.9200, 0.8900],
           [0.8900, 1.0000]],

          [[0.0000, 0.0000],
           [0.0000, 0.0300]]],


         [[[0.0000, 0.0000],
           [0.0000, 0.0300]],

          [[0.0000, 0.0000],
           [0.0000, 0.0000]]]],



        [[[[0.0400, 0.0600],
           [0.0600, 0.0000]],

          [[0.5000, 0.5000],
           [0.5000, 0.4900]]],


         [[[0.5000, 0.5000],
           [0.5000, 0.4900]],

          [[0.0000, 0.0000],
           [0.0000, 0.0000]]]],



        [[[[0.0000, 0.0000],
           [0.0000, 0.0000]],

          [[0.0000, 0.0000],
           [0.0000, 0.0000]]],


         [[[0.0000, 0.0000],
           [0.0000, 0.0000]],

          [[1.0000, 1.0000],
           [1.0000, 1.0000]]]]], grad_fn=<RoundBackward1>)",0.99,0.8,4.0,1000,1.0,pSAGD,cib_optimization/optimize_cib.py,wCIB+penalty,fsimoes,45345caa3f2538233a03cbc3e5b71daf91a5b4d3,"gamma=0.8--bxi=0.3,by=0.1,bs=0.8",LOCAL,CIB
9974e98bfd71458ebfc083324c70c1b9,805718296294777617,FINISHED,mlflow-artifacts:/805718296294777617/9974e98bfd71458ebfc083324c70c1b9/artifacts,2025-02-04 14:57:35.436000+00:00,2025-02-04 14:58:14.987000+00:00,1.058274269104004,1.932708978652954,0.19245271384716034,0.0,-0.0,1.1265039443969727,0.15143534541130066,1.4288055896759033,0.42951755544192904,1.4324698448181152,-0.4188721179962158,-0.4188721179962158,1.0991145372390747,-0.4137866497039795,-0.012769997119903564,0.0,1.0522217750549316,0.8,0.1,0.3,10.0,1e-05,10.0,"tensor([[[[[1., 1.],
           [1., 1.]],

          [[0., 0.],
           [0., 0.]]],


         [[[0., 0.],
           [0., 0.]],

          [[0., 0.],
           [0., 0.]]]],



        [[[[0., 0.],
           [0., 0.]],

          [[1., 1.],
           [1., 1.]]],


         [[[1., 1.],
           [1., 1.]],

          [[0., 0.],
           [0., 0.]]]],



        [[[[0., 0.],
           [0., 0.]],

          [[0., 0.],
           [0., 0.]]],


         [[[0., 0.],
           [0., 0.]],

          [[1., 1.],
           [0., 0.]]]],



        [[[[0., 0.],
           [0., 0.]],

          [[0., 0.],
           [0., 0.]]],


         [[[0., 0.],
           [0., 0.]],

          [[0., 0.],
           [1., 1.]]]]])","tensor([[[[[0.0000, 0.0000],
           [0.0000, 0.0000]],

          [[0.0000, 0.0000],
           [0.0000, 0.0000]]],


         [[[0.0000, 0.0000],
           [0.0000, 0.0000]],

          [[0.0000, 0.0000],
           [1.0000, 1.0000]]]],



        [[[[0.0100, 0.0300],
           [0.0300, 0.1300]],

          [[1.0000, 1.0000],
           [1.0000, 0.9700]]],


         [[[1.0000, 1.0000],
           [1.0000, 0.9700]],

          [[0.0000, 0.0000],
           [0.0000, 0.0000]]]],



        [[[[0.0000, 0.0000],
           [0.0000, 0.0000]],

          [[0.0000, 0.0000],
           [0.0000, 0.0000]]],


         [[[0.0000, 0.0000],
           [0.0000, 0.0000]],

          [[1.0000, 1.0000],
           [0.0000, 0.0000]]]],



        [[[[0.9900, 0.9700],
           [0.9700, 0.8700]],

          [[0.0000, 0.0000],
           [0.0000, 0.0300]]],


         [[[0.0000, 0.0000],
           [0.0000, 0.0300]],

          [[0.0000, 0.0000],
           [0.0000, 0.0000]]]]], grad_fn=<RoundBackward1>)",0.99,0.8,4.0,1000,1.0,pSAGD,cib_optimization/optimize_cib.py,wCIB+penalty,fsimoes,45345caa3f2538233a03cbc3e5b71daf91a5b4d3,"gamma=0.8--bxi=0.3,by=0.1,bs=0.8",LOCAL,CIB
6d454e307867409fb8da103e90989595,805718296294777617,FINISHED,mlflow-artifacts:/805718296294777617/6d454e307867409fb8da103e90989595/artifacts,2025-02-04 14:56:54.119000+00:00,2025-02-04 14:57:32.675000+00:00,1.058274269104004,1.932708978652954,0.5403409004211426,0.0,-0.0,1.3878189325332642,0.0031546251848340034,1.4288055896759033,1.2573272866338971,1.2819039821624756,-0.35280364751815796,-0.35280364751815796,1.3063136339187622,-0.4137866497039795,-4.7087669372558594e-05,0.0,1.0522217750549316,0.8,0.1,0.3,1.0,1e-05,10.0,"tensor([[[[[1., 1.],
           [1., 1.]],

          [[0., 0.],
           [0., 0.]]],


         [[[0., 0.],
           [0., 0.]],

          [[0., 0.],
           [0., 0.]]]],



        [[[[0., 0.],
           [0., 0.]],

          [[1., 1.],
           [1., 1.]]],


         [[[1., 1.],
           [1., 1.]],

          [[0., 0.],
           [0., 0.]]]],



        [[[[0., 0.],
           [0., 0.]],

          [[0., 0.],
           [0., 0.]]],


         [[[0., 0.],
           [0., 0.]],

          [[1., 1.],
           [0., 0.]]]],



        [[[[0., 0.],
           [0., 0.]],

          [[0., 0.],
           [0., 0.]]],


         [[[0., 0.],
           [0., 0.]],

          [[0., 0.],
           [1., 1.]]]]])","tensor([[[[[0.9900, 0.9800],
           [0.9800, 0.9200]],

          [[0.3900, 0.4400],
           [0.4300, 0.5700]]],


         [[[0.3800, 0.4500],
           [0.4200, 0.5700]],

          [[0.0000, 0.0000],
           [0.0000, 0.0000]]]],



        [[[[0.0000, 0.0000],
           [0.0000, 0.0000]],

          [[0.0000, 0.0000],
           [0.0000, 0.0000]]],


         [[[0.0000, 0.0000],
           [0.0000, 0.0000]],

          [[0.0000, 0.0000],
           [1.0000, 1.0000]]]],



        [[[[0.0000, 0.0000],
           [0.0000, 0.0000]],

          [[0.0000, 0.0000],
           [0.0000, 0.0000]]],


         [[[0.0000, 0.0000],
           [0.0000, 0.0000]],

          [[1.0000, 1.0000],
           [0.0000, 0.0000]]]],



        [[[[0.0100, 0.0200],
           [0.0200, 0.0800]],

          [[0.6100, 0.5600],
           [0.5700, 0.4300]]],


         [[[0.6200, 0.5500],
           [0.5800, 0.4300]],

          [[0.0000, 0.0000],
           [0.0000, 0.0000]]]]], grad_fn=<RoundBackward1>)",0.99,0.8,4.0,1000,1.0,pSAGD,cib_optimization/optimize_cib.py,wCIB+penalty,fsimoes,45345caa3f2538233a03cbc3e5b71daf91a5b4d3,"gamma=0.8--bxi=0.3,by=0.1,bs=0.8",LOCAL,CIB
0c93fc68834543df8ebcf2f4cc36eb18,805718296294777617,FINISHED,mlflow-artifacts:/805718296294777617/0c93fc68834543df8ebcf2f4cc36eb18/artifacts,2025-02-04 14:56:12.906000+00:00,2025-02-04 14:56:51.044000+00:00,1.058274269104004,1.932708978652954,0.6226796507835388,0.0,-0.0,1.1434746980667114,0.02600768953561783,1.4288055896759033,0.9205296442017197,1.792618751525879,-0.33979809284210205,-0.33979809284210205,1.215476632118225,-0.4137866497039795,0.00015413761138916016,0.0,1.0522217750549316,0.8,0.1,0.3,1.0,1e-05,10.0,"tensor([[[[[1., 1.],
           [1., 1.]],

          [[0., 0.],
           [0., 0.]]],


         [[[0., 0.],
           [0., 0.]],

          [[0., 0.],
           [0., 0.]]]],



        [[[[0., 0.],
           [0., 0.]],

          [[1., 1.],
           [1., 1.]]],


         [[[1., 1.],
           [1., 1.]],

          [[0., 0.],
           [0., 0.]]]],



        [[[[0., 0.],
           [0., 0.]],

          [[0., 0.],
           [0., 0.]]],


         [[[0., 0.],
           [0., 0.]],

          [[1., 1.],
           [0., 0.]]]],



        [[[[0., 0.],
           [0., 0.]],

          [[0., 0.],
           [0., 0.]]],


         [[[0., 0.],
           [0., 0.]],

          [[0., 0.],
           [1., 1.]]]]])","tensor([[[[[0.0000, 0.0000],
           [0.0000, 0.0000]],

          [[0.0000, 0.0000],
           [0.0000, 0.0000]]],


         [[[0.0000, 0.0000],
           [0.0000, 0.0000]],

          [[1.0000, 1.0000],
           [1.0000, 1.0000]]]],



        [[[[0.9900, 0.9700],
           [0.9700, 0.8700]],

          [[0.0000, 0.0000],
           [0.0100, 0.0100]]],


         [[[0.0000, 0.0000],
           [0.0100, 0.0100]],

          [[0.0000, 0.0000],
           [0.0000, 0.0000]]]],



        [[[[0.0000, 0.0100],
           [0.0100, 0.0600]],

          [[0.4200, 0.4400],
           [0.4300, 0.4400]]],


         [[[0.4400, 0.4500],
           [0.4300, 0.4400]],

          [[0.0000, 0.0000],
           [0.0000, 0.0000]]]],



        [[[[0.0100, 0.0200],
           [0.0200, 0.0800]],

          [[0.5800, 0.5600],
           [0.5600, 0.5600]]],


         [[[0.5500, 0.5500],
           [0.5600, 0.5600]],

          [[0.0000, 0.0000],
           [0.0000, 0.0000]]]]], grad_fn=<RoundBackward1>)",0.99,0.8,4.0,1000,1.0,pSAGD,cib_optimization/optimize_cib.py,wCIB+penalty,fsimoes,45345caa3f2538233a03cbc3e5b71daf91a5b4d3,"gamma=0.8--bxi=0.3,by=0.1,bs=0.8",LOCAL,CIB
cd5a47f9a36642cdacbf2cca89a50a3b,805718296294777617,FINISHED,mlflow-artifacts:/805718296294777617/cd5a47f9a36642cdacbf2cca89a50a3b/artifacts,2025-02-04 14:55:31.571000+00:00,2025-02-04 14:56:10.144000+00:00,1.058274269104004,1.932708978652954,0.6247339844703674,0.0,-0.0,1.1430304050445557,0.01866384968161583,1.4288055896759033,0.9197902458520826,1.7959893941879272,-0.3399319052696228,-0.3399319052696228,1.2149802446365356,-0.4137866497039795,0.0009600818157196045,0.0,1.0522217750549316,0.8,0.1,0.3,1.0,1e-05,10.0,"tensor([[[[[1., 1.],
           [1., 1.]],

          [[0., 0.],
           [0., 0.]]],


         [[[0., 0.],
           [0., 0.]],

          [[0., 0.],
           [0., 0.]]]],



        [[[[0., 0.],
           [0., 0.]],

          [[1., 1.],
           [1., 1.]]],


         [[[1., 1.],
           [1., 1.]],

          [[0., 0.],
           [0., 0.]]]],



        [[[[0., 0.],
           [0., 0.]],

          [[0., 0.],
           [0., 0.]]],


         [[[0., 0.],
           [0., 0.]],

          [[1., 1.],
           [0., 0.]]]],



        [[[[0., 0.],
           [0., 0.]],

          [[0., 0.],
           [0., 0.]]],


         [[[0., 0.],
           [0., 0.]],

          [[0., 0.],
           [1., 1.]]]]])","tensor([[[[[0.9900, 0.9700],
           [0.9700, 0.8700]],

          [[0.0000, 0.0100],
           [0.0000, 0.0100]]],


         [[[0.0000, 0.0100],
           [0.0000, 0.0100]],

          [[0.0000, 0.0000],
           [0.0000, 0.0000]]]],



        [[[[0.0100, 0.0100],
           [0.0100, 0.0700]],

          [[0.5600, 0.5200],
           [0.5400, 0.5300]]],


         [[[0.5100, 0.5200],
           [0.5400, 0.5300]],

          [[0.0000, 0.0000],
           [0.0000, 0.0000]]]],



        [[[[0.0000, 0.0000],
           [0.0000, 0.0000]],

          [[0.0000, 0.0000],
           [0.0000, 0.0000]]],


         [[[0.0000, 0.0000],
           [0.0000, 0.0000]],

          [[1.0000, 1.0000],
           [1.0000, 1.0000]]]],



        [[[[0.0000, 0.0100],
           [0.0100, 0.0600]],

          [[0.4400, 0.4600],
           [0.4600, 0.4600]]],


         [[[0.4800, 0.4700],
           [0.4600, 0.4600]],

          [[0.0000, 0.0000],
           [0.0000, 0.0000]]]]], grad_fn=<RoundBackward1>)",0.99,0.8,4.0,1000,1.0,pSAGD,cib_optimization/optimize_cib.py,wCIB+penalty,fsimoes,45345caa3f2538233a03cbc3e5b71daf91a5b4d3,"gamma=0.8--bxi=0.3,by=0.1,bs=0.8",LOCAL,CIB
775bc362a79d4853a47de7acb19335fb,805718296294777617,FINISHED,mlflow-artifacts:/805718296294777617/775bc362a79d4853a47de7acb19335fb/artifacts,2025-02-04 14:55:19.655000+00:00,2025-02-04 14:55:28.832000+00:00,1.058274269104004,1.932708978652954,-0.0,1.0,-0.0,1.330920696258545,5.656854152679443,1.4288055896759033,1.466067230936388,1.8094717264175415,0.48140960931777954,0.48140960931777954,1.528743863105774,0.04686141014099121,-0.0012476444244384766,0.0,1.0522217750549316,0.6,0.1,0.3,10000.0,1e-05,10.0,"tensor([[[[[1., 1.],
           [1., 1.]],

          [[0., 0.],
           [0., 0.]]],


         [[[0., 0.],
           [0., 0.]],

          [[0., 0.],
           [0., 0.]]]],



        [[[[0., 0.],
           [0., 0.]],

          [[1., 1.],
           [1., 1.]]],


         [[[1., 1.],
           [1., 1.]],

          [[0., 0.],
           [0., 0.]]]],



        [[[[0., 0.],
           [0., 0.]],

          [[0., 0.],
           [0., 0.]]],


         [[[0., 0.],
           [0., 0.]],

          [[1., 1.],
           [0., 0.]]]],



        [[[[0., 0.],
           [0., 0.]],

          [[0., 0.],
           [0., 0.]]],


         [[[0., 0.],
           [0., 0.]],

          [[0., 0.],
           [1., 1.]]]]])","tensor([[[[[0., 0.],
           [0., 0.]],

          [[0., 1.],
           [0., 1.]]],


         [[[1., 0.],
           [1., 0.]],

          [[0., 1.],
           [0., 0.]]]],



        [[[[0., 0.],
           [0., 0.]],

          [[0., 0.],
           [0., 0.]]],


         [[[0., 0.],
           [0., 0.]],

          [[1., 0.],
           [1., 1.]]]],



        [[[[0., 1.],
           [0., 1.]],

          [[0., 0.],
           [0., 0.]]],


         [[[0., 0.],
           [0., 0.]],

          [[0., 0.],
           [0., 0.]]]],



        [[[[1., 0.],
           [1., 0.]],

          [[1., 0.],
           [1., 0.]]],


         [[[0., 1.],
           [0., 1.]],

          [[0., 0.],
           [0., 0.]]]]])",0.99,0.8,1.5,1000,1.0,pSAGD,cib_optimization/optimize_cib.py,wCIB+penalty,fsimoes,45345caa3f2538233a03cbc3e5b71daf91a5b4d3,"gamma=0.6--bxi=0.3,by=0.1,bs=0.8",LOCAL,CIB
cbd533b2603b4b919b51726137242422,805718296294777617,FINISHED,mlflow-artifacts:/805718296294777617/cbd533b2603b4b919b51726137242422/artifacts,2025-02-04 14:55:08.158000+00:00,2025-02-04 14:55:16.844000+00:00,1.058274269104004,1.932708978652954,-0.0,1.0,-0.0,1.5778098106384277,5.656854152679443,1.4288055896759033,2.0260326062962903,1.3583908081054688,0.40467220544815063,0.40467220544815063,1.7015687227249146,0.04686141014099121,0.0027132034301757812,0.0,1.0522217750549316,0.6,0.1,0.3,10000.0,1e-05,10.0,"tensor([[[[[1., 1.],
           [1., 1.]],

          [[0., 0.],
           [0., 0.]]],


         [[[0., 0.],
           [0., 0.]],

          [[0., 0.],
           [0., 0.]]]],



        [[[[0., 0.],
           [0., 0.]],

          [[1., 1.],
           [1., 1.]]],


         [[[1., 1.],
           [1., 1.]],

          [[0., 0.],
           [0., 0.]]]],



        [[[[0., 0.],
           [0., 0.]],

          [[0., 0.],
           [0., 0.]]],


         [[[0., 0.],
           [0., 0.]],

          [[1., 1.],
           [0., 0.]]]],



        [[[[0., 0.],
           [0., 0.]],

          [[0., 0.],
           [0., 0.]]],


         [[[0., 0.],
           [0., 0.]],

          [[0., 0.],
           [1., 1.]]]]])","tensor([[[[[0., 0.],
           [0., 0.]],

          [[0., 0.],
           [0., 0.]]],


         [[[0., 0.],
           [0., 0.]],

          [[0., 0.],
           [0., 1.]]]],



        [[[[0., 0.],
           [0., 0.]],

          [[0., 0.],
           [0., 0.]]],


         [[[0., 0.],
           [0., 0.]],

          [[1., 0.],
           [1., 0.]]]],



        [[[[0., 1.],
           [0., 1.]],

          [[0., 1.],
           [1., 0.]]],


         [[[0., 0.],
           [1., 1.]],

          [[0., 1.],
           [0., 0.]]]],



        [[[[1., 0.],
           [1., 0.]],

          [[1., 0.],
           [0., 1.]]],


         [[[1., 1.],
           [0., 0.]],

          [[0., 0.],
           [0., 0.]]]]])",0.99,0.8,1.5,1000,1.0,pSAGD,cib_optimization/optimize_cib.py,wCIB+penalty,fsimoes,45345caa3f2538233a03cbc3e5b71daf91a5b4d3,"gamma=0.6--bxi=0.3,by=0.1,bs=0.8",LOCAL,CIB
1c36c8c69340415093516ae0002fb1b0,805718296294777617,FINISHED,mlflow-artifacts:/805718296294777617/1c36c8c69340415093516ae0002fb1b0/artifacts,2025-02-04 14:54:54.168000+00:00,2025-02-04 14:55:05.235000+00:00,1.058274269104004,1.932708978652954,-0.0,1.0,-0.0,1.2426763772964478,5.656854152679443,1.4288055896759033,0.8797127240611733,1.2724887132644653,0.25433236360549927,0.25433236360549927,1.508270502090454,0.04686141014099121,-0.023288309574127197,0.0,1.0522217750549316,0.6,0.1,0.3,10000.0,1e-05,10.0,"tensor([[[[[1., 1.],
           [1., 1.]],

          [[0., 0.],
           [0., 0.]]],


         [[[0., 0.],
           [0., 0.]],

          [[0., 0.],
           [0., 0.]]]],



        [[[[0., 0.],
           [0., 0.]],

          [[1., 1.],
           [1., 1.]]],


         [[[1., 1.],
           [1., 1.]],

          [[0., 0.],
           [0., 0.]]]],



        [[[[0., 0.],
           [0., 0.]],

          [[0., 0.],
           [0., 0.]]],


         [[[0., 0.],
           [0., 0.]],

          [[1., 1.],
           [0., 0.]]]],



        [[[[0., 0.],
           [0., 0.]],

          [[0., 0.],
           [0., 0.]]],


         [[[0., 0.],
           [0., 0.]],

          [[0., 0.],
           [1., 1.]]]]])","tensor([[[[[0., 0.],
           [0., 0.]],

          [[0., 0.],
           [0., 0.]]],


         [[[0., 0.],
           [0., 0.]],

          [[1., 0.],
           [1., 0.]]]],



        [[[[1., 1.],
           [1., 1.]],

          [[1., 0.],
           [0., 0.]]],


         [[[1., 0.],
           [0., 0.]],

          [[0., 0.],
           [0., 0.]]]],



        [[[[0., 0.],
           [0., 0.]],

          [[0., 1.],
           [1., 1.]]],


         [[[0., 1.],
           [1., 1.]],

          [[0., 0.],
           [0., 1.]]]],



        [[[[0., 0.],
           [0., 0.]],

          [[0., 0.],
           [0., 0.]]],


         [[[0., 0.],
           [0., 0.]],

          [[0., 1.],
           [0., 0.]]]]])",0.99,0.8,1.5,1000,1.0,pSAGD,cib_optimization/optimize_cib.py,wCIB+penalty,fsimoes,45345caa3f2538233a03cbc3e5b71daf91a5b4d3,"gamma=0.6--bxi=0.3,by=0.1,bs=0.8",LOCAL,CIB
e5c63dc310674d3eba85409de52a76ac,805718296294777617,FINISHED,mlflow-artifacts:/805718296294777617/e5c63dc310674d3eba85409de52a76ac/artifacts,2025-02-04 14:54:36.551000+00:00,2025-02-04 14:54:51.131000+00:00,1.058274269104004,1.932708978652954,-0.0,1.0,-0.0,1.4728426933288574,5.438165664672852,1.4288055896759033,2.052418685775094,1.5892809629440308,0.5292271375656128,0.5292271375656128,1.7552335262298584,0.04686141014099121,0.11214733123779297,0.0,1.0522217750549316,0.6,0.1,0.3,100.0,1e-05,10.0,"tensor([[[[[1., 1.],
           [1., 1.]],

          [[0., 0.],
           [0., 0.]]],


         [[[0., 0.],
           [0., 0.]],

          [[0., 0.],
           [0., 0.]]]],



        [[[[0., 0.],
           [0., 0.]],

          [[1., 1.],
           [1., 1.]]],


         [[[1., 1.],
           [1., 1.]],

          [[0., 0.],
           [0., 0.]]]],



        [[[[0., 0.],
           [0., 0.]],

          [[0., 0.],
           [0., 0.]]],


         [[[0., 0.],
           [0., 0.]],

          [[1., 1.],
           [0., 0.]]]],



        [[[[0., 0.],
           [0., 0.]],

          [[0., 0.],
           [0., 0.]]],


         [[[0., 0.],
           [0., 0.]],

          [[0., 0.],
           [1., 1.]]]]])","tensor([[[[[1.0000, 1.0000],
           [0.0000, 1.0000]],

          [[0.0000, 0.7900],
           [0.7900, 0.0000]]],


         [[[0.0000, 0.0000],
           [0.8200, 0.0000]],

          [[0.0000, 1.0000],
           [0.0000, 1.0000]]]],



        [[[[0.0000, 0.0000],
           [0.0000, 0.0000]],

          [[0.5800, 0.0000],
           [0.0000, 0.0000]]],


         [[[0.5800, 0.4700],
           [0.1800, 0.0000]],

          [[0.0000, 0.0000],
           [0.0000, 0.0000]]]],



        [[[[0.0000, 0.0000],
           [0.0000, 0.0000]],

          [[0.0000, 0.0000],
           [0.0000, 0.0000]]],


         [[[0.0000, 0.0000],
           [0.0000, 0.0000]],

          [[1.0000, 0.0000],
           [1.0000, 0.0000]]]],



        [[[[0.0000, 0.0000],
           [1.0000, 0.0000]],

          [[0.4200, 0.2100],
           [0.2100, 1.0000]]],


         [[[0.4200, 0.5300],
           [0.0000, 1.0000]],

          [[0.0000, 0.0000],
           [0.0000, 0.0000]]]]])",0.99,0.8,1.5,1000,1.0,pSAGD,cib_optimization/optimize_cib.py,wCIB+penalty,fsimoes,45345caa3f2538233a03cbc3e5b71daf91a5b4d3,"gamma=0.6--bxi=0.3,by=0.1,bs=0.8",LOCAL,CIB
df2063572a63498a9ae13fedbf6885ad,805718296294777617,FINISHED,mlflow-artifacts:/805718296294777617/df2063572a63498a9ae13fedbf6885ad/artifacts,2025-02-04 14:54:20.573000+00:00,2025-02-04 14:54:33.843000+00:00,1.058274269104004,1.932708978652954,-0.0,1.0,-0.0,1.4614949226379395,5.656854152679443,1.4288055896759033,1.820955440803854,1.6727111339569092,0.5587631464004517,0.5587631464004517,1.748840093612671,0.04686141014099121,0.05073976516723633,0.0,1.0522217750549316,0.6,0.1,0.3,100.0,1e-05,10.0,"tensor([[[[[1., 1.],
           [1., 1.]],

          [[0., 0.],
           [0., 0.]]],


         [[[0., 0.],
           [0., 0.]],

          [[0., 0.],
           [0., 0.]]]],



        [[[[0., 0.],
           [0., 0.]],

          [[1., 1.],
           [1., 1.]]],


         [[[1., 1.],
           [1., 1.]],

          [[0., 0.],
           [0., 0.]]]],



        [[[[0., 0.],
           [0., 0.]],

          [[0., 0.],
           [0., 0.]]],


         [[[0., 0.],
           [0., 0.]],

          [[1., 1.],
           [0., 0.]]]],



        [[[[0., 0.],
           [0., 0.]],

          [[0., 0.],
           [0., 0.]]],


         [[[0., 0.],
           [0., 0.]],

          [[0., 0.],
           [1., 1.]]]]])","tensor([[[[[0., 0.],
           [0., 0.]],

          [[0., 1.],
           [1., 1.]]],


         [[[1., 0.],
           [0., 0.]],

          [[0., 1.],
           [1., 0.]]]],



        [[[[0., 0.],
           [0., 0.]],

          [[0., 0.],
           [0., 0.]]],


         [[[0., 0.],
           [0., 0.]],

          [[1., 0.],
           [0., 0.]]]],



        [[[[0., 0.],
           [1., 0.]],

          [[0., 0.],
           [0., 0.]]],


         [[[0., 0.],
           [0., 0.]],

          [[0., 0.],
           [0., 0.]]]],



        [[[[1., 1.],
           [0., 1.]],

          [[1., 0.],
           [0., 0.]]],


         [[[0., 1.],
           [1., 1.]],

          [[0., 0.],
           [0., 1.]]]]])",0.99,0.8,1.5,1000,1.0,pSAGD,cib_optimization/optimize_cib.py,wCIB+penalty,fsimoes,45345caa3f2538233a03cbc3e5b71daf91a5b4d3,"gamma=0.6--bxi=0.3,by=0.1,bs=0.8",LOCAL,CIB
a01364e9f4464a2aa261030c524c0559,805718296294777617,FINISHED,mlflow-artifacts:/805718296294777617/a01364e9f4464a2aa261030c524c0559/artifacts,2025-02-04 14:54:06.623000+00:00,2025-02-04 14:54:17.822000+00:00,1.058274269104004,1.932708978652954,-0.0,1.0,-0.0,1.4996293783187866,5.368002891540527,1.4288055896759033,2.161036147152007,1.7363295555114746,0.5583215355873108,0.5583215355873108,1.7056918144226074,0.04686141014099121,0.1284870207309723,0.0,1.0522217750549316,0.6,0.1,0.3,100.0,1e-05,10.0,"tensor([[[[[1., 1.],
           [1., 1.]],

          [[0., 0.],
           [0., 0.]]],


         [[[0., 0.],
           [0., 0.]],

          [[0., 0.],
           [0., 0.]]]],



        [[[[0., 0.],
           [0., 0.]],

          [[1., 1.],
           [1., 1.]]],


         [[[1., 1.],
           [1., 1.]],

          [[0., 0.],
           [0., 0.]]]],



        [[[[0., 0.],
           [0., 0.]],

          [[0., 0.],
           [0., 0.]]],


         [[[0., 0.],
           [0., 0.]],

          [[1., 1.],
           [0., 0.]]]],



        [[[[0., 0.],
           [0., 0.]],

          [[0., 0.],
           [0., 0.]]],


         [[[0., 0.],
           [0., 0.]],

          [[0., 0.],
           [1., 1.]]]]])","tensor([[[[[0.0000, 0.0000],
           [0.0000, 0.0000]],

          [[0.7900, 0.0000],
           [0.7600, 0.0000]]],


         [[[0.0000, 0.0000],
           [0.0000, 0.8400]],

          [[0.0000, 0.0000],
           [0.0000, 0.0000]]]],



        [[[[1.0000, 0.0000],
           [1.0000, 0.0000]],

          [[0.2100, 0.6600],
           [0.2400, 0.7200]]],


         [[[0.6400, 0.6600],
           [0.6600, 0.0000]],

          [[0.0000, 0.0000],
           [0.0000, 0.0000]]]],



        [[[[0.0000, 1.0000],
           [0.0000, 1.0000]],

          [[0.0000, 0.3400],
           [0.0000, 0.2800]]],


         [[[0.3600, 0.3400],
           [0.3400, 0.1600]],

          [[0.0000, 1.0000],
           [1.0000, 0.0000]]]],



        [[[[0.0000, 0.0000],
           [0.0000, 0.0000]],

          [[0.0000, 0.0000],
           [0.0000, 0.0000]]],


         [[[0.0000, 0.0000],
           [0.0000, 0.0000]],

          [[1.0000, 0.0000],
           [0.0000, 1.0000]]]]])",0.99,0.8,1.5,1000,1.0,pSAGD,cib_optimization/optimize_cib.py,wCIB+penalty,fsimoes,45345caa3f2538233a03cbc3e5b71daf91a5b4d3,"gamma=0.6--bxi=0.3,by=0.1,bs=0.8",LOCAL,CIB
e23459952a184449a9cde907ba7dca39,805718296294777617,FINISHED,mlflow-artifacts:/805718296294777617/e23459952a184449a9cde907ba7dca39/artifacts,2025-02-04 14:53:25.508000+00:00,2025-02-04 14:54:03.858000+00:00,1.058274269104004,1.932708978652954,1.1118196249008179,0.0,-0.0,1.7242891788482666,2.6833457946777344,1.4288055896759033,2.8684907614824717,1.9512312412261963,0.2631625533103943,0.2631625533103943,1.811705470085144,0.04686141014099121,-0.025078535079956055,0.0,1.0522217750549316,0.6,0.1,0.3,10.0,1e-05,10.0,"tensor([[[[[1., 1.],
           [1., 1.]],

          [[0., 0.],
           [0., 0.]]],


         [[[0., 0.],
           [0., 0.]],

          [[0., 0.],
           [0., 0.]]]],



        [[[[0., 0.],
           [0., 0.]],

          [[1., 1.],
           [1., 1.]]],


         [[[1., 1.],
           [1., 1.]],

          [[0., 0.],
           [0., 0.]]]],



        [[[[0., 0.],
           [0., 0.]],

          [[0., 0.],
           [0., 0.]]],


         [[[0., 0.],
           [0., 0.]],

          [[1., 1.],
           [0., 0.]]]],



        [[[[0., 0.],
           [0., 0.]],

          [[0., 0.],
           [0., 0.]]],


         [[[0., 0.],
           [0., 0.]],

          [[0., 0.],
           [1., 1.]]]]])","tensor([[[[[0.4600, 0.6300],
           [0.0000, 0.0000]],

          [[0.5100, 0.4200],
           [0.4200, 0.0000]]],


         [[[0.5100, 0.4200],
           [0.4200, 1.0000]],

          [[0.0000, 0.0000],
           [0.0000, 0.0000]]]],



        [[[[0.2200, 0.3700],
           [0.0000, 0.4800]],

          [[0.0400, 0.1500],
           [0.1500, 0.2600]]],


         [[[0.0400, 0.1500],
           [0.1500, 0.0000]],

          [[1.0000, 1.0000],
           [1.0000, 1.0000]]]],



        [[[[0.0000, 0.0000],
           [0.5900, 0.0000]],

          [[0.2100, 0.2100],
           [0.2100, 0.3900]]],


         [[[0.2100, 0.2100],
           [0.2100, 0.0000]],

          [[0.0000, 0.0000],
           [0.0000, 0.0000]]]],



        [[[[0.3300, 0.0000],
           [0.4100, 0.5200]],

          [[0.2400, 0.2200],
           [0.2200, 0.3500]]],


         [[[0.2400, 0.2200],
           [0.2200, 0.0000]],

          [[0.0000, 0.0000],
           [0.0000, 0.0000]]]]], grad_fn=<RoundBackward1>)",0.99,0.8,1.5,1000,1.0,pSAGD,cib_optimization/optimize_cib.py,wCIB+penalty,fsimoes,45345caa3f2538233a03cbc3e5b71daf91a5b4d3,"gamma=0.6--bxi=0.3,by=0.1,bs=0.8",LOCAL,CIB
bb215af53be74fdfa9f717441cdbd247,805718296294777617,FINISHED,mlflow-artifacts:/805718296294777617/bb215af53be74fdfa9f717441cdbd247/artifacts,2025-02-04 14:52:43.609000+00:00,2025-02-04 14:53:22.559000+00:00,1.058274269104004,1.932708978652954,1.0535322427749634,0.0,-0.0,1.6507527828216553,2.6047844886779785,1.4288055896759033,2.6637889179660927,1.930370807647705,0.20974069833755493,0.20974069833755493,1.6977177858352661,0.04686141014099121,-0.09745639562606812,0.0,1.0522217750549316,0.6,0.1,0.3,10.0,1e-05,10.0,"tensor([[[[[1., 1.],
           [1., 1.]],

          [[0., 0.],
           [0., 0.]]],


         [[[0., 0.],
           [0., 0.]],

          [[0., 0.],
           [0., 0.]]]],



        [[[[0., 0.],
           [0., 0.]],

          [[1., 1.],
           [1., 1.]]],


         [[[1., 1.],
           [1., 1.]],

          [[0., 0.],
           [0., 0.]]]],



        [[[[0., 0.],
           [0., 0.]],

          [[0., 0.],
           [0., 0.]]],


         [[[0., 0.],
           [0., 0.]],

          [[1., 1.],
           [0., 0.]]]],



        [[[[0., 0.],
           [0., 0.]],

          [[0., 0.],
           [0., 0.]]],


         [[[0., 0.],
           [0., 0.]],

          [[0., 0.],
           [1., 1.]]]]])","tensor([[[[[0.4000, 0.0000],
           [0.0000, 0.0000]],

          [[0.2500, 0.2500],
           [0.2500, 0.0000]]],


         [[[0.2500, 0.2500],
           [0.2500, 0.5200]],

          [[0.0000, 0.0000],
           [0.0000, 0.0000]]]],



        [[[[0.2600, 0.0000],
           [0.0000, 0.5000]],

          [[0.0300, 0.0600],
           [0.0600, 0.0000]]],


         [[[0.0300, 0.0600],
           [0.0600, 0.0000]],

          [[1.0000, 1.0000],
           [1.0000, 1.0000]]]],



        [[[[0.0000, 0.4900],
           [0.4900, 0.5000]],

          [[0.2700, 0.2700],
           [0.2700, 0.0000]]],


         [[[0.2700, 0.2700],
           [0.2700, 0.4800]],

          [[0.0000, 0.0000],
           [0.0000, 0.0000]]]],



        [[[[0.3500, 0.5100],
           [0.5100, 0.0000]],

          [[0.4600, 0.4200],
           [0.4200, 1.0000]]],


         [[[0.4600, 0.4200],
           [0.4200, 0.0000]],

          [[0.0000, 0.0000],
           [0.0000, 0.0000]]]]], grad_fn=<RoundBackward1>)",0.99,0.8,1.5,1000,1.0,pSAGD,cib_optimization/optimize_cib.py,wCIB+penalty,fsimoes,45345caa3f2538233a03cbc3e5b71daf91a5b4d3,"gamma=0.6--bxi=0.3,by=0.1,bs=0.8",LOCAL,CIB
35e6e3971e134237a9b8cdf96157c94e,805718296294777617,FINISHED,mlflow-artifacts:/805718296294777617/35e6e3971e134237a9b8cdf96157c94e/artifacts,2025-02-04 14:51:58.988000+00:00,2025-02-04 14:52:40.714000+00:00,1.058274269104004,1.932708978652954,1.0861061811447144,0.0,-0.0,1.7077577114105225,2.662522315979004,1.4288055896759033,2.896354601219077,1.9949394464492798,0.24881789088249207,0.24881789088249207,1.7415165901184082,0.04686141014099121,-0.05559423565864563,0.0,1.0522217750549316,0.6,0.1,0.3,10.0,1e-05,10.0,"tensor([[[[[1., 1.],
           [1., 1.]],

          [[0., 0.],
           [0., 0.]]],


         [[[0., 0.],
           [0., 0.]],

          [[0., 0.],
           [0., 0.]]]],



        [[[[0., 0.],
           [0., 0.]],

          [[1., 1.],
           [1., 1.]]],


         [[[1., 1.],
           [1., 1.]],

          [[0., 0.],
           [0., 0.]]]],



        [[[[0., 0.],
           [0., 0.]],

          [[0., 0.],
           [0., 0.]]],


         [[[0., 0.],
           [0., 0.]],

          [[1., 1.],
           [0., 0.]]]],



        [[[[0., 0.],
           [0., 0.]],

          [[0., 0.],
           [0., 0.]]],


         [[[0., 0.],
           [0., 0.]],

          [[0., 0.],
           [1., 1.]]]]])","tensor([[[[[0.0000, 0.5200],
           [0.5200, 0.0000]],

          [[0.4000, 0.0000],
           [0.3900, 0.0000]]],


         [[[0.4000, 0.3900],
           [0.3900, 0.5200]],

          [[0.0000, 0.0000],
           [0.0000, 0.0000]]]],



        [[[[0.0000, 0.4800],
           [0.4800, 0.0000]],

          [[0.3000, 0.2300],
           [0.3000, 0.4100]]],


         [[[0.3000, 0.3000],
           [0.3000, 0.4800]],

          [[0.0000, 0.0000],
           [0.0000, 0.0000]]]],



        [[[[0.5800, 0.0000],
           [0.0000, 0.5900]],

          [[0.3000, 0.5000],
           [0.3100, 0.4100]]],


         [[[0.3000, 0.3100],
           [0.3100, 0.0000]],

          [[0.0000, 0.0000],
           [0.0000, 0.0000]]]],



        [[[[0.4200, 0.0000],
           [0.0000, 0.4100]],

          [[0.0000, 0.2700],
           [0.0000, 0.1800]]],


         [[[0.0000, 0.0000],
           [0.0000, 0.0000]],

          [[1.0000, 1.0000],
           [1.0000, 1.0000]]]]], grad_fn=<RoundBackward1>)",0.99,0.8,1.5,1000,1.0,pSAGD,cib_optimization/optimize_cib.py,wCIB+penalty,fsimoes,45345caa3f2538233a03cbc3e5b71daf91a5b4d3,"gamma=0.6--bxi=0.3,by=0.1,bs=0.8",LOCAL,CIB
e1eac0ab5cd54d7f865d217f2d51ac5c,805718296294777617,FINISHED,mlflow-artifacts:/805718296294777617/e1eac0ab5cd54d7f865d217f2d51ac5c/artifacts,2025-02-04 14:51:14.423000+00:00,2025-02-04 14:51:56.079000+00:00,1.058274269104004,1.932708978652954,1.6332558393478394,0.0,-0.0,1.683191180229187,0.4379688501358032,1.4288055896759033,2.843823444117224,1.9427629709243774,-0.012185290455818176,-0.012185290455818176,1.7060620784759521,0.04686141014099121,0.044825971126556396,0.0,1.0522217750549316,0.6,0.1,0.3,1.0,1e-05,10.0,"tensor([[[[[1., 1.],
           [1., 1.]],

          [[0., 0.],
           [0., 0.]]],


         [[[0., 0.],
           [0., 0.]],

          [[0., 0.],
           [0., 0.]]]],



        [[[[0., 0.],
           [0., 0.]],

          [[1., 1.],
           [1., 1.]]],


         [[[1., 1.],
           [1., 1.]],

          [[0., 0.],
           [0., 0.]]]],



        [[[[0., 0.],
           [0., 0.]],

          [[0., 0.],
           [0., 0.]]],


         [[[0., 0.],
           [0., 0.]],

          [[1., 1.],
           [0., 0.]]]],



        [[[[0., 0.],
           [0., 0.]],

          [[0., 0.],
           [0., 0.]]],


         [[[0., 0.],
           [0., 0.]],

          [[0., 0.],
           [1., 1.]]]]])","tensor([[[[[0.2000, 0.1800],
           [0.1800, 0.2400]],

          [[0.2300, 0.2400],
           [0.2400, 0.1900]]],


         [[[0.2300, 0.2400],
           [0.2400, 0.1900]],

          [[0.0000, 0.0000],
           [0.0000, 0.0000]]]],



        [[[[0.3700, 0.3500],
           [0.3500, 0.4100]],

          [[0.4100, 0.4200],
           [0.4200, 0.3600]]],


         [[[0.4100, 0.4200],
           [0.4200, 0.3600]],

          [[0.0000, 0.0000],
           [0.0000, 0.0000]]]],



        [[[[0.3000, 0.2800],
           [0.2800, 0.3300]],

          [[0.3300, 0.3400],
           [0.3400, 0.2900]]],


         [[[0.3300, 0.3400],
           [0.3400, 0.2900]],

          [[0.0000, 0.0000],
           [0.0000, 0.0000]]]],



        [[[[0.1300, 0.1800],
           [0.1800, 0.0200]],

          [[0.0400, 0.0100],
           [0.0100, 0.1600]]],


         [[[0.0400, 0.0100],
           [0.0100, 0.1600]],

          [[1.0000, 1.0000],
           [1.0000, 1.0000]]]]], grad_fn=<RoundBackward1>)",0.99,0.8,1.5,1000,1.0,pSAGD,cib_optimization/optimize_cib.py,wCIB+penalty,fsimoes,45345caa3f2538233a03cbc3e5b71daf91a5b4d3,"gamma=0.6--bxi=0.3,by=0.1,bs=0.8",LOCAL,CIB
4a022fbff39c485db857cc9084008acf,805718296294777617,FINISHED,mlflow-artifacts:/805718296294777617/4a022fbff39c485db857cc9084008acf/artifacts,2025-02-04 14:50:32.802000+00:00,2025-02-04 14:51:11.500000+00:00,1.058274269104004,1.932708978652954,1.555838942527771,0.0,-0.0,1.6188411712646484,0.07930086553096771,1.4288055896759033,2.688417818241118,1.912109375,-0.048365697264671326,-0.048365697264671326,1.6145858764648438,0.04686141014099121,-0.012777000665664673,0.0,1.0522217750549316,0.6,0.1,0.3,1.0,1e-05,10.0,"tensor([[[[[1., 1.],
           [1., 1.]],

          [[0., 0.],
           [0., 0.]]],


         [[[0., 0.],
           [0., 0.]],

          [[0., 0.],
           [0., 0.]]]],



        [[[[0., 0.],
           [0., 0.]],

          [[1., 1.],
           [1., 1.]]],


         [[[1., 1.],
           [1., 1.]],

          [[0., 0.],
           [0., 0.]]]],



        [[[[0., 0.],
           [0., 0.]],

          [[0., 0.],
           [0., 0.]]],


         [[[0., 0.],
           [0., 0.]],

          [[1., 1.],
           [0., 0.]]]],



        [[[[0., 0.],
           [0., 0.]],

          [[0., 0.],
           [0., 0.]]],


         [[[0., 0.],
           [0., 0.]],

          [[0., 0.],
           [1., 1.]]]]])","tensor([[[[[0.2600, 0.2600],
           [0.2600, 0.2500]],

          [[0.2600, 0.2600],
           [0.2600, 0.2200]]],


         [[[0.2600, 0.2600],
           [0.2600, 0.2200]],

          [[0.0000, 0.0000],
           [0.0000, 0.0000]]]],



        [[[[0.4100, 0.4100],
           [0.4100, 0.4000]],

          [[0.4200, 0.4200],
           [0.4200, 0.3700]]],


         [[[0.4200, 0.4200],
           [0.4200, 0.3700]],

          [[0.0000, 0.0000],
           [0.0000, 0.0000]]]],



        [[[[0.3200, 0.3200],
           [0.3200, 0.3100]],

          [[0.3200, 0.3200],
           [0.3200, 0.2800]]],


         [[[0.3200, 0.3200],
           [0.3200, 0.2800]],

          [[0.0000, 0.0000],
           [0.0000, 0.0000]]]],



        [[[[0.0100, 0.0200],
           [0.0200, 0.0500]],

          [[0.0000, 0.0100],
           [0.0100, 0.1400]]],


         [[[0.0000, 0.0100],
           [0.0100, 0.1400]],

          [[1.0000, 1.0000],
           [1.0000, 1.0000]]]]], grad_fn=<RoundBackward1>)",0.99,0.8,1.5,1000,1.0,pSAGD,cib_optimization/optimize_cib.py,wCIB+penalty,fsimoes,45345caa3f2538233a03cbc3e5b71daf91a5b4d3,"gamma=0.6--bxi=0.3,by=0.1,bs=0.8",LOCAL,CIB
3f8d7d46247f4cc59688aacf1a9a7243,805718296294777617,FINISHED,mlflow-artifacts:/805718296294777617/3f8d7d46247f4cc59688aacf1a9a7243/artifacts,2025-02-04 14:49:55.809000+00:00,2025-02-04 14:50:30.219000+00:00,1.058274269104004,1.932708978652954,1.484383463859558,0.0,-0.0,1.5663762092590332,0.09207572788000107,1.4288055896759033,2.531908173803582,1.8766975402832031,-0.07608409225940704,-0.07608409225940704,1.5443594455718994,0.04686141014099121,-0.02012525498867035,0.0,1.0522217750549316,0.6,0.1,0.3,1.0,1e-05,10.0,"tensor([[[[[1., 1.],
           [1., 1.]],

          [[0., 0.],
           [0., 0.]]],


         [[[0., 0.],
           [0., 0.]],

          [[0., 0.],
           [0., 0.]]]],



        [[[[0., 0.],
           [0., 0.]],

          [[1., 1.],
           [1., 1.]]],


         [[[1., 1.],
           [1., 1.]],

          [[0., 0.],
           [0., 0.]]]],



        [[[[0., 0.],
           [0., 0.]],

          [[0., 0.],
           [0., 0.]]],


         [[[0., 0.],
           [0., 0.]],

          [[1., 1.],
           [0., 0.]]]],



        [[[[0., 0.],
           [0., 0.]],

          [[0., 0.],
           [0., 0.]]],


         [[[0., 0.],
           [0., 0.]],

          [[0., 0.],
           [1., 1.]]]]])","tensor([[[[[0.4200, 0.4100],
           [0.4100, 0.4100]],

          [[0.4200, 0.4200],
           [0.4200, 0.4100]]],


         [[[0.4200, 0.4200],
           [0.4200, 0.4100]],

          [[0.0000, 0.0000],
           [0.0000, 0.0000]]]],



        [[[[0.0000, 0.0100],
           [0.0100, 0.0300]],

          [[0.0200, 0.0000],
           [0.0000, 0.0100]]],


         [[[0.0200, 0.0000],
           [0.0000, 0.0100]],

          [[1.0000, 1.0000],
           [1.0000, 1.0000]]]],



        [[[[0.3000, 0.3000],
           [0.3000, 0.2900]],

          [[0.2900, 0.3000],
           [0.3000, 0.3000]]],


         [[[0.2900, 0.3000],
           [0.3000, 0.3000]],

          [[0.0000, 0.0000],
           [0.0000, 0.0000]]]],



        [[[[0.2800, 0.2800],
           [0.2800, 0.2700]],

          [[0.2800, 0.2800],
           [0.2800, 0.2800]]],


         [[[0.2800, 0.2800],
           [0.2800, 0.2800]],

          [[0.0000, 0.0000],
           [0.0000, 0.0000]]]]], grad_fn=<RoundBackward1>)",0.99,0.8,1.5,1000,1.0,pSAGD,cib_optimization/optimize_cib.py,wCIB+penalty,fsimoes,45345caa3f2538233a03cbc3e5b71daf91a5b4d3,"gamma=0.6--bxi=0.3,by=0.1,bs=0.8",LOCAL,CIB
89c0cccb28024830a61e77d2b30534a5,805718296294777617,FINISHED,mlflow-artifacts:/805718296294777617/89c0cccb28024830a61e77d2b30534a5/artifacts,2025-02-04 14:49:39.570000+00:00,2025-02-04 14:49:53.210000+00:00,1.058274269104004,1.932708978652954,-0.0,1.0,-0.0,1.4155985116958618,5.656854152679443,1.4288055896759033,1.6261039924574332,1.3582940101623535,0.687498927116394,0.687498927116394,1.6140152215957642,0.5075095295906067,0.04700791835784912,0.0,1.0522217750549316,0.4,0.1,0.3,10000.0,1e-05,10.0,"tensor([[[[[1., 1.],
           [1., 1.]],

          [[0., 0.],
           [0., 0.]]],


         [[[0., 0.],
           [0., 0.]],

          [[0., 0.],
           [0., 0.]]]],



        [[[[0., 0.],
           [0., 0.]],

          [[1., 1.],
           [1., 1.]]],


         [[[1., 1.],
           [1., 1.]],

          [[0., 0.],
           [0., 0.]]]],



        [[[[0., 0.],
           [0., 0.]],

          [[0., 0.],
           [0., 0.]]],


         [[[0., 0.],
           [0., 0.]],

          [[1., 1.],
           [0., 0.]]]],



        [[[[0., 0.],
           [0., 0.]],

          [[0., 0.],
           [0., 0.]]],


         [[[0., 0.],
           [0., 0.]],

          [[0., 0.],
           [1., 1.]]]]])","tensor([[[[[1., 0.],
           [1., 1.]],

          [[0., 0.],
           [0., 0.]]],


         [[[1., 1.],
           [0., 0.]],

          [[0., 0.],
           [0., 1.]]]],



        [[[[0., 1.],
           [0., 0.]],

          [[1., 1.],
           [1., 1.]]],


         [[[0., 0.],
           [1., 1.]],

          [[0., 0.],
           [0., 0.]]]],



        [[[[0., 0.],
           [0., 0.]],

          [[0., 0.],
           [0., 0.]]],


         [[[0., 0.],
           [0., 0.]],

          [[1., 0.],
           [0., 0.]]]],



        [[[[0., 0.],
           [0., 0.]],

          [[0., 0.],
           [0., 0.]]],


         [[[0., 0.],
           [0., 0.]],

          [[0., 1.],
           [1., 0.]]]]])",0.99,0.8,0.6666666269302368,1000,1.0,pSAGD,cib_optimization/optimize_cib.py,wCIB+penalty,fsimoes,45345caa3f2538233a03cbc3e5b71daf91a5b4d3,"gamma=0.4--bxi=0.3,by=0.1,bs=0.8",LOCAL,CIB
9035e8871d2f40f682da5991ff88ff3b,805718296294777617,FINISHED,mlflow-artifacts:/805718296294777617/9035e8871d2f40f682da5991ff88ff3b/artifacts,2025-02-04 14:49:21.356000+00:00,2025-02-04 14:49:36.820000+00:00,1.058274269104004,1.932708978652954,-0.0,1.0,-0.0,1.4544482231140137,5.656854152679443,1.4288055896759033,1.3690905608448678,1.2276166677474976,0.6612451076507568,0.6612451076507568,1.744396686553955,0.5075095295906067,-0.003053605556488037,0.0,1.0522217750549316,0.4,0.1,0.3,10000.0,1e-05,10.0,"tensor([[[[[1., 1.],
           [1., 1.]],

          [[0., 0.],
           [0., 0.]]],


         [[[0., 0.],
           [0., 0.]],

          [[0., 0.],
           [0., 0.]]]],



        [[[[0., 0.],
           [0., 0.]],

          [[1., 1.],
           [1., 1.]]],


         [[[1., 1.],
           [1., 1.]],

          [[0., 0.],
           [0., 0.]]]],



        [[[[0., 0.],
           [0., 0.]],

          [[0., 0.],
           [0., 0.]]],


         [[[0., 0.],
           [0., 0.]],

          [[1., 1.],
           [0., 0.]]]],



        [[[[0., 0.],
           [0., 0.]],

          [[0., 0.],
           [0., 0.]]],


         [[[0., 0.],
           [0., 0.]],

          [[0., 0.],
           [1., 1.]]]]])","tensor([[[[[0., 0.],
           [0., 0.]],

          [[0., 0.],
           [0., 0.]]],


         [[[0., 0.],
           [0., 0.]],

          [[0., 1.],
           [0., 0.]]]],



        [[[[0., 0.],
           [0., 0.]],

          [[0., 0.],
           [0., 0.]]],


         [[[0., 0.],
           [0., 0.]],

          [[0., 0.],
           [1., 0.]]]],



        [[[[0., 1.],
           [1., 1.]],

          [[1., 0.],
           [0., 0.]]],


         [[[0., 0.],
           [0., 0.]],

          [[0., 0.],
           [0., 0.]]]],



        [[[[1., 0.],
           [0., 0.]],

          [[0., 1.],
           [1., 1.]]],


         [[[1., 1.],
           [1., 1.]],

          [[1., 0.],
           [0., 1.]]]]])",0.99,0.8,0.6666666269302368,1000,1.0,pSAGD,cib_optimization/optimize_cib.py,wCIB+penalty,fsimoes,45345caa3f2538233a03cbc3e5b71daf91a5b4d3,"gamma=0.4--bxi=0.3,by=0.1,bs=0.8",LOCAL,CIB
f91ca79b28a541ceb810655369b75073,805718296294777617,FINISHED,mlflow-artifacts:/805718296294777617/f91ca79b28a541ceb810655369b75073/artifacts,2025-02-04 14:49:05.461000+00:00,2025-02-04 14:49:18.807000+00:00,1.058274269104004,1.932708978652954,-0.0,1.0,-0.0,1.576562762260437,5.656854152679443,1.4288055896759033,1.8235079189773131,1.5487903356552124,0.8622466325759888,0.8622466325759888,1.7651399374008179,0.5075095295906067,-0.1075509786605835,0.0,1.0522217750549316,0.4,0.1,0.3,10000.0,1e-05,10.0,"tensor([[[[[1., 1.],
           [1., 1.]],

          [[0., 0.],
           [0., 0.]]],


         [[[0., 0.],
           [0., 0.]],

          [[0., 0.],
           [0., 0.]]]],



        [[[[0., 0.],
           [0., 0.]],

          [[1., 1.],
           [1., 1.]]],


         [[[1., 1.],
           [1., 1.]],

          [[0., 0.],
           [0., 0.]]]],



        [[[[0., 0.],
           [0., 0.]],

          [[0., 0.],
           [0., 0.]]],


         [[[0., 0.],
           [0., 0.]],

          [[1., 1.],
           [0., 0.]]]],



        [[[[0., 0.],
           [0., 0.]],

          [[0., 0.],
           [0., 0.]]],


         [[[0., 0.],
           [0., 0.]],

          [[0., 0.],
           [1., 1.]]]]])","tensor([[[[[0., 0.],
           [0., 0.]],

          [[1., 1.],
           [0., 0.]]],


         [[[0., 1.],
           [1., 0.]],

          [[1., 0.],
           [0., 1.]]]],



        [[[[0., 0.],
           [0., 1.]],

          [[0., 0.],
           [0., 0.]]],


         [[[0., 0.],
           [0., 0.]],

          [[0., 1.],
           [0., 0.]]]],



        [[[[1., 1.],
           [1., 0.]],

          [[0., 0.],
           [1., 1.]]],


         [[[1., 0.],
           [0., 1.]],

          [[0., 0.],
           [0., 0.]]]],



        [[[[0., 0.],
           [0., 0.]],

          [[0., 0.],
           [0., 0.]]],


         [[[0., 0.],
           [0., 0.]],

          [[0., 0.],
           [1., 0.]]]]])",0.99,0.8,0.6666666269302368,1000,1.0,pSAGD,cib_optimization/optimize_cib.py,wCIB+penalty,fsimoes,45345caa3f2538233a03cbc3e5b71daf91a5b4d3,"gamma=0.4--bxi=0.3,by=0.1,bs=0.8",LOCAL,CIB
1172746500f24590a5cb5b5fde0caa0e,805718296294777617,FINISHED,mlflow-artifacts:/805718296294777617/1172746500f24590a5cb5b5fde0caa0e/artifacts,2025-02-04 14:48:49.485000+00:00,2025-02-04 14:49:02.916000+00:00,1.058274269104004,1.932708978652954,-0.0,1.0,-0.0,1.6347134113311768,5.152830600738525,1.4288055896759033,2.4976307331342213,1.7075624465942383,0.9205653071403503,0.9205653071403503,1.6727783679962158,0.5075095295906067,0.4203106760978699,0.0,1.0522217750549316,0.4,0.1,0.3,100.0,1e-05,10.0,"tensor([[[[[1., 1.],
           [1., 1.]],

          [[0., 0.],
           [0., 0.]]],


         [[[0., 0.],
           [0., 0.]],

          [[0., 0.],
           [0., 0.]]]],



        [[[[0., 0.],
           [0., 0.]],

          [[1., 1.],
           [1., 1.]]],


         [[[1., 1.],
           [1., 1.]],

          [[0., 0.],
           [0., 0.]]]],



        [[[[0., 0.],
           [0., 0.]],

          [[0., 0.],
           [0., 0.]]],


         [[[0., 0.],
           [0., 0.]],

          [[1., 1.],
           [0., 0.]]]],



        [[[[0., 0.],
           [0., 0.]],

          [[0., 0.],
           [0., 0.]]],


         [[[0., 0.],
           [0., 0.]],

          [[0., 0.],
           [1., 1.]]]]])","tensor([[[[[0.0000, 0.0000],
           [0.3600, 0.6100]],

          [[0.4000, 0.3600],
           [0.4200, 0.4200]]],


         [[[0.0000, 0.0000],
           [0.4200, 0.2000]],

          [[0.0000, 0.0000],
           [0.0000, 0.0000]]]],



        [[[[0.0000, 0.0000],
           [0.0000, 0.0000]],

          [[0.0000, 0.0000],
           [0.0000, 0.0000]]],


         [[[0.0000, 0.0000],
           [0.0000, 0.0000]],

          [[0.0000, 0.0000],
           [1.0000, 1.0000]]]],



        [[[[0.3200, 0.2400],
           [0.0000, 0.3900]],

          [[0.0000, 0.0000],
           [0.5800, 0.5800]]],


         [[[0.4800, 0.4400],
           [0.5800, 0.0000]],

          [[0.0000, 0.0000],
           [0.0000, 0.0000]]]],



        [[[[0.6800, 0.7600],
           [0.6400, 0.0000]],

          [[0.6000, 0.6400],
           [0.0000, 0.0000]]],


         [[[0.5200, 0.5600],
           [0.0000, 0.8000]],

          [[1.0000, 1.0000],
           [0.0000, 0.0000]]]]])",0.99,0.8,0.6666666269302368,1000,1.0,pSAGD,cib_optimization/optimize_cib.py,wCIB+penalty,fsimoes,45345caa3f2538233a03cbc3e5b71daf91a5b4d3,"gamma=0.4--bxi=0.3,by=0.1,bs=0.8",LOCAL,CIB
f7019dfa75004de39be86deb1b1212fa,805718296294777617,FINISHED,mlflow-artifacts:/805718296294777617/f7019dfa75004de39be86deb1b1212fa/artifacts,2025-02-04 14:48:27.489000+00:00,2025-02-04 14:48:46.910000+00:00,1.058274269104004,1.932708978652954,-0.0,1.0,-0.0,1.491204023361206,5.466777801513672,1.4288055896759033,2.0943510526382383,1.6453742980957031,0.9090850353240967,0.9090850353240967,1.7373600006103516,0.5075095295906067,0.22836804389953613,0.0,1.0522217750549316,0.4,0.1,0.3,100.0,1e-05,10.0,"tensor([[[[[1., 1.],
           [1., 1.]],

          [[0., 0.],
           [0., 0.]]],


         [[[0., 0.],
           [0., 0.]],

          [[0., 0.],
           [0., 0.]]]],



        [[[[0., 0.],
           [0., 0.]],

          [[1., 1.],
           [1., 1.]]],


         [[[1., 1.],
           [1., 1.]],

          [[0., 0.],
           [0., 0.]]]],



        [[[[0., 0.],
           [0., 0.]],

          [[0., 0.],
           [0., 0.]]],


         [[[0., 0.],
           [0., 0.]],

          [[1., 1.],
           [0., 0.]]]],



        [[[[0., 0.],
           [0., 0.]],

          [[0., 0.],
           [0., 0.]]],


         [[[0., 0.],
           [0., 0.]],

          [[0., 0.],
           [1., 1.]]]]])","tensor([[[[[0.0000, 0.0000],
           [0.0000, 0.0000]],

          [[0.0000, 0.8300],
           [0.0000, 0.0000]]],


         [[[0.8600, 0.8300],
           [0.8300, 0.0000]],

          [[1.0000, 0.0000],
           [0.0000, 1.0000]]]],



        [[[[0.0000, 0.0000],
           [0.0000, 0.0000]],

          [[0.0000, 0.0000],
           [0.0000, 0.0000]]],


         [[[0.0000, 0.0000],
           [0.0000, 0.0000]],

          [[0.0000, 1.0000],
           [0.0000, 0.0000]]]],



        [[[[0.0000, 1.0000],
           [0.0000, 0.0000]],

          [[0.0600, 0.1700],
           [0.0900, 0.2500]]],


         [[[0.1400, 0.1700],
           [0.1700, 0.2500]],

          [[0.0000, 0.0000],
           [1.0000, 0.0000]]]],



        [[[[1.0000, 0.0000],
           [1.0000, 1.0000]],

          [[0.9400, 0.0000],
           [0.9100, 0.7500]]],


         [[[0.0000, 0.0000],
           [0.0000, 0.7500]],

          [[0.0000, 0.0000],
           [0.0000, 0.0000]]]]])",0.99,0.8,0.6666666269302368,1000,1.0,pSAGD,cib_optimization/optimize_cib.py,wCIB+penalty,fsimoes,45345caa3f2538233a03cbc3e5b71daf91a5b4d3,"gamma=0.4--bxi=0.3,by=0.1,bs=0.8",LOCAL,CIB
1eed6aef4b3149078aff7ebab009ddf0,805718296294777617,FINISHED,mlflow-artifacts:/805718296294777617/1eed6aef4b3149078aff7ebab009ddf0/artifacts,2025-02-04 14:48:10.147000+00:00,2025-02-04 14:48:24.931000+00:00,1.058274269104004,1.932708978652954,-0.0,1.0,-0.0,1.5572295188903809,5.3291916847229,1.4288055896759033,1.9237020657146533,1.5954784154891968,0.9067838191986084,0.9067838191986084,1.8064508438110352,0.5075095295906067,0.2269963026046753,0.0,1.0522217750549316,0.4,0.1,0.3,100.0,1e-05,10.0,"tensor([[[[[1., 1.],
           [1., 1.]],

          [[0., 0.],
           [0., 0.]]],


         [[[0., 0.],
           [0., 0.]],

          [[0., 0.],
           [0., 0.]]]],



        [[[[0., 0.],
           [0., 0.]],

          [[1., 1.],
           [1., 1.]]],


         [[[1., 1.],
           [1., 1.]],

          [[0., 0.],
           [0., 0.]]]],



        [[[[0., 0.],
           [0., 0.]],

          [[0., 0.],
           [0., 0.]]],


         [[[0., 0.],
           [0., 0.]],

          [[1., 1.],
           [0., 0.]]]],



        [[[[0., 0.],
           [0., 0.]],

          [[0., 0.],
           [0., 0.]]],


         [[[0., 0.],
           [0., 0.]],

          [[0., 0.],
           [1., 1.]]]]])","tensor([[[[[0.0000, 0.0000],
           [0.0000, 0.0000]],

          [[0.3600, 0.0000],
           [0.0000, 0.0000]]],


         [[[0.3600, 0.4700],
           [0.4700, 0.0000]],

          [[0.0000, 0.0000],
           [0.0000, 0.0000]]]],



        [[[[1.0000, 0.0000],
           [0.0000, 0.0000]],

          [[0.6400, 0.6800],
           [0.6800, 1.0000]]],


         [[[0.6400, 0.0000],
           [0.0000, 0.9400]],

          [[0.0000, 0.0000],
           [0.8800, 0.0000]]]],



        [[[[0.0000, 0.0000],
           [0.0000, 0.0000]],

          [[0.0000, 0.0000],
           [0.0000, 0.0000]]],


         [[[0.0000, 0.0000],
           [0.0000, 0.0000]],

          [[0.0000, 1.0000],
           [0.0000, 0.6000]]]],



        [[[[0.0000, 1.0000],
           [1.0000, 1.0000]],

          [[0.0000, 0.3200],
           [0.3200, 0.0000]]],


         [[[0.0000, 0.5300],
           [0.5300, 0.0600]],

          [[1.0000, 0.0000],
           [0.1200, 0.4000]]]]])",0.99,0.8,0.6666666269302368,1000,1.0,pSAGD,cib_optimization/optimize_cib.py,wCIB+penalty,fsimoes,45345caa3f2538233a03cbc3e5b71daf91a5b4d3,"gamma=0.4--bxi=0.3,by=0.1,bs=0.8",LOCAL,CIB
7718a6dde88849699bbf3facf66dbab6,805718296294777617,FINISHED,mlflow-artifacts:/805718296294777617/7718a6dde88849699bbf3facf66dbab6/artifacts,2025-02-04 14:47:24.446000+00:00,2025-02-04 14:48:07.440000+00:00,1.058274269104004,1.932708978652954,1.2067550420761108,0.0,-0.0,1.8600361347198486,2.6712629795074463,1.4288055896759033,3.1291130012450115,1.9203848838806152,0.49273720383644104,0.49273720383644104,2.094107151031494,0.5075095295906067,-0.0007873773574829102,0.0,1.0522217750549316,0.4,0.1,0.3,10.0,1e-05,10.0,"tensor([[[[[1., 1.],
           [1., 1.]],

          [[0., 0.],
           [0., 0.]]],


         [[[0., 0.],
           [0., 0.]],

          [[0., 0.],
           [0., 0.]]]],



        [[[[0., 0.],
           [0., 0.]],

          [[1., 1.],
           [1., 1.]]],


         [[[1., 1.],
           [1., 1.]],

          [[0., 0.],
           [0., 0.]]]],



        [[[[0., 0.],
           [0., 0.]],

          [[0., 0.],
           [0., 0.]]],


         [[[0., 0.],
           [0., 0.]],

          [[1., 1.],
           [0., 0.]]]],



        [[[[0., 0.],
           [0., 0.]],

          [[0., 0.],
           [0., 0.]]],


         [[[0., 0.],
           [0., 0.]],

          [[0., 0.],
           [1., 1.]]]]])","tensor([[[[[0.4900, 0.0000],
           [0.4100, 0.4300]],

          [[0.2500, 0.2400],
           [0.2400, 0.4800]]],


         [[[0.2500, 0.0000],
           [0.2400, 0.4400]],

          [[0.0800, 0.1500],
           [0.0000, 0.0600]]]],



        [[[[0.0000, 0.0000],
           [0.5900, 0.0000]],

          [[0.3000, 0.3000],
           [0.3000, 0.0000]]],


         [[[0.3000, 0.5000],
           [0.3000, 0.5600]],

          [[0.1200, 0.0600],
           [0.1000, 0.2000]]]],



        [[[[0.5100, 0.4400],
           [0.0000, 0.5700]],

          [[0.1700, 0.1800],
           [0.1800, 0.5200]]],


         [[[0.1700, 0.0000],
           [0.1800, 0.0000]],

          [[0.7700, 0.7300],
           [0.8700, 0.6500]]]],



        [[[[0.0000, 0.5600],
           [0.0000, 0.0000]],

          [[0.2800, 0.2700],
           [0.2700, 0.0000]]],


         [[[0.2800, 0.5000],
           [0.2700, 0.0000]],

          [[0.0300, 0.0600],
           [0.0300, 0.1000]]]]], grad_fn=<RoundBackward1>)",0.99,0.8,0.6666666269302368,1000,1.0,pSAGD,cib_optimization/optimize_cib.py,wCIB+penalty,fsimoes,45345caa3f2538233a03cbc3e5b71daf91a5b4d3,"gamma=0.4--bxi=0.3,by=0.1,bs=0.8",LOCAL,CIB
ee314e5ac0d544e39046902618df13a8,805718296294777617,FINISHED,mlflow-artifacts:/805718296294777617/ee314e5ac0d544e39046902618df13a8/artifacts,2025-02-04 14:46:43.730000+00:00,2025-02-04 14:47:21.399000+00:00,1.058274269104004,1.932708978652954,1.2206000089645386,0.0,-0.0,1.8293170928955078,2.9754698276519775,1.4288055896759033,3.022486562519317,1.9401761293411255,0.5325071811676025,0.5325071811676025,2.18461275100708,0.5075095295906067,-0.03557705879211426,0.0,1.0522217750549316,0.4,0.1,0.3,10.0,1e-05,10.0,"tensor([[[[[1., 1.],
           [1., 1.]],

          [[0., 0.],
           [0., 0.]]],


         [[[0., 0.],
           [0., 0.]],

          [[0., 0.],
           [0., 0.]]]],



        [[[[0., 0.],
           [0., 0.]],

          [[1., 1.],
           [1., 1.]]],


         [[[1., 1.],
           [1., 1.]],

          [[0., 0.],
           [0., 0.]]]],



        [[[[0., 0.],
           [0., 0.]],

          [[0., 0.],
           [0., 0.]]],


         [[[0., 0.],
           [0., 0.]],

          [[1., 1.],
           [0., 0.]]]],



        [[[[0., 0.],
           [0., 0.]],

          [[0., 0.],
           [0., 0.]]],


         [[[0., 0.],
           [0., 0.]],

          [[0., 0.],
           [1., 1.]]]]])","tensor([[[[[0.4400, 1.0000],
           [0.0000, 0.0000]],

          [[0.2800, 0.2900],
           [0.3000, 0.0000]]],


         [[[0.2000, 0.3000],
           [0.0000, 0.4300]],

          [[0.3000, 0.6200],
           [0.1400, 0.2900]]]],



        [[[[0.2500, 0.0000],
           [0.4700, 0.4500]],

          [[0.1500, 0.1600],
           [0.1600, 0.4100]]],


         [[[0.6300, 0.1600],
           [0.0000, 0.2500]],

          [[0.2800, 0.2200],
           [0.6400, 0.4000]]]],



        [[[[0.0000, 0.0000],
           [0.0000, 0.0000]],

          [[0.3300, 0.3300],
           [0.2900, 0.5900]]],


         [[[0.0000, 0.2900],
           [0.5300, 0.0000]],

          [[0.1700, 0.0000],
           [0.1300, 0.1200]]]],



        [[[[0.3000, 0.0000],
           [0.5300, 0.5500]],

          [[0.2400, 0.2200],
           [0.2500, 0.0000]]],


         [[[0.1700, 0.2500],
           [0.4700, 0.3200]],

          [[0.2400, 0.1600],
           [0.0900, 0.1900]]]]], grad_fn=<RoundBackward1>)",0.99,0.8,0.6666666269302368,1000,1.0,pSAGD,cib_optimization/optimize_cib.py,wCIB+penalty,fsimoes,45345caa3f2538233a03cbc3e5b71daf91a5b4d3,"gamma=0.4--bxi=0.3,by=0.1,bs=0.8",LOCAL,CIB
ce41753c860d4d48a771d94c29a2c828,805718296294777617,FINISHED,mlflow-artifacts:/805718296294777617/ce41753c860d4d48a771d94c29a2c828/artifacts,2025-02-04 14:46:00.685000+00:00,2025-02-04 14:46:40.950000+00:00,1.058274269104004,1.932708978652954,1.1319661140441895,0.0,-0.0,1.802333950996399,2.726994752883911,1.4288055896759033,3.091829681352002,1.9459197521209717,0.5458186864852905,0.5458186864852905,2.0763251781463623,0.5075095295906067,0.061302393674850464,0.0,1.0522217750549316,0.4,0.1,0.3,10.0,1e-05,10.0,"tensor([[[[[1., 1.],
           [1., 1.]],

          [[0., 0.],
           [0., 0.]]],


         [[[0., 0.],
           [0., 0.]],

          [[0., 0.],
           [0., 0.]]]],



        [[[[0., 0.],
           [0., 0.]],

          [[1., 1.],
           [1., 1.]]],


         [[[1., 1.],
           [1., 1.]],

          [[0., 0.],
           [0., 0.]]]],



        [[[[0., 0.],
           [0., 0.]],

          [[0., 0.],
           [0., 0.]]],


         [[[0., 0.],
           [0., 0.]],

          [[1., 1.],
           [0., 0.]]]],



        [[[[0., 0.],
           [0., 0.]],

          [[0., 0.],
           [0., 0.]]],


         [[[0., 0.],
           [0., 0.]],

          [[0., 0.],
           [1., 1.]]]]])","tensor([[[[[0.0000, 0.0000],
           [0.5300, 0.5600]],

          [[0.2900, 0.2900],
           [0.2900, 0.5000]]],


         [[[0.2900, 0.2900],
           [0.0000, 0.0000]],

          [[0.0000, 0.1400],
           [0.0800, 0.1600]]]],



        [[[[0.0000, 0.5100],
           [0.0000, 0.0000]],

          [[0.2800, 0.2700],
           [0.2700, 0.0000]]],


         [[[0.2800, 0.2700],
           [0.0000, 0.5400]],

          [[0.1300, 0.1100],
           [0.0500, 0.1300]]]],



        [[[[1.0000, 0.0000],
           [0.4700, 0.4400]],

          [[0.2800, 0.2700],
           [0.2700, 0.0000]]],


         [[[0.2800, 0.2700],
           [0.5100, 0.4600]],

          [[0.2000, 0.0200],
           [0.0200, 0.0700]]]],



        [[[[0.0000, 0.4900],
           [0.0000, 0.0000]],

          [[0.1500, 0.1700],
           [0.1700, 0.5000]]],


         [[[0.1500, 0.1700],
           [0.4900, 0.0000]],

          [[0.6700, 0.7300],
           [0.8500, 0.6300]]]]], grad_fn=<RoundBackward1>)",0.99,0.8,0.6666666269302368,1000,1.0,pSAGD,cib_optimization/optimize_cib.py,wCIB+penalty,fsimoes,45345caa3f2538233a03cbc3e5b71daf91a5b4d3,"gamma=0.4--bxi=0.3,by=0.1,bs=0.8",LOCAL,CIB
99e101e896b44e04b43432145a99ccfb,805718296294777617,FINISHED,mlflow-artifacts:/805718296294777617/99e101e896b44e04b43432145a99ccfb/artifacts,2025-02-04 14:45:19.029000+00:00,2025-02-04 14:45:57.808000+00:00,1.058274269104004,1.932708978652954,1.6663786172866821,0.0,-0.0,1.7333683967590332,0.06749521195888519,1.4288055896759033,2.8855347392708466,1.8937575817108154,0.07708294689655304,0.07708294689655304,1.7843478918075562,0.5075095295906067,-0.004352733492851257,0.0,1.0522217750549316,0.4,0.1,0.3,1.0,1e-05,10.0,"tensor([[[[[1., 1.],
           [1., 1.]],

          [[0., 0.],
           [0., 0.]]],


         [[[0., 0.],
           [0., 0.]],

          [[0., 0.],
           [0., 0.]]]],



        [[[[0., 0.],
           [0., 0.]],

          [[1., 1.],
           [1., 1.]]],


         [[[1., 1.],
           [1., 1.]],

          [[0., 0.],
           [0., 0.]]]],



        [[[[0., 0.],
           [0., 0.]],

          [[0., 0.],
           [0., 0.]]],


         [[[0., 0.],
           [0., 0.]],

          [[1., 1.],
           [0., 0.]]]],



        [[[[0., 0.],
           [0., 0.]],

          [[0., 0.],
           [0., 0.]]],


         [[[0., 0.],
           [0., 0.]],

          [[0., 0.],
           [1., 1.]]]]])","tensor([[[[[0.3500, 0.3400],
           [0.3400, 0.3400]],

          [[0.3600, 0.3600],
           [0.3600, 0.3500]]],


         [[[0.3600, 0.3600],
           [0.3600, 0.3500]],

          [[0.0300, 0.0400],
           [0.0200, 0.1300]]]],



        [[[[0.3800, 0.3800],
           [0.3800, 0.3700]],

          [[0.4000, 0.4000],
           [0.4000, 0.3800]]],


         [[[0.4000, 0.4000],
           [0.4000, 0.3800]],

          [[0.0100, 0.0200],
           [0.0100, 0.1000]]]],



        [[[[0.0500, 0.0600],
           [0.0600, 0.0900]],

          [[0.0200, 0.0200],
           [0.0200, 0.0500]]],


         [[[0.0100, 0.0200],
           [0.0200, 0.0500]],

          [[0.9500, 0.9300],
           [0.9500, 0.6600]]]],



        [[[[0.2200, 0.2200],
           [0.2200, 0.2100]],

          [[0.2200, 0.2300],
           [0.2300, 0.2200]]],


         [[[0.2300, 0.2300],
           [0.2300, 0.2200]],

          [[0.0000, 0.0100],
           [0.0200, 0.1200]]]]], grad_fn=<RoundBackward1>)",0.99,0.8,0.6666666269302368,1000,1.0,pSAGD,cib_optimization/optimize_cib.py,wCIB+penalty,fsimoes,45345caa3f2538233a03cbc3e5b71daf91a5b4d3,"gamma=0.4--bxi=0.3,by=0.1,bs=0.8",LOCAL,CIB
5fd818b6d0f24c85bedc6a5563028cfc,805718296294777617,FINISHED,mlflow-artifacts:/805718296294777617/5fd818b6d0f24c85bedc6a5563028cfc/artifacts,2025-02-04 14:44:37.991000+00:00,2025-02-04 14:45:16.251000+00:00,1.058274269104004,1.932708978652954,1.4780806303024292,0.0,-0.0,1.7522873878479004,0.10578837990760803,1.4288055896759033,2.7112451438571936,1.6904722452163696,0.07987203449010849,0.07987203449010849,1.813801646232605,0.5075095295906067,0.005832962691783905,0.0,1.0522217750549316,0.4,0.1,0.3,1.0,1e-05,10.0,"tensor([[[[[1., 1.],
           [1., 1.]],

          [[0., 0.],
           [0., 0.]]],


         [[[0., 0.],
           [0., 0.]],

          [[0., 0.],
           [0., 0.]]]],



        [[[[0., 0.],
           [0., 0.]],

          [[1., 1.],
           [1., 1.]]],


         [[[1., 1.],
           [1., 1.]],

          [[0., 0.],
           [0., 0.]]]],



        [[[[0., 0.],
           [0., 0.]],

          [[0., 0.],
           [0., 0.]]],


         [[[0., 0.],
           [0., 0.]],

          [[1., 1.],
           [0., 0.]]]],



        [[[[0., 0.],
           [0., 0.]],

          [[0., 0.],
           [0., 0.]]],


         [[[0., 0.],
           [0., 0.]],

          [[0., 0.],
           [1., 1.]]]]])","tensor([[[[[0.4900, 0.4800],
           [0.4800, 0.4700]],

          [[0.5200, 0.5200],
           [0.5200, 0.4900]]],


         [[[0.5200, 0.5200],
           [0.5200, 0.4900]],

          [[0.0000, 0.0700],
           [0.0100, 0.0800]]]],



        [[[[0.0500, 0.0600],
           [0.0600, 0.0700]],

          [[0.0100, 0.0200],
           [0.0200, 0.0400]]],


         [[[0.0100, 0.0200],
           [0.0200, 0.0400]],

          [[0.8800, 0.9000],
           [0.5600, 0.4000]]]],



        [[[[0.3800, 0.3800],
           [0.3800, 0.3700]],

          [[0.4100, 0.4000],
           [0.4000, 0.3900]]],


         [[[0.4100, 0.4000],
           [0.4000, 0.3900]],

          [[0.0500, 0.0000],
           [0.0200, 0.1500]]]],



        [[[[0.0800, 0.0800],
           [0.0800, 0.0900]],

          [[0.0600, 0.0600],
           [0.0600, 0.0800]]],


         [[[0.0600, 0.0600],
           [0.0600, 0.0800]],

          [[0.0600, 0.0300],
           [0.4100, 0.3700]]]]], grad_fn=<RoundBackward1>)",0.99,0.8,0.6666666269302368,1000,1.0,pSAGD,cib_optimization/optimize_cib.py,wCIB+penalty,fsimoes,45345caa3f2538233a03cbc3e5b71daf91a5b4d3,"gamma=0.4--bxi=0.3,by=0.1,bs=0.8",LOCAL,CIB
7b34f657e9d6412ca4560d91019f711a,805718296294777617,FINISHED,mlflow-artifacts:/805718296294777617/7b34f657e9d6412ca4560d91019f711a/artifacts,2025-02-04 14:43:56.997000+00:00,2025-02-04 14:44:35.064000+00:00,1.058274269104004,1.932708978652954,1.4842180013656616,0.0,-0.0,1.7611432075500488,0.09226539731025696,1.4288055896759033,2.7239228316657647,1.692373514175415,0.07993204891681671,0.07993204891681671,1.8203058242797852,0.5075095295906067,0.0011777877807617188,0.0,1.0522217750549316,0.4,0.1,0.3,1.0,1e-05,10.0,"tensor([[[[[1., 1.],
           [1., 1.]],

          [[0., 0.],
           [0., 0.]]],


         [[[0., 0.],
           [0., 0.]],

          [[0., 0.],
           [0., 0.]]]],



        [[[[0., 0.],
           [0., 0.]],

          [[1., 1.],
           [1., 1.]]],


         [[[1., 1.],
           [1., 1.]],

          [[0., 0.],
           [0., 0.]]]],



        [[[[0., 0.],
           [0., 0.]],

          [[0., 0.],
           [0., 0.]]],


         [[[0., 0.],
           [0., 0.]],

          [[1., 1.],
           [0., 0.]]]],



        [[[[0., 0.],
           [0., 0.]],

          [[0., 0.],
           [0., 0.]]],


         [[[0., 0.],
           [0., 0.]],

          [[0., 0.],
           [1., 1.]]]]])","tensor([[[[[0.1000, 0.1100],
           [0.1100, 0.1100]],

          [[0.0800, 0.0800],
           [0.0800, 0.1000]]],


         [[[0.0800, 0.0800],
           [0.0800, 0.1000]],

          [[0.0500, 0.1200],
           [0.6300, 0.4900]]]],



        [[[[0.5400, 0.5300],
           [0.5300, 0.5100]],

          [[0.5700, 0.5700],
           [0.5700, 0.5400]]],


         [[[0.5700, 0.5700],
           [0.5700, 0.5400]],

          [[0.0100, 0.0500],
           [0.0000, 0.0800]]]],



        [[[[0.3200, 0.3200],
           [0.3200, 0.3000]],

          [[0.3400, 0.3300],
           [0.3300, 0.3200]]],


         [[[0.3400, 0.3300],
           [0.3300, 0.3200]],

          [[0.0600, 0.0000],
           [0.0400, 0.1500]]]],



        [[[[0.0400, 0.0400],
           [0.0400, 0.0800]],

          [[0.0100, 0.0100],
           [0.0100, 0.0300]]],


         [[[0.0100, 0.0100],
           [0.0100, 0.0300]],

          [[0.8800, 0.8300],
           [0.3300, 0.2900]]]]], grad_fn=<RoundBackward1>)",0.99,0.8,0.6666666269302368,1000,1.0,pSAGD,cib_optimization/optimize_cib.py,wCIB+penalty,fsimoes,45345caa3f2538233a03cbc3e5b71daf91a5b4d3,"gamma=0.4--bxi=0.3,by=0.1,bs=0.8",LOCAL,CIB
b50fc2f886ea4dceb778aff21d4775b4,805718296294777617,FINISHED,mlflow-artifacts:/805718296294777617/b50fc2f886ea4dceb778aff21d4775b4/artifacts,2025-02-04 14:43:41.224000+00:00,2025-02-04 14:43:54.278000+00:00,1.058274269104004,1.932708978652954,-0.0,1.0,-0.0,1.4765771627426147,5.656854152679443,1.4288055896759033,1.7734381680658848,1.3449621200561523,1.0173701047897339,1.0173701047897339,1.6397112607955933,0.9681575298309326,0.046858131885528564,0.0,1.0522217750549316,0.2,0.1,0.3,10000.0,1e-05,10.0,"tensor([[[[[1., 1.],
           [1., 1.]],

          [[0., 0.],
           [0., 0.]]],


         [[[0., 0.],
           [0., 0.]],

          [[0., 0.],
           [0., 0.]]]],



        [[[[0., 0.],
           [0., 0.]],

          [[1., 1.],
           [1., 1.]]],


         [[[1., 1.],
           [1., 1.]],

          [[0., 0.],
           [0., 0.]]]],



        [[[[0., 0.],
           [0., 0.]],

          [[0., 0.],
           [0., 0.]]],


         [[[0., 0.],
           [0., 0.]],

          [[1., 1.],
           [0., 0.]]]],



        [[[[0., 0.],
           [0., 0.]],

          [[0., 0.],
           [0., 0.]]],


         [[[0., 0.],
           [0., 0.]],

          [[0., 0.],
           [1., 1.]]]]])","tensor([[[[[1., 1.],
           [0., 1.]],

          [[1., 0.],
           [0., 0.]]],


         [[[0., 1.],
           [1., 0.]],

          [[0., 0.],
           [0., 0.]]]],



        [[[[0., 0.],
           [1., 0.]],

          [[0., 1.],
           [1., 1.]]],


         [[[1., 0.],
           [0., 1.]],

          [[0., 0.],
           [0., 1.]]]],



        [[[[0., 0.],
           [0., 0.]],

          [[0., 0.],
           [0., 0.]]],


         [[[0., 0.],
           [0., 0.]],

          [[1., 0.],
           [0., 0.]]]],



        [[[[0., 0.],
           [0., 0.]],

          [[0., 0.],
           [0., 0.]]],


         [[[0., 0.],
           [0., 0.]],

          [[0., 1.],
           [1., 0.]]]]])",0.99,0.8,0.25,1000,1.0,pSAGD,cib_optimization/optimize_cib.py,wCIB+penalty,fsimoes,45345caa3f2538233a03cbc3e5b71daf91a5b4d3,"gamma=0.2--bxi=0.3,by=0.1,bs=0.8",LOCAL,CIB
f0f59798355045a2883293abd187dded,805718296294777617,FINISHED,mlflow-artifacts:/805718296294777617/f0f59798355045a2883293abd187dded/artifacts,2025-02-04 14:43:18.960000+00:00,2025-02-04 14:43:38.507000+00:00,1.058274269104004,1.932708978652954,-0.0,1.0,-0.0,1.6161179542541504,5.656854152679443,1.4288055896759033,1.8004178400779218,1.2762298583984375,0.954375147819519,0.954375147819519,1.5996651649475098,0.9681575298309326,-0.056795597076416016,0.0,1.0522217750549316,0.2,0.1,0.3,10000.0,1e-05,10.0,"tensor([[[[[1., 1.],
           [1., 1.]],

          [[0., 0.],
           [0., 0.]]],


         [[[0., 0.],
           [0., 0.]],

          [[0., 0.],
           [0., 0.]]]],



        [[[[0., 0.],
           [0., 0.]],

          [[1., 1.],
           [1., 1.]]],


         [[[1., 1.],
           [1., 1.]],

          [[0., 0.],
           [0., 0.]]]],



        [[[[0., 0.],
           [0., 0.]],

          [[0., 0.],
           [0., 0.]]],


         [[[0., 0.],
           [0., 0.]],

          [[1., 1.],
           [0., 0.]]]],



        [[[[0., 0.],
           [0., 0.]],

          [[0., 0.],
           [0., 0.]]],


         [[[0., 0.],
           [0., 0.]],

          [[0., 0.],
           [1., 1.]]]]])","tensor([[[[[1., 1.],
           [0., 1.]],

          [[0., 1.],
           [0., 1.]]],


         [[[0., 0.],
           [0., 0.]],

          [[0., 0.],
           [0., 1.]]]],



        [[[[0., 0.],
           [0., 0.]],

          [[0., 0.],
           [0., 0.]]],


         [[[0., 0.],
           [0., 0.]],

          [[0., 1.],
           [0., 0.]]]],



        [[[[0., 0.],
           [1., 0.]],

          [[1., 0.],
           [1., 0.]]],


         [[[1., 1.],
           [1., 1.]],

          [[0., 0.],
           [0., 0.]]]],



        [[[[0., 0.],
           [0., 0.]],

          [[0., 0.],
           [0., 0.]]],


         [[[0., 0.],
           [0., 0.]],

          [[1., 0.],
           [1., 0.]]]]])",0.99,0.8,0.25,1000,1.0,pSAGD,cib_optimization/optimize_cib.py,wCIB+penalty,fsimoes,45345caa3f2538233a03cbc3e5b71daf91a5b4d3,"gamma=0.2--bxi=0.3,by=0.1,bs=0.8",LOCAL,CIB
cc83f076fd654352a2b4400c6c5da722,805718296294777617,FINISHED,mlflow-artifacts:/805718296294777617/cc83f076fd654352a2b4400c6c5da722/artifacts,2025-02-04 14:43:03.354000+00:00,2025-02-04 14:43:16.238000+00:00,1.058274269104004,1.932708978652954,-0.0,1.0,-0.0,1.61750328540802,5.656854152679443,1.4288055896759033,2.1419134302581195,1.2876818180084229,1.0089341402053833,1.0089341402053833,1.8266518115997314,0.9681575298309326,0.05628776550292969,0.0,1.0522217750549316,0.2,0.1,0.3,10000.0,1e-05,10.0,"tensor([[[[[1., 1.],
           [1., 1.]],

          [[0., 0.],
           [0., 0.]]],


         [[[0., 0.],
           [0., 0.]],

          [[0., 0.],
           [0., 0.]]]],



        [[[[0., 0.],
           [0., 0.]],

          [[1., 1.],
           [1., 1.]]],


         [[[1., 1.],
           [1., 1.]],

          [[0., 0.],
           [0., 0.]]]],



        [[[[0., 0.],
           [0., 0.]],

          [[0., 0.],
           [0., 0.]]],


         [[[0., 0.],
           [0., 0.]],

          [[1., 1.],
           [0., 0.]]]],



        [[[[0., 0.],
           [0., 0.]],

          [[0., 0.],
           [0., 0.]]],


         [[[0., 0.],
           [0., 0.]],

          [[0., 0.],
           [1., 1.]]]]])","tensor([[[[[0., 0.],
           [0., 1.]],

          [[0., 0.],
           [0., 1.]]],


         [[[1., 1.],
           [0., 1.]],

          [[1., 0.],
           [0., 1.]]]],



        [[[[0., 0.],
           [0., 0.]],

          [[0., 0.],
           [0., 0.]]],


         [[[0., 0.],
           [0., 0.]],

          [[0., 1.],
           [0., 0.]]]],



        [[[[1., 1.],
           [1., 0.]],

          [[1., 1.],
           [1., 0.]]],


         [[[0., 0.],
           [1., 0.]],

          [[0., 0.],
           [0., 0.]]]],



        [[[[0., 0.],
           [0., 0.]],

          [[0., 0.],
           [0., 0.]]],


         [[[0., 0.],
           [0., 0.]],

          [[0., 0.],
           [1., 0.]]]]])",0.99,0.8,0.25,1000,1.0,pSAGD,cib_optimization/optimize_cib.py,wCIB+penalty,fsimoes,45345caa3f2538233a03cbc3e5b71daf91a5b4d3,"gamma=0.2--bxi=0.3,by=0.1,bs=0.8",LOCAL,CIB
92f943b452684b3786b9c0f82fac16b5,805718296294777617,FINISHED,mlflow-artifacts:/805718296294777617/92f943b452684b3786b9c0f82fac16b5/artifacts,2025-02-04 14:42:33.321000+00:00,2025-02-04 14:43:00.594000+00:00,1.058274269104004,1.932708978652954,0.20136727392673492,1.0,-0.0,1.6095612049102783,5.405208587646484,1.4288055896759033,2.1857437625477223,1.411787509918213,0.9298437833786011,0.9298437833786011,1.7402468919754028,0.9681575298309326,-0.20394253730773926,0.0,1.0522217750549316,0.2,0.1,0.3,100.0,1e-05,10.0,"tensor([[[[[1., 1.],
           [1., 1.]],

          [[0., 0.],
           [0., 0.]]],


         [[[0., 0.],
           [0., 0.]],

          [[0., 0.],
           [0., 0.]]]],



        [[[[0., 0.],
           [0., 0.]],

          [[1., 1.],
           [1., 1.]]],


         [[[1., 1.],
           [1., 1.]],

          [[0., 0.],
           [0., 0.]]]],



        [[[[0., 0.],
           [0., 0.]],

          [[0., 0.],
           [0., 0.]]],


         [[[0., 0.],
           [0., 0.]],

          [[1., 1.],
           [0., 0.]]]],



        [[[[0., 0.],
           [0., 0.]],

          [[0., 0.],
           [0., 0.]]],


         [[[0., 0.],
           [0., 0.]],

          [[0., 0.],
           [1., 1.]]]]])","tensor([[[[[0.0000, 0.0000],
           [0.0000, 0.0000]],

          [[0.1800, 0.1000],
           [0.0000, 0.0000]]],


         [[[0.0200, 0.1000],
           [0.0000, 0.0000]],

          [[0.0000, 0.8800],
           [0.1600, 0.7200]]]],



        [[[[0.0000, 0.0000],
           [0.0000, 0.0000]],

          [[0.0000, 0.0000],
           [0.0000, 0.0000]]],


         [[[0.0000, 0.0000],
           [0.0000, 0.0000]],

          [[1.0000, 0.1200],
           [0.0000, 0.2800]]]],



        [[[[1.0000, 0.0000],
           [1.0000, 0.0000]],

          [[0.0000, 0.0000],
           [0.7000, 0.0000]]],


         [[[0.9800, 0.0000],
           [0.7000, 1.0000]],

          [[0.0000, 0.0000],
           [0.8400, 0.0000]]]],



        [[[[0.0000, 1.0000],
           [0.0000, 1.0000]],

          [[0.8200, 0.9000],
           [0.3000, 1.0000]]],


         [[[0.0000, 0.9000],
           [0.3000, 0.0000]],

          [[0.0000, 0.0000],
           [0.0000, 0.0000]]]]])",0.99,0.8,0.25,1000,1.0,pSAGD,cib_optimization/optimize_cib.py,wCIB+penalty,fsimoes,45345caa3f2538233a03cbc3e5b71daf91a5b4d3,"gamma=0.2--bxi=0.3,by=0.1,bs=0.8",LOCAL,CIB
4572d88f78e746a480954cace1a64f2d,805718296294777617,FINISHED,mlflow-artifacts:/805718296294777617/4572d88f78e746a480954cace1a64f2d/artifacts,2025-02-04 14:42:13.272000+00:00,2025-02-04 14:42:30.554000+00:00,1.058274269104004,1.932708978652954,0.03799488767981529,1.0,-0.0,1.5891103744506836,5.358888626098633,1.4288055896759033,2.2487952939914537,1.532724142074585,1.1622240543365479,1.1622240543365479,1.7649117708206177,0.9681575298309326,0.21158134937286377,0.0,1.0522217750549316,0.2,0.1,0.3,100.0,1e-05,10.0,"tensor([[[[[1., 1.],
           [1., 1.]],

          [[0., 0.],
           [0., 0.]]],


         [[[0., 0.],
           [0., 0.]],

          [[0., 0.],
           [0., 0.]]]],



        [[[[0., 0.],
           [0., 0.]],

          [[1., 1.],
           [1., 1.]]],


         [[[1., 1.],
           [1., 1.]],

          [[0., 0.],
           [0., 0.]]]],



        [[[[0., 0.],
           [0., 0.]],

          [[0., 0.],
           [0., 0.]]],


         [[[0., 0.],
           [0., 0.]],

          [[1., 1.],
           [0., 0.]]]],



        [[[[0., 0.],
           [0., 0.]],

          [[0., 0.],
           [0., 0.]]],


         [[[0., 0.],
           [0., 0.]],

          [[0., 0.],
           [1., 1.]]]]])","tensor([[[[[1.0000, 1.0000],
           [0.0000, 1.0000]],

          [[0.8100, 0.2600],
           [0.0000, 1.0000]]],


         [[[0.3000, 0.8800],
           [0.0000, 0.0000]],

          [[0.2900, 0.3200],
           [0.0000, 0.8800]]]],



        [[[[0.0000, 0.0000],
           [0.0000, 0.0000]],

          [[0.0000, 0.0000],
           [0.0000, 0.0000]]],


         [[[0.0000, 0.0000],
           [0.0000, 0.0000]],

          [[0.0000, 0.6800],
           [0.6100, 0.0000]]]],



        [[[[0.0000, 0.0000],
           [0.0000, 0.0000]],

          [[0.1900, 0.0000],
           [0.0000, 0.0000]]],


         [[[0.0000, 0.1200],
           [1.0000, 0.0000]],

          [[0.7000, 0.0000],
           [0.3900, 0.1200]]]],



        [[[[0.0000, 0.0000],
           [1.0000, 0.0000]],

          [[0.0000, 0.7400],
           [1.0000, 0.0000]]],


         [[[0.7000, 0.0000],
           [0.0000, 1.0000]],

          [[0.0000, 0.0000],
           [0.0000, 0.0000]]]]])",0.99,0.8,0.25,1000,1.0,pSAGD,cib_optimization/optimize_cib.py,wCIB+penalty,fsimoes,45345caa3f2538233a03cbc3e5b71daf91a5b4d3,"gamma=0.2--bxi=0.3,by=0.1,bs=0.8",LOCAL,CIB
866f0eb9a617426387fe607e262f9ff2,805718296294777617,FINISHED,mlflow-artifacts:/805718296294777617/866f0eb9a617426387fe607e262f9ff2/artifacts,2025-02-04 14:41:52.368000+00:00,2025-02-04 14:42:10.551000+00:00,1.058274269104004,1.932708978652954,-0.0,1.0,-0.0,1.5500028133392334,5.410277843475342,1.4288055896759033,1.986929771771747,1.673719048500061,1.3243149518966675,1.3243149518966675,1.8594071865081787,0.9681575298309326,0.49898862838745117,0.0,1.0522217750549316,0.2,0.1,0.3,100.0,1e-05,10.0,"tensor([[[[[1., 1.],
           [1., 1.]],

          [[0., 0.],
           [0., 0.]]],


         [[[0., 0.],
           [0., 0.]],

          [[0., 0.],
           [0., 0.]]]],



        [[[[0., 0.],
           [0., 0.]],

          [[1., 1.],
           [1., 1.]]],


         [[[1., 1.],
           [1., 1.]],

          [[0., 0.],
           [0., 0.]]]],



        [[[[0., 0.],
           [0., 0.]],

          [[0., 0.],
           [0., 0.]]],


         [[[0., 0.],
           [0., 0.]],

          [[1., 1.],
           [0., 0.]]]],



        [[[[0., 0.],
           [0., 0.]],

          [[0., 0.],
           [0., 0.]]],


         [[[0., 0.],
           [0., 0.]],

          [[0., 0.],
           [1., 1.]]]]])","tensor([[[[[0.0000, 0.0000],
           [0.0000, 0.0000]],

          [[0.0000, 0.0000],
           [0.0000, 0.0000]]],


         [[[0.0000, 0.0000],
           [0.0000, 0.0000]],

          [[1.0000, 1.0000],
           [1.0000, 0.0000]]]],



        [[[[0.3300, 0.0000],
           [0.0000, 0.0000]],

          [[0.1600, 0.1400],
           [0.1400, 0.0000]]],


         [[[0.1600, 0.1400],
           [0.1400, 0.0300]],

          [[0.0000, 0.0000],
           [0.0000, 0.0000]]]],



        [[[[0.6700, 0.2300],
           [0.2300, 0.0000]],

          [[0.8400, 0.8600],
           [0.8600, 0.0000]]],


         [[[0.8400, 0.8600],
           [0.8600, 0.9700]],

          [[0.0000, 0.0000],
           [0.0000, 0.0000]]]],



        [[[[0.0000, 0.7700],
           [0.7700, 1.0000]],

          [[0.0000, 0.0000],
           [0.0000, 1.0000]]],


         [[[0.0000, 0.0000],
           [0.0000, 0.0000]],

          [[0.0000, 0.0000],
           [0.0000, 1.0000]]]]])",0.99,0.8,0.25,1000,1.0,pSAGD,cib_optimization/optimize_cib.py,wCIB+penalty,fsimoes,45345caa3f2538233a03cbc3e5b71daf91a5b4d3,"gamma=0.2--bxi=0.3,by=0.1,bs=0.8",LOCAL,CIB
43cd58d3bed24860a7271bab123b3169,805718296294777617,FINISHED,mlflow-artifacts:/805718296294777617/43cd58d3bed24860a7271bab123b3169/artifacts,2025-02-04 14:41:16.210000+00:00,2025-02-04 14:41:49.514000+00:00,1.058274269104004,1.932708978652954,1.1307395696640015,1.0,-0.0,1.7416316270828247,2.9428043365478516,1.4288055896759033,3.0748635225821648,1.8510055541992188,0.6126033663749695,0.6126033663749695,2.114661693572998,0.9681575298309326,0.05539900064468384,0.0,1.0522217750549316,0.2,0.1,0.3,10.0,1e-05,10.0,"tensor([[[[[1., 1.],
           [1., 1.]],

          [[0., 0.],
           [0., 0.]]],


         [[[0., 0.],
           [0., 0.]],

          [[0., 0.],
           [0., 0.]]]],



        [[[[0., 0.],
           [0., 0.]],

          [[1., 1.],
           [1., 1.]]],


         [[[1., 1.],
           [1., 1.]],

          [[0., 0.],
           [0., 0.]]]],



        [[[[0., 0.],
           [0., 0.]],

          [[0., 0.],
           [0., 0.]]],


         [[[0., 0.],
           [0., 0.]],

          [[1., 1.],
           [0., 0.]]]],



        [[[[0., 0.],
           [0., 0.]],

          [[0., 0.],
           [0., 0.]]],


         [[[0., 0.],
           [0., 0.]],

          [[0., 0.],
           [1., 1.]]]]])","tensor([[[[[0.0000, 0.5100],
           [0.5100, 0.0000]],

          [[0.3100, 0.5000],
           [0.3100, 0.0000]]],


         [[[0.3100, 0.3100],
           [0.3100, 0.0000]],

          [[0.3700, 0.3600],
           [0.3400, 0.3300]]]],



        [[[[0.0000, 0.0000],
           [0.0000, 0.0000]],

          [[0.2200, 0.5000],
           [0.2300, 0.0000]]],


         [[[0.2200, 0.2300],
           [0.2300, 0.0000]],

          [[0.1600, 0.1700],
           [0.1800, 0.2100]]]],



        [[[[0.5000, 0.2500],
           [0.2500, 0.5000]],

          [[0.2400, 0.0000],
           [0.2300, 0.0000]]],


         [[[0.2400, 0.2300],
           [0.2300, 1.0000]],

          [[0.2300, 0.2300],
           [0.2400, 0.2300]]]],



        [[[[0.5000, 0.2500],
           [0.2500, 0.5000]],

          [[0.2400, 0.0000],
           [0.2300, 1.0000]]],


         [[[0.2400, 0.2300],
           [0.2300, 0.0000]],

          [[0.2300, 0.2300],
           [0.2400, 0.2300]]]]])",0.99,0.8,0.25,1000,1.0,pSAGD,cib_optimization/optimize_cib.py,wCIB+penalty,fsimoes,45345caa3f2538233a03cbc3e5b71daf91a5b4d3,"gamma=0.2--bxi=0.3,by=0.1,bs=0.8",LOCAL,CIB
2ac8bcec53ce4faeb81d4368959118e1,805718296294777617,FINISHED,mlflow-artifacts:/805718296294777617/2ac8bcec53ce4faeb81d4368959118e1/artifacts,2025-02-04 14:40:35.313000+00:00,2025-02-04 14:41:13.455000+00:00,1.058274269104004,1.932708978652954,1.2235685586929321,0.0,-0.0,1.8317586183547974,2.8885536193847656,1.4288055896759033,3.0797520929804643,1.956515908241272,0.6411344408988953,0.6411344408988953,2.2065916061401367,0.9681575298309326,0.009280085563659668,0.0,1.0522217750549316,0.2,0.1,0.3,10.0,1e-05,10.0,"tensor([[[[[1., 1.],
           [1., 1.]],

          [[0., 0.],
           [0., 0.]]],


         [[[0., 0.],
           [0., 0.]],

          [[0., 0.],
           [0., 0.]]]],



        [[[[0., 0.],
           [0., 0.]],

          [[1., 1.],
           [1., 1.]]],


         [[[1., 1.],
           [1., 1.]],

          [[0., 0.],
           [0., 0.]]]],



        [[[[0., 0.],
           [0., 0.]],

          [[0., 0.],
           [0., 0.]]],


         [[[0., 0.],
           [0., 0.]],

          [[1., 1.],
           [0., 0.]]]],



        [[[[0., 0.],
           [0., 0.]],

          [[0., 0.],
           [0., 0.]]],


         [[[0., 0.],
           [0., 0.]],

          [[0., 0.],
           [1., 1.]]]]])","tensor([[[[[0.4900, 0.4400],
           [0.0000, 0.4800]],

          [[0.2200, 0.2200],
           [0.2200, 0.0000]]],


         [[[0.2200, 0.2200],
           [0.0000, 0.3000]],

          [[0.2600, 0.2500],
           [0.2600, 0.6600]]]],



        [[[[0.0000, 0.5600],
           [0.0000, 0.0000]],

          [[0.3000, 0.3000],
           [0.3000, 1.0000]]],


         [[[0.3000, 0.3000],
           [0.4900, 0.3900]],

          [[0.3200, 0.3200],
           [0.3000, 0.0000]]]],



        [[[[0.0000, 0.0000],
           [0.5600, 0.0000]],

          [[0.2600, 0.2600],
           [0.2600, 0.0000]]],


         [[[0.2600, 0.2600],
           [0.5100, 0.0000]],

          [[0.2000, 0.2100],
           [0.2200, 0.1700]]]],



        [[[[0.5100, 0.0000],
           [0.4400, 0.5200]],

          [[0.2200, 0.2200],
           [0.2200, 0.0000]]],


         [[[0.2200, 0.2200],
           [0.0000, 0.3100]],

          [[0.2300, 0.2300],
           [0.2200, 0.1700]]]]], grad_fn=<RoundBackward1>)",0.99,0.8,0.25,1000,1.0,pSAGD,cib_optimization/optimize_cib.py,wCIB+penalty,fsimoes,45345caa3f2538233a03cbc3e5b71daf91a5b4d3,"gamma=0.2--bxi=0.3,by=0.1,bs=0.8",LOCAL,CIB
a896f51677724c32a996456988b7db1f,805718296294777617,FINISHED,mlflow-artifacts:/805718296294777617/a896f51677724c32a996456988b7db1f/artifacts,2025-02-04 14:40:02.942000+00:00,2025-02-04 14:40:32.559000+00:00,1.058274269104004,1.932708978652954,1.3356729745864868,1.0,-0.0,1.8875473737716675,2.457801580429077,1.4288055896759033,3.382638897538687,1.9726918935775757,0.5721250176429749,0.5721250176429749,2.245258331298828,0.9681575298309326,-0.018165230751037598,0.0,1.0522217750549316,0.2,0.1,0.3,10.0,1e-05,10.0,"tensor([[[[[1., 1.],
           [1., 1.]],

          [[0., 0.],
           [0., 0.]]],


         [[[0., 0.],
           [0., 0.]],

          [[0., 0.],
           [0., 0.]]]],



        [[[[0., 0.],
           [0., 0.]],

          [[1., 1.],
           [1., 1.]]],


         [[[1., 1.],
           [1., 1.]],

          [[0., 0.],
           [0., 0.]]]],



        [[[[0., 0.],
           [0., 0.]],

          [[0., 0.],
           [0., 0.]]],


         [[[0., 0.],
           [0., 0.]],

          [[1., 1.],
           [0., 0.]]]],



        [[[[0., 0.],
           [0., 0.]],

          [[0., 0.],
           [0., 0.]]],


         [[[0., 0.],
           [0., 0.]],

          [[0., 0.],
           [1., 1.]]]]])","tensor([[[[[0.0000, 0.5100],
           [0.0000, 0.4600]],

          [[0.2500, 0.2500],
           [0.2500, 0.5100]]],


         [[[0.2500, 0.2500],
           [0.2500, 0.0000]],

          [[0.2400, 0.2400],
           [0.2500, 0.2500]]]],



        [[[[0.4800, 0.4900],
           [0.4700, 0.0000]],

          [[0.2500, 0.2500],
           [0.2500, 0.4900]]],


         [[[0.2500, 0.2500],
           [0.2500, 0.4800]],

          [[0.2800, 0.2700],
           [0.2700, 0.2600]]]],



        [[[[0.0000, 0.0000],
           [0.0000, 0.5400]],

          [[0.2600, 0.2700],
           [0.2700, 0.0000]]],


         [[[0.2600, 0.2700],
           [0.2700, 0.5200]],

          [[0.2700, 0.2700],
           [0.2700, 0.2600]]]],



        [[[[0.5200, 0.0000],
           [0.5300, 0.0000]],

          [[0.2400, 0.2400],
           [0.2400, 0.0000]]],


         [[[0.2400, 0.2400],
           [0.2400, 0.0000]],

          [[0.2100, 0.2200],
           [0.2200, 0.2300]]]]])",0.99,0.8,0.25,1000,1.0,pSAGD,cib_optimization/optimize_cib.py,wCIB+penalty,fsimoes,45345caa3f2538233a03cbc3e5b71daf91a5b4d3,"gamma=0.2--bxi=0.3,by=0.1,bs=0.8",LOCAL,CIB
4dec4f68fbb34d82af1043f65bba5a8d,805718296294777617,FINISHED,mlflow-artifacts:/805718296294777617/4dec4f68fbb34d82af1043f65bba5a8d/artifacts,2025-02-04 14:39:28.711000+00:00,2025-02-04 14:40:00.220000+00:00,1.058274269104004,1.932708978652954,1.9954031705856323,1.0,-0.0,1.9327069520950317,9.8583877843339e-06,1.4288055896759033,3.424229724304866,1.9954030513763428,0.06454386562108994,0.06454386562108994,2.2554287910461426,0.9681575298309326,-9.685754776000977e-08,0.0,1.0522217750549316,0.2,0.1,0.3,1.0,1e-05,10.0,"tensor([[[[[1., 1.],
           [1., 1.]],

          [[0., 0.],
           [0., 0.]]],


         [[[0., 0.],
           [0., 0.]],

          [[0., 0.],
           [0., 0.]]]],



        [[[[0., 0.],
           [0., 0.]],

          [[1., 1.],
           [1., 1.]]],


         [[[1., 1.],
           [1., 1.]],

          [[0., 0.],
           [0., 0.]]]],



        [[[[0., 0.],
           [0., 0.]],

          [[0., 0.],
           [0., 0.]]],


         [[[0., 0.],
           [0., 0.]],

          [[1., 1.],
           [0., 0.]]]],



        [[[[0., 0.],
           [0., 0.]],

          [[0., 0.],
           [0., 0.]]],


         [[[0., 0.],
           [0., 0.]],

          [[0., 0.],
           [1., 1.]]]]])","tensor([[[[[0.2400, 0.2400],
           [0.2400, 0.2400]],

          [[0.2400, 0.2400],
           [0.2400, 0.2400]]],


         [[[0.2400, 0.2400],
           [0.2400, 0.2400]],

          [[0.2400, 0.2400],
           [0.2400, 0.2400]]]],



        [[[[0.2700, 0.2700],
           [0.2700, 0.2700]],

          [[0.2700, 0.2700],
           [0.2700, 0.2700]]],


         [[[0.2700, 0.2700],
           [0.2700, 0.2700]],

          [[0.2700, 0.2700],
           [0.2700, 0.2700]]]],



        [[[[0.2700, 0.2700],
           [0.2700, 0.2700]],

          [[0.2700, 0.2700],
           [0.2700, 0.2700]]],


         [[[0.2700, 0.2700],
           [0.2700, 0.2700]],

          [[0.2700, 0.2700],
           [0.2700, 0.2700]]]],



        [[[[0.2200, 0.2200],
           [0.2200, 0.2200]],

          [[0.2200, 0.2200],
           [0.2200, 0.2200]]],


         [[[0.2200, 0.2200],
           [0.2200, 0.2200]],

          [[0.2200, 0.2200],
           [0.2200, 0.2200]]]]], grad_fn=<RoundBackward1>)",0.99,0.8,0.25,1000,1.0,pSAGD,cib_optimization/optimize_cib.py,wCIB+penalty,fsimoes,45345caa3f2538233a03cbc3e5b71daf91a5b4d3,"gamma=0.2--bxi=0.3,by=0.1,bs=0.8",LOCAL,CIB
e74dfdb9aaf14b7d8a6d2598304d4a28,805718296294777617,FINISHED,mlflow-artifacts:/805718296294777617/e74dfdb9aaf14b7d8a6d2598304d4a28/artifacts,2025-02-04 14:38:51.942000+00:00,2025-02-04 14:39:25.915000+00:00,1.058274269104004,1.932708978652954,1.9957689046859741,1.0,-0.0,1.9327069520950317,9.857329132501036e-06,1.4288055896759033,3.424604484804939,1.9957687854766846,0.06454386562108994,0.06454386562108994,2.2554287910461426,0.9681575298309326,0.0,0.0,1.0522217750549316,0.2,0.1,0.3,1.0,1e-05,10.0,"tensor([[[[[1., 1.],
           [1., 1.]],

          [[0., 0.],
           [0., 0.]]],


         [[[0., 0.],
           [0., 0.]],

          [[0., 0.],
           [0., 0.]]]],



        [[[[0., 0.],
           [0., 0.]],

          [[1., 1.],
           [1., 1.]]],


         [[[1., 1.],
           [1., 1.]],

          [[0., 0.],
           [0., 0.]]]],



        [[[[0., 0.],
           [0., 0.]],

          [[0., 0.],
           [0., 0.]]],


         [[[0., 0.],
           [0., 0.]],

          [[1., 1.],
           [0., 0.]]]],



        [[[[0., 0.],
           [0., 0.]],

          [[0., 0.],
           [0., 0.]]],


         [[[0., 0.],
           [0., 0.]],

          [[0., 0.],
           [1., 1.]]]]])","tensor([[[[[0.2700, 0.2700],
           [0.2700, 0.2700]],

          [[0.2700, 0.2700],
           [0.2700, 0.2700]]],


         [[[0.2700, 0.2700],
           [0.2700, 0.2700]],

          [[0.2700, 0.2700],
           [0.2700, 0.2700]]]],



        [[[[0.2300, 0.2300],
           [0.2300, 0.2300]],

          [[0.2300, 0.2300],
           [0.2300, 0.2300]]],


         [[[0.2300, 0.2300],
           [0.2300, 0.2300]],

          [[0.2300, 0.2300],
           [0.2300, 0.2300]]]],



        [[[[0.2300, 0.2300],
           [0.2300, 0.2300]],

          [[0.2300, 0.2300],
           [0.2300, 0.2300]]],


         [[[0.2300, 0.2300],
           [0.2300, 0.2300]],

          [[0.2300, 0.2300],
           [0.2300, 0.2300]]]],



        [[[[0.2700, 0.2700],
           [0.2700, 0.2700]],

          [[0.2700, 0.2700],
           [0.2700, 0.2700]]],


         [[[0.2700, 0.2700],
           [0.2700, 0.2700]],

          [[0.2700, 0.2700],
           [0.2700, 0.2700]]]]], grad_fn=<RoundBackward1>)",0.99,0.8,0.25,1000,1.0,pSAGD,cib_optimization/optimize_cib.py,wCIB+penalty,fsimoes,45345caa3f2538233a03cbc3e5b71daf91a5b4d3,"gamma=0.2--bxi=0.3,by=0.1,bs=0.8",LOCAL,CIB
1b469050cc4d4a428899c4c955b248cf,805718296294777617,FINISHED,mlflow-artifacts:/805718296294777617/1b469050cc4d4a428899c4c955b248cf/artifacts,2025-02-04 14:38:18.196000+00:00,2025-02-04 14:38:49.203000+00:00,1.058274269104004,1.932708978652954,1.9702848196029663,1.0,-0.0,1.9327070713043213,9.770469659997616e-06,1.4288055896759033,3.398803250919249,1.970285177230835,0.06454424560070038,0.06454424560070038,2.2554287910461426,0.9681575298309326,1.341104507446289e-07,0.0,1.0522217750549316,0.2,0.1,0.3,1.0,1e-05,10.0,"tensor([[[[[1., 1.],
           [1., 1.]],

          [[0., 0.],
           [0., 0.]]],


         [[[0., 0.],
           [0., 0.]],

          [[0., 0.],
           [0., 0.]]]],



        [[[[0., 0.],
           [0., 0.]],

          [[1., 1.],
           [1., 1.]]],


         [[[1., 1.],
           [1., 1.]],

          [[0., 0.],
           [0., 0.]]]],



        [[[[0., 0.],
           [0., 0.]],

          [[0., 0.],
           [0., 0.]]],


         [[[0., 0.],
           [0., 0.]],

          [[1., 1.],
           [0., 0.]]]],



        [[[[0., 0.],
           [0., 0.]],

          [[0., 0.],
           [0., 0.]]],


         [[[0., 0.],
           [0., 0.]],

          [[0., 0.],
           [1., 1.]]]]])","tensor([[[[[0.2000, 0.2000],
           [0.2000, 0.2000]],

          [[0.2000, 0.2000],
           [0.2000, 0.2000]]],


         [[[0.2000, 0.2000],
           [0.2000, 0.2000]],

          [[0.2000, 0.2000],
           [0.2000, 0.2000]]]],



        [[[[0.3400, 0.3400],
           [0.3400, 0.3400]],

          [[0.3400, 0.3400],
           [0.3400, 0.3400]]],


         [[[0.3400, 0.3400],
           [0.3400, 0.3400]],

          [[0.3400, 0.3400],
           [0.3400, 0.3400]]]],



        [[[[0.2300, 0.2300],
           [0.2300, 0.2300]],

          [[0.2300, 0.2300],
           [0.2300, 0.2300]]],


         [[[0.2300, 0.2300],
           [0.2300, 0.2300]],

          [[0.2300, 0.2300],
           [0.2300, 0.2300]]]],



        [[[[0.2300, 0.2300],
           [0.2300, 0.2300]],

          [[0.2300, 0.2300],
           [0.2300, 0.2300]]],


         [[[0.2300, 0.2300],
           [0.2300, 0.2300]],

          [[0.2300, 0.2300],
           [0.2300, 0.2300]]]]], grad_fn=<RoundBackward1>)",0.99,0.8,0.25,1000,1.0,pSAGD,cib_optimization/optimize_cib.py,wCIB+penalty,fsimoes,45345caa3f2538233a03cbc3e5b71daf91a5b4d3,"gamma=0.2--bxi=0.3,by=0.1,bs=0.8",LOCAL,CIB
45b6f2f325de40cd8d0e4c57758bae27,805718296294777617,FINISHED,mlflow-artifacts:/805718296294777617/45b6f2f325de40cd8d0e4c57758bae27/artifacts,2025-02-04 14:37:36.647000+00:00,2025-02-04 14:38:15.434000+00:00,1.058274269104004,1.932708978652954,-0.0,0.0,-0.0,1.7119160890579224,5.291502475738525,1.4288055896759033,2.4074974703957084,1.6519534587860107,1.6519534587860107,1.6519534587860107,2.045027732849121,1.4288055896759033,-8.506412744522095,0.0,1.0522217750549316,0.0,0.1,0.3,10000.0,1e-05,10.0,"tensor([[[[[1., 1.],
           [1., 1.]],

          [[0., 0.],
           [0., 0.]]],


         [[[0., 0.],
           [0., 0.]],

          [[0., 0.],
           [0., 0.]]]],



        [[[[0., 0.],
           [0., 0.]],

          [[1., 1.],
           [1., 1.]]],


         [[[1., 1.],
           [1., 1.]],

          [[0., 0.],
           [0., 0.]]]],



        [[[[0., 0.],
           [0., 0.]],

          [[0., 0.],
           [0., 0.]]],


         [[[0., 0.],
           [0., 0.]],

          [[1., 1.],
           [0., 0.]]]],



        [[[[0., 0.],
           [0., 0.]],

          [[0., 0.],
           [0., 0.]]],


         [[[0., 0.],
           [0., 0.]],

          [[0., 0.],
           [1., 1.]]]]])","tensor([[[[[0., 0.],
           [1., 0.]],

          [[0., 0.],
           [0., 0.]]],


         [[[0., 1.],
           [0., 0.]],

          [[0., 0.],
           [0., 0.]]]],



        [[[[0., 0.],
           [0., 0.]],

          [[1., 0.],
           [0., 0.]]],


         [[[0., 0.],
           [1., 1.]],

          [[1., 0.],
           [0., 0.]]]],



        [[[[0., 1.],
           [0., 1.]],

          [[0., 1.],
           [1., 1.]]],


         [[[1., 0.],
           [0., 0.]],

          [[0., 1.],
           [0., 1.]]]],



        [[[[1., 0.],
           [0., 0.]],

          [[0., 0.],
           [0., 0.]]],


         [[[0., 0.],
           [0., 0.]],

          [[0., 0.],
           [1., 0.]]]]], grad_fn=<RoundBackward1>)",0.99,0.8,0.0,1000,1.0,pSAGD,cib_optimization/optimize_cib.py,wCIB+penalty,fsimoes,45345caa3f2538233a03cbc3e5b71daf91a5b4d3,"gamma=0.0--bxi=0.3,by=0.1,bs=0.8",LOCAL,CIB
4894028d34634917aa06807d716a533b,805718296294777617,FINISHED,mlflow-artifacts:/805718296294777617/4894028d34634917aa06807d716a533b/artifacts,2025-02-04 14:36:56.550000+00:00,2025-02-04 14:37:33.939000+00:00,1.058274269104004,1.932708978652954,-0.0,0.0,-0.0,1.9132981300354004,5.656854152679443,1.4288055896759033,2.3750549365130103,0.999577522277832,10.209918022155762,10.209918022155762,2.248263359069824,1.4288055896759033,8.439718246459961,9.21034049987793,1.0522217750549316,0.0,0.1,0.3,10000.0,1e-05,10.0,"tensor([[[[[1., 1.],
           [1., 1.]],

          [[0., 0.],
           [0., 0.]]],


         [[[0., 0.],
           [0., 0.]],

          [[0., 0.],
           [0., 0.]]]],



        [[[[0., 0.],
           [0., 0.]],

          [[1., 1.],
           [1., 1.]]],


         [[[1., 1.],
           [1., 1.]],

          [[0., 0.],
           [0., 0.]]]],



        [[[[0., 0.],
           [0., 0.]],

          [[0., 0.],
           [0., 0.]]],


         [[[0., 0.],
           [0., 0.]],

          [[1., 1.],
           [0., 0.]]]],



        [[[[0., 0.],
           [0., 0.]],

          [[0., 0.],
           [0., 0.]]],


         [[[0., 0.],
           [0., 0.]],

          [[0., 0.],
           [1., 1.]]]]])","tensor([[[[[0., 1.],
           [1., 0.]],

          [[0., 1.],
           [1., 1.]]],


         [[[1., 0.],
           [1., 0.]],

          [[1., 0.],
           [0., 1.]]]],



        [[[[0., 0.],
           [0., 0.]],

          [[0., 0.],
           [0., 0.]]],


         [[[0., 0.],
           [0., 0.]],

          [[0., 0.],
           [0., 0.]]]],



        [[[[0., 0.],
           [0., 0.]],

          [[0., 0.],
           [0., 0.]]],


         [[[0., 0.],
           [0., 0.]],

          [[0., 0.],
           [0., 0.]]]],



        [[[[1., 0.],
           [0., 1.]],

          [[1., 0.],
           [0., 0.]]],


         [[[0., 1.],
           [0., 1.]],

          [[0., 1.],
           [1., 0.]]]]], grad_fn=<RoundBackward1>)",0.99,0.8,0.0,1000,1.0,pSAGD,cib_optimization/optimize_cib.py,wCIB+penalty,fsimoes,45345caa3f2538233a03cbc3e5b71daf91a5b4d3,"gamma=0.0--bxi=0.3,by=0.1,bs=0.8",LOCAL,CIB
5bb23f56d2544f55ae635f8f8ca7a62d,805718296294777617,FINISHED,mlflow-artifacts:/805718296294777617/5bb23f56d2544f55ae635f8f8ca7a62d/artifacts,2025-02-04 14:36:16.395000+00:00,2025-02-04 14:36:53.827000+00:00,1.058274269104004,1.932708978652954,-0.0,0.0,-0.0,1.6744558811187744,4.690415859222412,1.4288055896759033,2.2720662211107685,1.836012363433838,1.836012363433838,1.836012363433838,2.018177032470703,1.4288055896759033,-0.07789039611816406,0.0,1.0522217750549316,0.0,0.1,0.3,10000.0,1e-05,10.0,"tensor([[[[[1., 1.],
           [1., 1.]],

          [[0., 0.],
           [0., 0.]]],


         [[[0., 0.],
           [0., 0.]],

          [[0., 0.],
           [0., 0.]]]],



        [[[[0., 0.],
           [0., 0.]],

          [[1., 1.],
           [1., 1.]]],


         [[[1., 1.],
           [1., 1.]],

          [[0., 0.],
           [0., 0.]]]],



        [[[[0., 0.],
           [0., 0.]],

          [[0., 0.],
           [0., 0.]]],


         [[[0., 0.],
           [0., 0.]],

          [[1., 1.],
           [0., 0.]]]],



        [[[[0., 0.],
           [0., 0.]],

          [[0., 0.],
           [0., 0.]]],


         [[[0., 0.],
           [0., 0.]],

          [[0., 0.],
           [1., 1.]]]]])","tensor([[[[[0., 0.],
           [0., 0.]],

          [[1., 1.],
           [0., 0.]]],


         [[[0., 0.],
           [0., 0.]],

          [[0., 0.],
           [1., 0.]]]],



        [[[[0., 0.],
           [0., 0.]],

          [[0., 0.],
           [1., 1.]]],


         [[[0., 0.],
           [1., 0.]],

          [[0., 0.],
           [0., 1.]]]],



        [[[[0., 1.],
           [1., 0.]],

          [[0., 0.],
           [0., 0.]]],


         [[[0., 1.],
           [0., 0.]],

          [[1., 0.],
           [0., 0.]]]],



        [[[[1., 0.],
           [0., 1.]],

          [[0., 0.],
           [0., 0.]]],


         [[[1., 0.],
           [0., 1.]],

          [[0., 1.],
           [0., 0.]]]]], grad_fn=<RoundBackward1>)",0.99,0.8,0.0,1000,1.0,pSAGD,cib_optimization/optimize_cib.py,wCIB+penalty,fsimoes,45345caa3f2538233a03cbc3e5b71daf91a5b4d3,"gamma=0.0--bxi=0.3,by=0.1,bs=0.8",LOCAL,CIB
d72eca66f3bc4fc3995864768d412c90,805718296294777617,FINISHED,mlflow-artifacts:/805718296294777617/d72eca66f3bc4fc3995864768d412c90/artifacts,2025-02-04 14:35:35.861000+00:00,2025-02-04 14:36:13.619000+00:00,1.058274269104004,1.932708978652954,0.15043513476848602,0.0,-0.0,1.7953462600708008,5.009932994842529,1.4288055896759033,2.8272718981091467,1.655375599861145,1.5049405097961426,1.5049405097961426,2.0577850341796875,1.4288055896759033,0.43757784366607666,0.0,1.0522217750549316,0.0,0.1,0.3,100.0,1e-05,10.0,"tensor([[[[[1., 1.],
           [1., 1.]],

          [[0., 0.],
           [0., 0.]]],


         [[[0., 0.],
           [0., 0.]],

          [[0., 0.],
           [0., 0.]]]],



        [[[[0., 0.],
           [0., 0.]],

          [[1., 1.],
           [1., 1.]]],


         [[[1., 1.],
           [1., 1.]],

          [[0., 0.],
           [0., 0.]]]],



        [[[[0., 0.],
           [0., 0.]],

          [[0., 0.],
           [0., 0.]]],


         [[[0., 0.],
           [0., 0.]],

          [[1., 1.],
           [0., 0.]]]],



        [[[[0., 0.],
           [0., 0.]],

          [[0., 0.],
           [0., 0.]]],


         [[[0., 0.],
           [0., 0.]],

          [[0., 0.],
           [1., 1.]]]]])","tensor([[[[[0.0300, 0.0000],
           [0.0000, 0.0000]],

          [[0.0000, 0.0000],
           [0.2500, 0.0000]]],


         [[[0.0000, 0.0000],
           [0.2500, 0.0000]],

          [[0.0000, 1.0000],
           [0.0000, 0.0000]]]],



        [[[[0.9700, 0.0000],
           [0.0000, 0.0000]],

          [[0.0000, 0.0000],
           [0.7500, 0.0000]]],


         [[[0.0000, 0.0000],
           [0.7500, 0.0000]],

          [[0.0000, 0.0000],
           [0.0000, 0.0000]]]],



        [[[[0.0000, 1.0000],
           [1.0000, 0.0000]],

          [[0.0000, 1.0000],
           [0.0000, 0.0000]]],


         [[[1.0000, 0.4700],
           [0.0000, 1.0000]],

          [[0.0000, 0.0000],
           [0.4900, 1.0000]]]],



        [[[[0.0000, 0.0000],
           [0.0000, 1.0000]],

          [[1.0000, 0.0000],
           [0.0000, 1.0000]]],


         [[[0.0000, 0.5300],
           [0.0000, 0.0000]],

          [[1.0000, 0.0000],
           [0.5100, 0.0000]]]]], grad_fn=<RoundBackward1>)",0.99,0.8,0.0,1000,1.0,pSAGD,cib_optimization/optimize_cib.py,wCIB+penalty,fsimoes,45345caa3f2538233a03cbc3e5b71daf91a5b4d3,"gamma=0.0--bxi=0.3,by=0.1,bs=0.8",LOCAL,CIB
387016cd9b8e4da9bdb6786737ea1fbb,805718296294777617,FINISHED,mlflow-artifacts:/805718296294777617/387016cd9b8e4da9bdb6786737ea1fbb/artifacts,2025-02-04 14:35:12.423000+00:00,2025-02-04 14:35:33.157000+00:00,1.058274269104004,1.932708978652954,-0.0,1.0,-0.0,1.5887001752853394,4.894168853759766,1.4288055896759033,2.8615579511472076,1.9409277439117432,1.9409277439117432,1.9409277439117432,1.9270389080047607,1.4288055896759033,1.25345778465271,0.0,1.0522217750549316,0.0,0.1,0.3,100.0,1e-05,10.0,"tensor([[[[[1., 1.],
           [1., 1.]],

          [[0., 0.],
           [0., 0.]]],


         [[[0., 0.],
           [0., 0.]],

          [[0., 0.],
           [0., 0.]]]],



        [[[[0., 0.],
           [0., 0.]],

          [[1., 1.],
           [1., 1.]]],


         [[[1., 1.],
           [1., 1.]],

          [[0., 0.],
           [0., 0.]]]],



        [[[[0., 0.],
           [0., 0.]],

          [[0., 0.],
           [0., 0.]]],


         [[[0., 0.],
           [0., 0.]],

          [[1., 1.],
           [0., 0.]]]],



        [[[[0., 0.],
           [0., 0.]],

          [[0., 0.],
           [0., 0.]]],


         [[[0., 0.],
           [0., 0.]],

          [[0., 0.],
           [1., 1.]]]]])","tensor([[[[[0.3200, 0.1500],
           [0.1500, 0.0600]],

          [[0.0000, 0.0000],
           [0.2900, 0.0000]]],


         [[[0.2000, 0.0000],
           [0.3300, 0.0100]],

          [[0.3300, 0.3200],
           [0.3200, 0.2000]]]],



        [[[[0.0000, 0.0000],
           [0.0000, 0.0000]],

          [[0.1100, 0.0500],
           [0.1200, 0.0000]]],


         [[[0.0000, 0.0500],
           [0.1500, 0.0000]],

          [[0.2700, 0.2400],
           [0.2400, 0.0000]]]],



        [[[[0.6800, 0.0000],
           [0.0000, 0.9400]],

          [[0.4000, 0.4200],
           [0.0000, 0.3900]]],


         [[[0.3600, 0.4200],
           [0.5200, 0.3900]],

          [[0.4000, 0.0000],
           [0.0000, 0.3600]]]],



        [[[[0.0000, 0.8500],
           [0.8500, 0.0000]],

          [[0.4900, 0.5300],
           [0.5900, 0.6100]]],


         [[[0.4400, 0.5300],
           [0.0000, 0.6000]],

          [[0.0000, 0.4400],
           [0.4400, 0.4500]]]]])",0.99,0.8,0.0,1000,1.0,pSAGD,cib_optimization/optimize_cib.py,wCIB+penalty,fsimoes,45345caa3f2538233a03cbc3e5b71daf91a5b4d3,"gamma=0.0--bxi=0.3,by=0.1,bs=0.8",LOCAL,CIB
3fa06ae87a5c42f9a1dc752882fc1200,805718296294777617,FINISHED,mlflow-artifacts:/805718296294777617/3fa06ae87a5c42f9a1dc752882fc1200/artifacts,2025-02-04 14:34:32.179000+00:00,2025-02-04 14:35:09.721000+00:00,1.058274269104004,1.932708978652954,0.00913601741194725,0.0,-0.0,1.693830132484436,4.858204364776611,1.4288055896759033,2.6656783274260305,1.8763055801391602,1.8671696186065674,1.8671696186065674,1.9775362014770508,1.4288055896759033,1.1940131187438965,0.0,1.0522217750549316,0.0,0.1,0.3,100.0,1e-05,10.0,"tensor([[[[[1., 1.],
           [1., 1.]],

          [[0., 0.],
           [0., 0.]]],


         [[[0., 0.],
           [0., 0.]],

          [[0., 0.],
           [0., 0.]]]],



        [[[[0., 0.],
           [0., 0.]],

          [[1., 1.],
           [1., 1.]]],


         [[[1., 1.],
           [1., 1.]],

          [[0., 0.],
           [0., 0.]]]],



        [[[[0., 0.],
           [0., 0.]],

          [[0., 0.],
           [0., 0.]]],


         [[[0., 0.],
           [0., 0.]],

          [[1., 1.],
           [0., 0.]]]],



        [[[[0., 0.],
           [0., 0.]],

          [[0., 0.],
           [0., 0.]]],


         [[[0., 0.],
           [0., 0.]],

          [[0., 0.],
           [1., 1.]]]]])","tensor([[[[[0.0000, 1.0000],
           [0.0000, 0.0000]],

          [[0.0000, 0.0000],
           [0.0000, 0.0000]]],


         [[[0.0000, 0.0000],
           [0.0000, 0.0000]],

          [[0.0000, 0.0000],
           [0.0000, 0.0000]]]],



        [[[[0.0000, 0.0000],
           [1.0000, 0.0000]],

          [[0.0000, 0.0000],
           [0.0000, 1.0000]]],


         [[[0.0000, 1.0000],
           [0.0000, 0.9900]],

          [[0.0000, 0.0000],
           [1.0000, 1.0000]]]],



        [[[[1.0000, 0.0000],
           [0.0000, 0.0000]],

          [[1.0000, 1.0000],
           [0.0000, 0.0000]]],


         [[[1.0000, 0.0000],
           [0.0000, 0.0100]],

          [[1.0000, 1.0000],
           [0.0000, 0.0000]]]],



        [[[[0.0000, 0.0000],
           [0.0000, 1.0000]],

          [[0.0000, 0.0000],
           [1.0000, 0.0000]]],


         [[[0.0000, 0.0000],
           [1.0000, 0.0000]],

          [[0.0000, 0.0000],
           [0.0000, 0.0000]]]]], grad_fn=<RoundBackward1>)",0.99,0.8,0.0,1000,1.0,pSAGD,cib_optimization/optimize_cib.py,wCIB+penalty,fsimoes,45345caa3f2538233a03cbc3e5b71daf91a5b4d3,"gamma=0.0--bxi=0.3,by=0.1,bs=0.8",LOCAL,CIB
bd8aa14b8bde49f988c692e9e5a6aec2,805718296294777617,FINISHED,mlflow-artifacts:/805718296294777617/bd8aa14b8bde49f988c692e9e5a6aec2/artifacts,2025-02-04 14:34:11.212000+00:00,2025-02-04 14:34:29.498000+00:00,1.058274269104004,1.932708978652954,1.2171635627746582,1.0,-0.0,1.750022053718567,2.966636896133423,1.4288055896759033,2.708752511434737,1.8891199827194214,0.6719564199447632,0.6719564199447632,2.16401743888855,1.4288055896759033,-0.06116366386413574,0.0,1.0522217750549316,0.0,0.1,0.3,10.0,1e-05,10.0,"tensor([[[[[1., 1.],
           [1., 1.]],

          [[0., 0.],
           [0., 0.]]],


         [[[0., 0.],
           [0., 0.]],

          [[0., 0.],
           [0., 0.]]]],



        [[[[0., 0.],
           [0., 0.]],

          [[1., 1.],
           [1., 1.]]],


         [[[1., 1.],
           [1., 1.]],

          [[0., 0.],
           [0., 0.]]]],



        [[[[0., 0.],
           [0., 0.]],

          [[0., 0.],
           [0., 0.]]],


         [[[0., 0.],
           [0., 0.]],

          [[1., 1.],
           [0., 0.]]]],



        [[[[0., 0.],
           [0., 0.]],

          [[0., 0.],
           [0., 0.]]],


         [[[0., 0.],
           [0., 0.]],

          [[0., 0.],
           [1., 1.]]]]])","tensor([[[[[1.0000, 0.3000],
           [0.5000, 0.5000]],

          [[0.2500, 0.2400],
           [0.0000, 0.0000]]],


         [[[0.2500, 0.0000],
           [0.2400, 0.4300]],

          [[0.2600, 0.2600],
           [0.2600, 0.2500]]]],



        [[[[0.0000, 0.0000],
           [0.0000, 0.0000]],

          [[0.3200, 0.3200],
           [0.5300, 0.5700]]],


         [[[0.3200, 0.5100],
           [0.3200, 0.5700]],

          [[0.3200, 0.3200],
           [0.3200, 0.3200]]]],



        [[[[0.0000, 0.3000],
           [0.5000, 0.5000]],

          [[0.2200, 0.2200],
           [0.4700, 0.4300]]],


         [[[0.2200, 0.0000],
           [0.2200, 0.0000]],

          [[0.2300, 0.2300],
           [0.2300, 0.2200]]]],



        [[[[0.0000, 0.3900],
           [0.0000, 0.0000]],

          [[0.2000, 0.2100],
           [0.0000, 0.0000]]],


         [[[0.2000, 0.4900],
           [0.2100, 0.0000]],

          [[0.1900, 0.1900],
           [0.1900, 0.2000]]]]])",0.99,0.8,0.0,1000,1.0,pSAGD,cib_optimization/optimize_cib.py,wCIB+penalty,fsimoes,45345caa3f2538233a03cbc3e5b71daf91a5b4d3,"gamma=0.0--bxi=0.3,by=0.1,bs=0.8",LOCAL,CIB
1b580ae129994e90923d5cb55afd1fa0,805718296294777617,FINISHED,mlflow-artifacts:/805718296294777617/1b580ae129994e90923d5cb55afd1fa0/artifacts,2025-02-04 14:33:46.232000+00:00,2025-02-04 14:34:08.485000+00:00,1.058274269104004,1.932708978652954,1.4083470106124878,1.0,-0.0,1.8545866012573242,2.7783279418945312,1.4288055896759033,3.2030228228068065,1.953495740890503,0.5451487302780151,0.5451487302780151,2.2259249687194824,1.4288055896759033,-0.334486722946167,0.0,1.0522217750549316,0.0,0.1,0.3,10.0,1e-05,10.0,"tensor([[[[[1., 1.],
           [1., 1.]],

          [[0., 0.],
           [0., 0.]]],


         [[[0., 0.],
           [0., 0.]],

          [[0., 0.],
           [0., 0.]]]],



        [[[[0., 0.],
           [0., 0.]],

          [[1., 1.],
           [1., 1.]]],


         [[[1., 1.],
           [1., 1.]],

          [[0., 0.],
           [0., 0.]]]],



        [[[[0., 0.],
           [0., 0.]],

          [[0., 0.],
           [0., 0.]]],


         [[[0., 0.],
           [0., 0.]],

          [[1., 1.],
           [0., 0.]]]],



        [[[[0., 0.],
           [0., 0.]],

          [[0., 0.],
           [0., 0.]]],


         [[[0., 0.],
           [0., 0.]],

          [[0., 0.],
           [1., 1.]]]]])","tensor([[[[[0.5200, 0.3300],
           [0.3500, 0.0000]],

          [[0.2500, 0.2500],
           [0.2500, 0.0000]]],


         [[[0.2500, 0.2500],
           [0.5000, 0.5000]],

          [[0.2500, 0.2500],
           [0.2500, 0.2500]]]],



        [[[[0.4800, 0.2800],
           [0.3000, 0.4500]],

          [[0.2200, 0.2100],
           [0.2100, 0.0000]]],


         [[[0.2200, 0.2100],
           [0.0000, 0.0000]],

          [[0.2200, 0.2200],
           [0.2200, 0.2200]]]],



        [[[[0.0000, 0.4000],
           [0.0000, 0.0000]],

          [[0.2500, 0.2500],
           [0.2500, 0.5300]]],


         [[[0.2500, 0.2500],
           [0.0000, 0.0000]],

          [[0.2400, 0.2400],
           [0.2400, 0.2500]]]],



        [[[[0.0000, 0.0000],
           [0.3500, 0.5500]],

          [[0.2900, 0.2900],
           [0.2900, 0.4700]]],


         [[[0.2900, 0.2900],
           [0.5000, 0.5000]],

          [[0.2900, 0.2900],
           [0.2900, 0.2900]]]]])",0.99,0.8,0.0,1000,1.0,pSAGD,cib_optimization/optimize_cib.py,wCIB+penalty,fsimoes,45345caa3f2538233a03cbc3e5b71daf91a5b4d3,"gamma=0.0--bxi=0.3,by=0.1,bs=0.8",LOCAL,CIB
caa352bd26604e6d8b989b31783dc6bb,805718296294777617,FINISHED,mlflow-artifacts:/805718296294777617/caa352bd26604e6d8b989b31783dc6bb/artifacts,2025-02-04 14:33:05.782000+00:00,2025-02-04 14:33:43.520000+00:00,1.058274269104004,1.932708978652954,1.054059386253357,0.0,-0.0,1.7886662483215332,3.065559148788452,1.4288055896759033,2.901307915573672,1.8949259519577026,0.8408665657043457,0.8408665657043457,2.199943780899048,1.4288055896759033,0.11355340480804443,0.0,1.0522217750549316,0.0,0.1,0.3,10.0,1e-05,10.0,"tensor([[[[[1., 1.],
           [1., 1.]],

          [[0., 0.],
           [0., 0.]]],


         [[[0., 0.],
           [0., 0.]],

          [[0., 0.],
           [0., 0.]]]],



        [[[[0., 0.],
           [0., 0.]],

          [[1., 1.],
           [1., 1.]]],


         [[[1., 1.],
           [1., 1.]],

          [[0., 0.],
           [0., 0.]]]],



        [[[[0., 0.],
           [0., 0.]],

          [[0., 0.],
           [0., 0.]]],


         [[[0., 0.],
           [0., 0.]],

          [[1., 1.],
           [0., 0.]]]],



        [[[[0., 0.],
           [0., 0.]],

          [[0., 0.],
           [0., 0.]]],


         [[[0., 0.],
           [0., 0.]],

          [[0., 0.],
           [1., 1.]]]]])","tensor([[[[[0.0000, 0.4300],
           [0.2600, 0.0000]],

          [[0.1800, 0.4700],
           [0.4900, 0.2800]]],


         [[[0.1800, 0.1800],
           [0.1800, 0.4800]],

          [[0.1800, 0.1800],
           [0.1800, 0.1800]]]],



        [[[[1.0000, 0.0000],
           [0.4200, 1.0000]],

          [[0.3700, 0.0000],
           [0.0000, 0.0000]]],


         [[[0.3700, 0.3700],
           [0.3700, 0.0000]],

          [[0.3800, 0.3800],
           [0.3800, 0.3700]]]],



        [[[[0.0000, 0.5700],
           [0.0000, 0.0000]],

          [[0.2600, 0.5300],
           [0.0000, 0.4000]]],


         [[[0.2600, 0.2600],
           [0.2600, 0.0000]],

          [[0.2500, 0.2500],
           [0.2500, 0.2600]]]],



        [[[[0.0000, 0.0000],
           [0.3200, 0.0000]],

          [[0.1900, 0.0000],
           [0.5100, 0.3200]]],


         [[[0.1900, 0.1900],
           [0.1900, 0.5200]],

          [[0.1900, 0.1900],
           [0.1900, 0.1900]]]]], grad_fn=<RoundBackward1>)",0.99,0.8,0.0,1000,1.0,pSAGD,cib_optimization/optimize_cib.py,wCIB+penalty,fsimoes,45345caa3f2538233a03cbc3e5b71daf91a5b4d3,"gamma=0.0--bxi=0.3,by=0.1,bs=0.8",LOCAL,CIB
78aec41bfb1645a89d67def8ad9ffac4,805718296294777617,FINISHED,mlflow-artifacts:/805718296294777617/78aec41bfb1645a89d67def8ad9ffac4/artifacts,2025-02-04 14:32:38.435000+00:00,2025-02-04 14:33:03.001000+00:00,1.058274269104004,1.932708978652954,1.9678194522857666,1.0,-0.0,1.9327069520950317,9.903959835355636e-06,1.4288055896759033,3.3968693085957993,1.9678192138671875,-2.384185791015625e-07,-2.384185791015625e-07,2.2554287910461426,1.4288055896759033,-1.1920928955078125e-07,0.0,1.0522217750549316,0.0,0.1,0.3,1.0,1e-05,10.0,"tensor([[[[[1., 1.],
           [1., 1.]],

          [[0., 0.],
           [0., 0.]]],


         [[[0., 0.],
           [0., 0.]],

          [[0., 0.],
           [0., 0.]]]],



        [[[[0., 0.],
           [0., 0.]],

          [[1., 1.],
           [1., 1.]]],


         [[[1., 1.],
           [1., 1.]],

          [[0., 0.],
           [0., 0.]]]],



        [[[[0., 0.],
           [0., 0.]],

          [[0., 0.],
           [0., 0.]]],


         [[[0., 0.],
           [0., 0.]],

          [[1., 1.],
           [0., 0.]]]],



        [[[[0., 0.],
           [0., 0.]],

          [[0., 0.],
           [0., 0.]]],


         [[[0., 0.],
           [0., 0.]],

          [[0., 0.],
           [1., 1.]]]]])","tensor([[[[[0.3300, 0.3300],
           [0.3300, 0.3300]],

          [[0.3300, 0.3300],
           [0.3300, 0.3300]]],


         [[[0.3300, 0.3300],
           [0.3300, 0.3300]],

          [[0.3300, 0.3300],
           [0.3300, 0.3300]]]],



        [[[[0.2200, 0.2200],
           [0.2200, 0.2200]],

          [[0.2200, 0.2200],
           [0.2200, 0.2200]]],


         [[[0.2200, 0.2200],
           [0.2200, 0.2200]],

          [[0.2200, 0.2200],
           [0.2200, 0.2200]]]],



        [[[[0.1900, 0.1900],
           [0.1900, 0.1900]],

          [[0.1900, 0.1900],
           [0.1900, 0.1900]]],


         [[[0.1900, 0.1900],
           [0.1900, 0.1900]],

          [[0.1900, 0.1900],
           [0.1900, 0.1900]]]],



        [[[[0.2600, 0.2600],
           [0.2600, 0.2600]],

          [[0.2600, 0.2600],
           [0.2600, 0.2600]]],


         [[[0.2600, 0.2600],
           [0.2600, 0.2600]],

          [[0.2600, 0.2600],
           [0.2600, 0.2600]]]]], grad_fn=<RoundBackward1>)",0.99,0.8,0.0,1000,1.0,pSAGD,cib_optimization/optimize_cib.py,wCIB+penalty,fsimoes,45345caa3f2538233a03cbc3e5b71daf91a5b4d3,"gamma=0.0--bxi=0.3,by=0.1,bs=0.8",LOCAL,CIB
4948b7b804234a2886b20ff0b5d26eda,805718296294777617,FINISHED,mlflow-artifacts:/805718296294777617/4948b7b804234a2886b20ff0b5d26eda/artifacts,2025-02-04 14:32:11.129000+00:00,2025-02-04 14:32:35.533000+00:00,1.058274269104004,1.932708978652954,1.9544264078140259,1.0,-0.0,1.9327069520950317,9.263381798518822e-06,1.4288055896759033,3.3834421837618045,1.9544262886047363,-1.1920928955078125e-07,-1.1920928955078125e-07,2.2554290294647217,1.4288055896759033,-1.1920928955078125e-07,0.0,1.0522217750549316,0.0,0.1,0.3,1.0,1e-05,10.0,"tensor([[[[[1., 1.],
           [1., 1.]],

          [[0., 0.],
           [0., 0.]]],


         [[[0., 0.],
           [0., 0.]],

          [[0., 0.],
           [0., 0.]]]],



        [[[[0., 0.],
           [0., 0.]],

          [[1., 1.],
           [1., 1.]]],


         [[[1., 1.],
           [1., 1.]],

          [[0., 0.],
           [0., 0.]]]],



        [[[[0., 0.],
           [0., 0.]],

          [[0., 0.],
           [0., 0.]]],


         [[[0., 0.],
           [0., 0.]],

          [[1., 1.],
           [0., 0.]]]],



        [[[[0., 0.],
           [0., 0.]],

          [[0., 0.],
           [0., 0.]]],


         [[[0., 0.],
           [0., 0.]],

          [[0., 0.],
           [1., 1.]]]]])","tensor([[[[[0.3500, 0.3500],
           [0.3500, 0.3500]],

          [[0.3500, 0.3500],
           [0.3500, 0.3500]]],


         [[[0.3500, 0.3500],
           [0.3500, 0.3500]],

          [[0.3500, 0.3500],
           [0.3500, 0.3500]]]],



        [[[[0.2300, 0.2300],
           [0.2300, 0.2300]],

          [[0.2300, 0.2300],
           [0.2300, 0.2300]]],


         [[[0.2300, 0.2300],
           [0.2300, 0.2300]],

          [[0.2300, 0.2300],
           [0.2300, 0.2300]]]],



        [[[[0.2400, 0.2400],
           [0.2400, 0.2400]],

          [[0.2400, 0.2400],
           [0.2400, 0.2400]]],


         [[[0.2400, 0.2400],
           [0.2400, 0.2400]],

          [[0.2400, 0.2400],
           [0.2400, 0.2400]]]],



        [[[[0.1700, 0.1700],
           [0.1700, 0.1700]],

          [[0.1700, 0.1700],
           [0.1700, 0.1700]]],


         [[[0.1700, 0.1700],
           [0.1700, 0.1700]],

          [[0.1700, 0.1700],
           [0.1700, 0.1700]]]]], grad_fn=<RoundBackward1>)",0.99,0.8,0.0,1000,1.0,pSAGD,cib_optimization/optimize_cib.py,wCIB+penalty,fsimoes,45345caa3f2538233a03cbc3e5b71daf91a5b4d3,"gamma=0.0--bxi=0.3,by=0.1,bs=0.8",LOCAL,CIB
797c80cdbea74142b50bfaad81428b81,805718296294777617,FINISHED,mlflow-artifacts:/805718296294777617/797c80cdbea74142b50bfaad81428b81/artifacts,2025-02-04 14:31:44.831000+00:00,2025-02-04 14:32:08.344000+00:00,1.058274269104004,1.932708978652954,1.9956679344177246,1.0,-0.0,1.9327068328857422,9.960342140402645e-06,1.4288055896759033,3.424473472034558,1.995667815208435,-1.1920928955078125e-07,-1.1920928955078125e-07,2.2554287910461426,1.4288055896759033,-1.1920928955078125e-07,0.0,1.0522217750549316,0.0,0.1,0.3,1.0,1e-05,10.0,"tensor([[[[[1., 1.],
           [1., 1.]],

          [[0., 0.],
           [0., 0.]]],


         [[[0., 0.],
           [0., 0.]],

          [[0., 0.],
           [0., 0.]]]],



        [[[[0., 0.],
           [0., 0.]],

          [[1., 1.],
           [1., 1.]]],


         [[[1., 1.],
           [1., 1.]],

          [[0., 0.],
           [0., 0.]]]],



        [[[[0., 0.],
           [0., 0.]],

          [[0., 0.],
           [0., 0.]]],


         [[[0., 0.],
           [0., 0.]],

          [[1., 1.],
           [0., 0.]]]],



        [[[[0., 0.],
           [0., 0.]],

          [[0., 0.],
           [0., 0.]]],


         [[[0., 0.],
           [0., 0.]],

          [[0., 0.],
           [1., 1.]]]]])","tensor([[[[[0.2700, 0.2700],
           [0.2700, 0.2700]],

          [[0.2700, 0.2700],
           [0.2700, 0.2700]]],


         [[[0.2700, 0.2700],
           [0.2700, 0.2700]],

          [[0.2700, 0.2700],
           [0.2700, 0.2700]]]],



        [[[[0.2400, 0.2400],
           [0.2400, 0.2400]],

          [[0.2400, 0.2400],
           [0.2400, 0.2400]]],


         [[[0.2400, 0.2400],
           [0.2400, 0.2400]],

          [[0.2400, 0.2400],
           [0.2400, 0.2400]]]],



        [[[[0.2300, 0.2300],
           [0.2300, 0.2300]],

          [[0.2300, 0.2300],
           [0.2300, 0.2300]]],


         [[[0.2300, 0.2300],
           [0.2300, 0.2300]],

          [[0.2300, 0.2300],
           [0.2300, 0.2300]]]],



        [[[[0.2700, 0.2700],
           [0.2700, 0.2700]],

          [[0.2700, 0.2700],
           [0.2700, 0.2700]]],


         [[[0.2700, 0.2700],
           [0.2700, 0.2700]],

          [[0.2700, 0.2700],
           [0.2700, 0.2700]]]]], grad_fn=<RoundBackward1>)",0.99,0.8,0.0,1000,1.0,pSAGD,cib_optimization/optimize_cib.py,wCIB+penalty,fsimoes,45345caa3f2538233a03cbc3e5b71daf91a5b4d3,"gamma=0.0--bxi=0.3,by=0.1,bs=0.8",LOCAL,CIB
397948cb94a94df9998209848b6ab52a,805718296294777617,FINISHED,mlflow-artifacts:/805718296294777617/397948cb94a94df9998209848b6ab52a/artifacts,2025-02-04 12:22:50.674000+00:00,2025-02-04 12:22:53.248000+00:00,1.4854754209518433,2.1774556636810303,-0.0,1.0,-0.0,1.4799253940582275,0.0,1.432581901550293,5.104731037874899e-08,1.4325817823410034,-0.691980242729187,-0.691980242729187,1.4854754209518433,-0.691980242729187,0.0,0.0,1.4799253940582275,1.0,0.4,0.3,10000.0,1e-05,10.0,"tensor([[[[[1., 1.],
           [1., 1.]],

          [[0., 0.],
           [0., 0.]]],


         [[[0., 0.],
           [0., 0.]],

          [[0., 0.],
           [0., 0.]]]],



        [[[[0., 0.],
           [0., 0.]],

          [[1., 1.],
           [1., 1.]]],


         [[[1., 1.],
           [1., 1.]],

          [[0., 0.],
           [0., 0.]]]],



        [[[[0., 0.],
           [0., 0.]],

          [[0., 0.],
           [0., 0.]]],


         [[[0., 0.],
           [0., 0.]],

          [[1., 1.],
           [0., 0.]]]],



        [[[[0., 0.],
           [0., 0.]],

          [[0., 0.],
           [0., 0.]]],


         [[[0., 0.],
           [0., 0.]],

          [[0., 0.],
           [1., 1.]]]]])","tensor([[[[[0., 0.],
           [0., 0.]],

          [[1., 1.],
           [1., 1.]]],


         [[[1., 1.],
           [1., 1.]],

          [[0., 0.],
           [0., 0.]]]],



        [[[[0., 0.],
           [0., 0.]],

          [[0., 0.],
           [0., 0.]]],


         [[[0., 0.],
           [0., 0.]],

          [[1., 1.],
           [0., 0.]]]],



        [[[[0., 0.],
           [0., 0.]],

          [[0., 0.],
           [0., 0.]]],


         [[[0., 0.],
           [0., 0.]],

          [[0., 0.],
           [1., 1.]]]],



        [[[[1., 1.],
           [1., 1.]],

          [[0., 0.],
           [0., 0.]]],


         [[[0., 0.],
           [0., 0.]],

          [[0., 0.],
           [0., 0.]]]]], grad_fn=<RoundBackward1>)",0.99,0.5,inf,1000,1.0,pSAGD,cib_optimization/optimize_cib.py,wCIB+penalty,fsimoes,45345caa3f2538233a03cbc3e5b71daf91a5b4d3,"gamma=1.0--bxi=0.3,by=0.4,bs=0.5",LOCAL,CIB
9c866219248d41fabd6b7c18dba91ccd,805718296294777617,FINISHED,mlflow-artifacts:/805718296294777617/9c866219248d41fabd6b7c18dba91ccd/artifacts,2025-02-04 12:22:38.772000+00:00,2025-02-04 12:22:48.061000+00:00,1.4854754209518433,2.1774556636810303,0.121799997985363,1.0,-0.0,1.4953489303588867,0.0,1.432581901550293,0.5100001156872658,1.7625818252563477,-0.6129467487335205,-0.6129467487335205,1.5645089149475098,-0.691980242729187,0.0,0.0,1.4799253940582275,1.0,0.4,0.3,10000.0,1e-05,10.0,"tensor([[[[[1., 1.],
           [1., 1.]],

          [[0., 0.],
           [0., 0.]]],


         [[[0., 0.],
           [0., 0.]],

          [[0., 0.],
           [0., 0.]]]],



        [[[[0., 0.],
           [0., 0.]],

          [[1., 1.],
           [1., 1.]]],


         [[[1., 1.],
           [1., 1.]],

          [[0., 0.],
           [0., 0.]]]],



        [[[[0., 0.],
           [0., 0.]],

          [[0., 0.],
           [0., 0.]]],


         [[[0., 0.],
           [0., 0.]],

          [[1., 1.],
           [0., 0.]]]],



        [[[[0., 0.],
           [0., 0.]],

          [[0., 0.],
           [0., 0.]]],


         [[[0., 0.],
           [0., 0.]],

          [[0., 0.],
           [1., 1.]]]]])","tensor([[[[[0.0000, 0.0000],
           [0.0000, 0.0000]],

          [[0.0000, 0.0000],
           [0.0000, 0.0000]]],


         [[[0.0000, 0.0000],
           [0.0000, 0.0000]],

          [[1.0000, 1.0000],
           [1.0000, 1.0000]]]],



        [[[[0.0000, 0.0000],
           [0.0000, 0.0000]],

          [[0.0000, 0.0000],
           [1.0000, 0.5000]]],


         [[[1.0000, 1.0000],
           [0.0000, 0.5000]],

          [[0.0000, 0.0000],
           [0.0000, 0.0000]]]],



        [[[[1.0000, 1.0000],
           [1.0000, 1.0000]],

          [[0.0000, 0.0000],
           [0.0000, 0.0000]]],


         [[[0.0000, 0.0000],
           [0.0000, 0.0000]],

          [[0.0000, 0.0000],
           [0.0000, 0.0000]]]],



        [[[[0.0000, 0.0000],
           [0.0000, 0.0000]],

          [[1.0000, 1.0000],
           [0.0000, 0.5000]]],


         [[[0.0000, 0.0000],
           [1.0000, 0.5000]],

          [[0.0000, 0.0000],
           [0.0000, 0.0000]]]]], grad_fn=<RoundBackward1>)",0.99,0.5,inf,1000,1.0,pSAGD,cib_optimization/optimize_cib.py,wCIB+penalty,fsimoes,45345caa3f2538233a03cbc3e5b71daf91a5b4d3,"gamma=1.0--bxi=0.3,by=0.4,bs=0.5",LOCAL,CIB
6233820503c24ba88e38ec5fb2fd458a,805718296294777617,FINISHED,mlflow-artifacts:/805718296294777617/6233820503c24ba88e38ec5fb2fd458a/artifacts,2025-02-04 12:22:27.458000+00:00,2025-02-04 12:22:36.255000+00:00,1.4854754209518433,2.1774556636810303,-0.0,1.0,-0.0,1.4799253940582275,0.0,1.432581901550293,-1.873712687228135e-07,1.4325817823410034,-0.691980242729187,-0.691980242729187,1.4854754209518433,-0.691980242729187,0.0,0.0,1.4799253940582275,1.0,0.4,0.3,10000.0,1e-05,10.0,"tensor([[[[[1., 1.],
           [1., 1.]],

          [[0., 0.],
           [0., 0.]]],


         [[[0., 0.],
           [0., 0.]],

          [[0., 0.],
           [0., 0.]]]],



        [[[[0., 0.],
           [0., 0.]],

          [[1., 1.],
           [1., 1.]]],


         [[[1., 1.],
           [1., 1.]],

          [[0., 0.],
           [0., 0.]]]],



        [[[[0., 0.],
           [0., 0.]],

          [[0., 0.],
           [0., 0.]]],


         [[[0., 0.],
           [0., 0.]],

          [[1., 1.],
           [0., 0.]]]],



        [[[[0., 0.],
           [0., 0.]],

          [[0., 0.],
           [0., 0.]]],


         [[[0., 0.],
           [0., 0.]],

          [[0., 0.],
           [1., 1.]]]]])","tensor([[[[[0., 0.],
           [0., 0.]],

          [[1., 1.],
           [1., 1.]]],


         [[[1., 1.],
           [1., 1.]],

          [[0., 0.],
           [0., 0.]]]],



        [[[[0., 0.],
           [0., 0.]],

          [[0., 0.],
           [0., 0.]]],


         [[[0., 0.],
           [0., 0.]],

          [[0., 0.],
           [1., 1.]]]],



        [[[[1., 1.],
           [1., 1.]],

          [[0., 0.],
           [0., 0.]]],


         [[[0., 0.],
           [0., 0.]],

          [[0., 0.],
           [0., 0.]]]],



        [[[[0., 0.],
           [0., 0.]],

          [[0., 0.],
           [0., 0.]]],


         [[[0., 0.],
           [0., 0.]],

          [[1., 1.],
           [0., 0.]]]]], grad_fn=<RoundBackward1>)",0.99,0.5,inf,1000,1.0,pSAGD,cib_optimization/optimize_cib.py,wCIB+penalty,fsimoes,45345caa3f2538233a03cbc3e5b71daf91a5b4d3,"gamma=1.0--bxi=0.3,by=0.4,bs=0.5",LOCAL,CIB
97d9a13688ad4c489daacbf570fe134d,805718296294777617,FINISHED,mlflow-artifacts:/805718296294777617/97d9a13688ad4c489daacbf570fe134d/artifacts,2025-02-04 12:22:14.293000+00:00,2025-02-04 12:22:24.937000+00:00,1.4854754209518433,2.1774556636810303,-0.0,1.0,-0.0,1.4799253940582275,1.3328003944934608e-07,1.432581901550293,-1.873712687228135e-07,1.4325817823410034,-0.691980242729187,-0.691980242729187,1.4854754209518433,-0.691980242729187,1.1920928955078125e-07,0.0,1.4799253940582275,1.0,0.4,0.3,100.0,1e-05,10.0,"tensor([[[[[1., 1.],
           [1., 1.]],

          [[0., 0.],
           [0., 0.]]],


         [[[0., 0.],
           [0., 0.]],

          [[0., 0.],
           [0., 0.]]]],



        [[[[0., 0.],
           [0., 0.]],

          [[1., 1.],
           [1., 1.]]],


         [[[1., 1.],
           [1., 1.]],

          [[0., 0.],
           [0., 0.]]]],



        [[[[0., 0.],
           [0., 0.]],

          [[0., 0.],
           [0., 0.]]],


         [[[0., 0.],
           [0., 0.]],

          [[1., 1.],
           [0., 0.]]]],



        [[[[0., 0.],
           [0., 0.]],

          [[0., 0.],
           [0., 0.]]],


         [[[0., 0.],
           [0., 0.]],

          [[0., 0.],
           [1., 1.]]]]])","tensor([[[[[0., 0.],
           [0., 0.]],

          [[0., 0.],
           [0., 0.]]],


         [[[0., 0.],
           [0., 0.]],

          [[0., 0.],
           [1., 1.]]]],



        [[[[0., 0.],
           [0., 0.]],

          [[1., 1.],
           [1., 1.]]],


         [[[1., 1.],
           [1., 1.]],

          [[0., 0.],
           [0., 0.]]]],



        [[[[0., 0.],
           [0., 0.]],

          [[0., 0.],
           [0., 0.]]],


         [[[0., 0.],
           [0., 0.]],

          [[1., 1.],
           [0., 0.]]]],



        [[[[1., 1.],
           [1., 1.]],

          [[0., 0.],
           [0., 0.]]],


         [[[0., 0.],
           [0., 0.]],

          [[0., 0.],
           [0., 0.]]]]], grad_fn=<RoundBackward1>)",0.99,0.5,inf,1000,1.0,pSAGD,cib_optimization/optimize_cib.py,wCIB+penalty,fsimoes,45345caa3f2538233a03cbc3e5b71daf91a5b4d3,"gamma=1.0--bxi=0.3,by=0.4,bs=0.5",LOCAL,CIB
66bda1b82e1b4865a722cb6974e5d1b1,805718296294777617,FINISHED,mlflow-artifacts:/805718296294777617/66bda1b82e1b4865a722cb6974e5d1b1/artifacts,2025-02-04 12:22:00.905000+00:00,2025-02-04 12:22:11.760000+00:00,1.4854754209518433,2.1774556636810303,0.17967727780342102,1.0,-0.0,1.4953489303588867,3.264680970005429e-07,1.432581901550293,0.501388970005165,1.7539808750152588,-0.6129467487335205,-0.6129467487335205,1.5645089149475098,-0.691980242729187,0.0,0.0,1.4799253940582275,1.0,0.4,0.3,100.0,1e-05,10.0,"tensor([[[[[1., 1.],
           [1., 1.]],

          [[0., 0.],
           [0., 0.]]],


         [[[0., 0.],
           [0., 0.]],

          [[0., 0.],
           [0., 0.]]]],



        [[[[0., 0.],
           [0., 0.]],

          [[1., 1.],
           [1., 1.]]],


         [[[1., 1.],
           [1., 1.]],

          [[0., 0.],
           [0., 0.]]]],



        [[[[0., 0.],
           [0., 0.]],

          [[0., 0.],
           [0., 0.]]],


         [[[0., 0.],
           [0., 0.]],

          [[1., 1.],
           [0., 0.]]]],



        [[[[0., 0.],
           [0., 0.]],

          [[0., 0.],
           [0., 0.]]],


         [[[0., 0.],
           [0., 0.]],

          [[0., 0.],
           [1., 1.]]]]])","tensor([[[[[0.0000, 0.0000],
           [0.0000, 0.0000]],

          [[1.0000, 0.1400],
           [0.6400, 1.0000]]],


         [[[0.1400, 1.0000],
           [0.6400, 0.1400]],

          [[0.0000, 0.0000],
           [0.0000, 0.0000]]]],



        [[[[0.0000, 0.0000],
           [0.0000, 0.0000]],

          [[0.0000, 0.8600],
           [0.3600, 0.0000]]],


         [[[0.8600, 0.0000],
           [0.3600, 0.8600]],

          [[0.0000, 0.0000],
           [0.0000, 0.0000]]]],



        [[[[0.0000, 0.0000],
           [0.0000, 0.0000]],

          [[0.0000, 0.0000],
           [0.0000, 0.0000]]],


         [[[0.0000, 0.0000],
           [0.0000, 0.0000]],

          [[1.0000, 1.0000],
           [1.0000, 1.0000]]]],



        [[[[1.0000, 1.0000],
           [1.0000, 1.0000]],

          [[0.0000, 0.0000],
           [0.0000, 0.0000]]],


         [[[0.0000, 0.0000],
           [0.0000, 0.0000]],

          [[0.0000, 0.0000],
           [0.0000, 0.0000]]]]], grad_fn=<RoundBackward1>)",0.99,0.5,inf,1000,1.0,pSAGD,cib_optimization/optimize_cib.py,wCIB+penalty,fsimoes,45345caa3f2538233a03cbc3e5b71daf91a5b4d3,"gamma=1.0--bxi=0.3,by=0.4,bs=0.5",LOCAL,CIB
40fb6841f40d41d79c50c43226825caf,805718296294777617,FINISHED,mlflow-artifacts:/805718296294777617/40fb6841f40d41d79c50c43226825caf/artifacts,2025-02-04 12:21:49.660000+00:00,2025-02-04 12:21:58.381000+00:00,1.4854754209518433,2.1774556636810303,0.195515975356102,1.0,-0.0,1.4946733713150024,4.0862886407921906e-07,1.432581901550293,0.39684039349680633,1.6494088172912598,-0.6129467487335205,-0.6129467487335205,1.5645089149475098,-0.691980242729187,0.0,0.0,1.4799253940582275,1.0,0.4,0.3,100.0,1e-05,10.0,"tensor([[[[[1., 1.],
           [1., 1.]],

          [[0., 0.],
           [0., 0.]]],


         [[[0., 0.],
           [0., 0.]],

          [[0., 0.],
           [0., 0.]]]],



        [[[[0., 0.],
           [0., 0.]],

          [[1., 1.],
           [1., 1.]]],


         [[[1., 1.],
           [1., 1.]],

          [[0., 0.],
           [0., 0.]]]],



        [[[[0., 0.],
           [0., 0.]],

          [[0., 0.],
           [0., 0.]]],


         [[[0., 0.],
           [0., 0.]],

          [[1., 1.],
           [0., 0.]]]],



        [[[[0., 0.],
           [0., 0.]],

          [[0., 0.],
           [0., 0.]]],


         [[[0., 0.],
           [0., 0.]],

          [[0., 0.],
           [1., 1.]]]]])","tensor([[[[[0.0000, 0.0000],
           [0.0000, 0.0000]],

          [[0.7800, 1.0000],
           [0.5200, 0.5200]]],


         [[[1.0000, 0.5200],
           [1.0000, 1.0000]],

          [[0.0000, 0.0000],
           [0.0000, 0.0000]]]],



        [[[[1.0000, 1.0000],
           [1.0000, 1.0000]],

          [[0.0000, 0.0000],
           [0.0000, 0.0000]]],


         [[[0.0000, 0.0000],
           [0.0000, 0.0000]],

          [[0.0000, 0.0000],
           [0.0000, 0.0000]]]],



        [[[[0.0000, 0.0000],
           [0.0000, 0.0000]],

          [[0.0000, 0.0000],
           [0.0000, 0.0000]]],


         [[[0.0000, 0.0000],
           [0.0000, 0.0000]],

          [[1.0000, 1.0000],
           [1.0000, 1.0000]]]],



        [[[[0.0000, 0.0000],
           [0.0000, 0.0000]],

          [[0.2200, 0.0000],
           [0.4800, 0.4800]]],


         [[[0.0000, 0.4800],
           [0.0000, 0.0000]],

          [[0.0000, 0.0000],
           [0.0000, 0.0000]]]]], grad_fn=<RoundBackward1>)",0.99,0.5,inf,1000,1.0,pSAGD,cib_optimization/optimize_cib.py,wCIB+penalty,fsimoes,45345caa3f2538233a03cbc3e5b71daf91a5b4d3,"gamma=1.0--bxi=0.3,by=0.4,bs=0.5",LOCAL,CIB
5ec4f5da544645a093d890d6da970b20,805718296294777617,FINISHED,mlflow-artifacts:/805718296294777617/5ec4f5da544645a093d890d6da970b20/artifacts,2025-02-04 12:21:30.434000+00:00,2025-02-04 12:21:46.985000+00:00,1.4854754209518433,2.1774556636810303,0.1609894037246704,1.0,-0.0,1.49363374710083,8.688795105626923e-08,1.432581901550293,0.44113662948235266,1.6936320066452026,-0.6129468679428101,-0.6129468679428101,1.5645087957382202,-0.691980242729187,0.0,0.0,1.4799253940582275,1.0,0.4,0.3,10.0,1e-05,10.0,"tensor([[[[[1., 1.],
           [1., 1.]],

          [[0., 0.],
           [0., 0.]]],


         [[[0., 0.],
           [0., 0.]],

          [[0., 0.],
           [0., 0.]]]],



        [[[[0., 0.],
           [0., 0.]],

          [[1., 1.],
           [1., 1.]]],


         [[[1., 1.],
           [1., 1.]],

          [[0., 0.],
           [0., 0.]]]],



        [[[[0., 0.],
           [0., 0.]],

          [[0., 0.],
           [0., 0.]]],


         [[[0., 0.],
           [0., 0.]],

          [[1., 1.],
           [0., 0.]]]],



        [[[[0., 0.],
           [0., 0.]],

          [[0., 0.],
           [0., 0.]]],


         [[[0., 0.],
           [0., 0.]],

          [[0., 0.],
           [1., 1.]]]]])","tensor([[[[[0.0000, 0.0000],
           [0.0000, 0.0000]],

          [[1.0000, 1.0000],
           [1.0000, 0.6600]]],


         [[[0.2000, 0.8300],
           [0.2000, 1.0000]],

          [[0.0000, 0.0000],
           [0.0000, 0.0000]]]],



        [[[[1.0000, 1.0000],
           [1.0000, 1.0000]],

          [[0.0000, 0.0000],
           [0.0000, 0.0000]]],


         [[[0.0000, 0.0000],
           [0.0000, 0.0000]],

          [[0.0000, 0.0000],
           [0.0000, 0.0000]]]],



        [[[[0.0000, 0.0000],
           [0.0000, 0.0000]],

          [[0.0000, 0.0000],
           [0.0000, 0.3400]]],


         [[[0.8000, 0.1700],
           [0.8000, 0.0000]],

          [[0.0000, 0.0000],
           [0.0000, 0.0000]]]],



        [[[[0.0000, 0.0000],
           [0.0000, 0.0000]],

          [[0.0000, 0.0000],
           [0.0000, 0.0000]]],


         [[[0.0000, 0.0000],
           [0.0000, 0.0000]],

          [[1.0000, 1.0000],
           [1.0000, 1.0000]]]]], grad_fn=<RoundBackward1>)",0.99,0.5,inf,1000,1.0,pSAGD,cib_optimization/optimize_cib.py,wCIB+penalty,fsimoes,45345caa3f2538233a03cbc3e5b71daf91a5b4d3,"gamma=1.0--bxi=0.3,by=0.4,bs=0.5",LOCAL,CIB
d4d4c2326ea540d3a5390ffe8746b34f,805718296294777617,FINISHED,mlflow-artifacts:/805718296294777617/d4d4c2326ea540d3a5390ffe8746b34f/artifacts,2025-02-04 12:21:14.076000+00:00,2025-02-04 12:21:27.911000+00:00,1.4854754209518433,2.1774556636810303,0.30281171202659607,1.0,-0.0,1.4952430725097656,9.884312390795458e-08,1.432581901550293,0.5083588101048235,1.7609132528305054,-0.6129467487335205,-0.6129467487335205,1.5645089149475098,-0.691980242729187,0.0,0.0,1.4799253940582275,1.0,0.4,0.3,10.0,1e-05,10.0,"tensor([[[[[1., 1.],
           [1., 1.]],

          [[0., 0.],
           [0., 0.]]],


         [[[0., 0.],
           [0., 0.]],

          [[0., 0.],
           [0., 0.]]]],



        [[[[0., 0.],
           [0., 0.]],

          [[1., 1.],
           [1., 1.]]],


         [[[1., 1.],
           [1., 1.]],

          [[0., 0.],
           [0., 0.]]]],



        [[[[0., 0.],
           [0., 0.]],

          [[0., 0.],
           [0., 0.]]],


         [[[0., 0.],
           [0., 0.]],

          [[1., 1.],
           [0., 0.]]]],



        [[[[0., 0.],
           [0., 0.]],

          [[0., 0.],
           [0., 0.]]],


         [[[0., 0.],
           [0., 0.]],

          [[0., 0.],
           [1., 1.]]]]])","tensor([[[[[1.0000, 1.0000],
           [1.0000, 1.0000]],

          [[0.0000, 0.0000],
           [0.0000, 0.0000]]],


         [[[0.0000, 0.0000],
           [0.0000, 0.0000]],

          [[0.0000, 0.0000],
           [0.0000, 0.0000]]]],



        [[[[0.0000, 0.0000],
           [0.0000, 0.0000]],

          [[0.0000, 0.0000],
           [0.0000, 0.0000]]],


         [[[0.0000, 0.0000],
           [0.0000, 0.0000]],

          [[1.0000, 1.0000],
           [1.0000, 1.0000]]]],



        [[[[0.0000, 0.0000],
           [0.0000, 0.0000]],

          [[0.5100, 0.1900],
           [1.0000, 0.6300]]],


         [[[0.1300, 0.6300],
           [0.6300, 0.1400]],

          [[0.0000, 0.0000],
           [0.0000, 0.0000]]]],



        [[[[0.0000, 0.0000],
           [0.0000, 0.0000]],

          [[0.4900, 0.8100],
           [0.0000, 0.3700]]],


         [[[0.8700, 0.3700],
           [0.3700, 0.8600]],

          [[0.0000, 0.0000],
           [0.0000, 0.0000]]]]], grad_fn=<RoundBackward1>)",0.99,0.5,inf,1000,1.0,pSAGD,cib_optimization/optimize_cib.py,wCIB+penalty,fsimoes,45345caa3f2538233a03cbc3e5b71daf91a5b4d3,"gamma=1.0--bxi=0.3,by=0.4,bs=0.5",LOCAL,CIB
eb40497a9fe04329a6c9de8ec3abe062,805718296294777617,FINISHED,mlflow-artifacts:/805718296294777617/eb40497a9fe04329a6c9de8ec3abe062/artifacts,2025-02-04 12:20:56.826000+00:00,2025-02-04 12:21:11.541000+00:00,1.4854754209518433,2.1774556636810303,-0.0,1.0,-0.0,1.4799253940582275,0.0,1.432581901550293,5.104731037874899e-08,1.4325817823410034,-0.691980242729187,-0.691980242729187,1.4854754209518433,-0.691980242729187,0.0,0.0,1.4799253940582275,1.0,0.4,0.3,10.0,1e-05,10.0,"tensor([[[[[1., 1.],
           [1., 1.]],

          [[0., 0.],
           [0., 0.]]],


         [[[0., 0.],
           [0., 0.]],

          [[0., 0.],
           [0., 0.]]]],



        [[[[0., 0.],
           [0., 0.]],

          [[1., 1.],
           [1., 1.]]],


         [[[1., 1.],
           [1., 1.]],

          [[0., 0.],
           [0., 0.]]]],



        [[[[0., 0.],
           [0., 0.]],

          [[0., 0.],
           [0., 0.]]],


         [[[0., 0.],
           [0., 0.]],

          [[1., 1.],
           [0., 0.]]]],



        [[[[0., 0.],
           [0., 0.]],

          [[0., 0.],
           [0., 0.]]],


         [[[0., 0.],
           [0., 0.]],

          [[0., 0.],
           [1., 1.]]]]])","tensor([[[[[0., 0.],
           [0., 0.]],

          [[0., 0.],
           [0., 0.]]],


         [[[0., 0.],
           [0., 0.]],

          [[0., 0.],
           [1., 1.]]]],



        [[[[0., 0.],
           [0., 0.]],

          [[1., 1.],
           [1., 1.]]],


         [[[1., 1.],
           [1., 1.]],

          [[0., 0.],
           [0., 0.]]]],



        [[[[1., 1.],
           [1., 1.]],

          [[0., 0.],
           [0., 0.]]],


         [[[0., 0.],
           [0., 0.]],

          [[0., 0.],
           [0., 0.]]]],



        [[[[0., 0.],
           [0., 0.]],

          [[0., 0.],
           [0., 0.]]],


         [[[0., 0.],
           [0., 0.]],

          [[1., 1.],
           [0., 0.]]]]], grad_fn=<RoundBackward1>)",0.99,0.5,inf,1000,1.0,pSAGD,cib_optimization/optimize_cib.py,wCIB+penalty,fsimoes,45345caa3f2538233a03cbc3e5b71daf91a5b4d3,"gamma=1.0--bxi=0.3,by=0.4,bs=0.5",LOCAL,CIB
03a225f373fe4438888250b6d4afb994,805718296294777617,FINISHED,mlflow-artifacts:/805718296294777617/03a225f373fe4438888250b6d4afb994/artifacts,2025-02-04 12:20:22.101000+00:00,2025-02-04 12:20:54.268000+00:00,1.4854754209518433,2.1774556636810303,0.24830931425094604,1.0,-0.0,1.4941513538360596,2.3871670862263272e-08,1.432581901550293,0.4370621138961295,1.689587950706482,-0.6129467487335205,-0.6129467487335205,1.5645089149475098,-0.691980242729187,0.0,0.0,1.4799253940582275,1.0,0.4,0.3,1.0,1e-05,10.0,"tensor([[[[[1., 1.],
           [1., 1.]],

          [[0., 0.],
           [0., 0.]]],


         [[[0., 0.],
           [0., 0.]],

          [[0., 0.],
           [0., 0.]]]],



        [[[[0., 0.],
           [0., 0.]],

          [[1., 1.],
           [1., 1.]]],


         [[[1., 1.],
           [1., 1.]],

          [[0., 0.],
           [0., 0.]]]],



        [[[[0., 0.],
           [0., 0.]],

          [[0., 0.],
           [0., 0.]]],


         [[[0., 0.],
           [0., 0.]],

          [[1., 1.],
           [0., 0.]]]],



        [[[[0., 0.],
           [0., 0.]],

          [[0., 0.],
           [0., 0.]]],


         [[[0., 0.],
           [0., 0.]],

          [[0., 0.],
           [1., 1.]]]]])","tensor([[[[[1.0000, 1.0000],
           [1.0000, 1.0000]],

          [[0.0000, 0.0000],
           [0.0000, 0.0000]]],


         [[[0.0000, 0.0000],
           [0.0000, 0.0000]],

          [[0.0000, 0.0000],
           [0.0000, 0.0000]]]],



        [[[[0.0000, 0.0000],
           [0.0000, 0.0000]],

          [[0.1400, 0.6800],
           [0.2200, 0.2800]]],


         [[[0.0000, 0.0000],
           [0.6800, 0.2400]],

          [[0.0000, 0.0000],
           [0.0000, 0.0000]]]],



        [[[[0.0000, 0.0000],
           [0.0000, 0.0000]],

          [[0.0000, 0.0000],
           [0.0000, 0.0000]]],


         [[[0.0000, 0.0000],
           [0.0000, 0.0000]],

          [[1.0000, 1.0000],
           [1.0000, 1.0000]]]],



        [[[[0.0000, 0.0000],
           [0.0000, 0.0000]],

          [[0.8600, 0.3200],
           [0.7800, 0.7200]]],


         [[[1.0000, 1.0000],
           [0.3200, 0.7600]],

          [[0.0000, 0.0000],
           [0.0000, 0.0000]]]]], grad_fn=<RoundBackward1>)",0.99,0.5,inf,1000,1.0,pSAGD,cib_optimization/optimize_cib.py,wCIB+penalty,fsimoes,45345caa3f2538233a03cbc3e5b71daf91a5b4d3,"gamma=1.0--bxi=0.3,by=0.4,bs=0.5",LOCAL,CIB
15f1bc0b095640e7a68e1f0015ef861a,805718296294777617,FINISHED,mlflow-artifacts:/805718296294777617/15f1bc0b095640e7a68e1f0015ef861a/artifacts,2025-02-04 12:19:50.897000+00:00,2025-02-04 12:20:19.558000+00:00,1.4854754209518433,2.1774556636810303,0.37148910760879517,1.0,-0.0,1.4908819198608398,2.107342389479072e-08,1.432581901550293,0.5074773652458635,1.7600053548812866,-0.6129468679428101,-0.6129468679428101,1.5645087957382202,-0.691980242729187,0.0,0.0,1.4799253940582275,1.0,0.4,0.3,1.0,1e-05,10.0,"tensor([[[[[1., 1.],
           [1., 1.]],

          [[0., 0.],
           [0., 0.]]],


         [[[0., 0.],
           [0., 0.]],

          [[0., 0.],
           [0., 0.]]]],



        [[[[0., 0.],
           [0., 0.]],

          [[1., 1.],
           [1., 1.]]],


         [[[1., 1.],
           [1., 1.]],

          [[0., 0.],
           [0., 0.]]]],



        [[[[0., 0.],
           [0., 0.]],

          [[0., 0.],
           [0., 0.]]],


         [[[0., 0.],
           [0., 0.]],

          [[1., 1.],
           [0., 0.]]]],



        [[[[0., 0.],
           [0., 0.]],

          [[0., 0.],
           [0., 0.]]],


         [[[0., 0.],
           [0., 0.]],

          [[0., 0.],
           [1., 1.]]]]])","tensor([[[[[0.0000, 0.0000],
           [0.0000, 0.0000]],

          [[0.0000, 0.0000],
           [0.0000, 0.0000]]],


         [[[0.0000, 0.0000],
           [0.0000, 0.0000]],

          [[1.0000, 1.0000],
           [1.0000, 1.0000]]]],



        [[[[0.9100, 0.5700],
           [0.8200, 0.5700]],

          [[0.0000, 0.0000],
           [0.0000, 0.0000]]],


         [[[0.0000, 0.0000],
           [0.0000, 0.0000]],

          [[0.0000, 0.0000],
           [0.0000, 0.0000]]]],



        [[[[0.0000, 0.0000],
           [0.0000, 0.0000]],

          [[1.0000, 1.0000],
           [1.0000, 1.0000]]],


         [[[1.0000, 1.0000],
           [1.0000, 1.0000]],

          [[0.0000, 0.0000],
           [0.0000, 0.0000]]]],



        [[[[0.0900, 0.4300],
           [0.1800, 0.4300]],

          [[0.0000, 0.0000],
           [0.0000, 0.0000]]],


         [[[0.0000, 0.0000],
           [0.0000, 0.0000]],

          [[0.0000, 0.0000],
           [0.0000, 0.0000]]]]], grad_fn=<RoundBackward1>)",0.99,0.5,inf,1000,1.0,pSAGD,cib_optimization/optimize_cib.py,wCIB+penalty,fsimoes,45345caa3f2538233a03cbc3e5b71daf91a5b4d3,"gamma=1.0--bxi=0.3,by=0.4,bs=0.5",LOCAL,CIB
11584282e0184562805b3155be068be2,805718296294777617,FINISHED,mlflow-artifacts:/805718296294777617/11584282e0184562805b3155be068be2/artifacts,2025-02-04 12:19:24.622000+00:00,2025-02-04 12:19:48.326000+00:00,1.4854754209518433,2.1774556636810303,0.3513467013835907,1.0,-0.0,1.4947956800460815,5.2683560625155224e-08,1.432581901550293,0.5015629705465816,1.7541184425354004,-0.6129467487335205,-0.6129467487335205,1.5645089149475098,-0.691980242729187,0.0,0.0,1.4799253940582275,1.0,0.4,0.3,1.0,1e-05,10.0,"tensor([[[[[1., 1.],
           [1., 1.]],

          [[0., 0.],
           [0., 0.]]],


         [[[0., 0.],
           [0., 0.]],

          [[0., 0.],
           [0., 0.]]]],



        [[[[0., 0.],
           [0., 0.]],

          [[1., 1.],
           [1., 1.]]],


         [[[1., 1.],
           [1., 1.]],

          [[0., 0.],
           [0., 0.]]]],



        [[[[0., 0.],
           [0., 0.]],

          [[0., 0.],
           [0., 0.]]],


         [[[0., 0.],
           [0., 0.]],

          [[1., 1.],
           [0., 0.]]]],



        [[[[0., 0.],
           [0., 0.]],

          [[0., 0.],
           [0., 0.]]],


         [[[0., 0.],
           [0., 0.]],

          [[0., 0.],
           [1., 1.]]]]])","tensor([[[[[0.0000, 0.0000],
           [0.0000, 0.0000]],

          [[0.6700, 0.1200],
           [0.3300, 0.4700]]],


         [[[0.1100, 0.6300],
           [0.3200, 0.6100]],

          [[0.0000, 0.0000],
           [0.0000, 0.0000]]]],



        [[[[0.0000, 0.0000],
           [0.0000, 0.0000]],

          [[0.0000, 0.0000],
           [0.0000, 0.0000]]],


         [[[0.0000, 0.0000],
           [0.0000, 0.0000]],

          [[1.0000, 1.0000],
           [1.0000, 1.0000]]]],



        [[[[0.0000, 0.0000],
           [0.0000, 0.0000]],

          [[0.3300, 0.8800],
           [0.6700, 0.5300]]],


         [[[0.8900, 0.3700],
           [0.6800, 0.3900]],

          [[0.0000, 0.0000],
           [0.0000, 0.0000]]]],



        [[[[1.0000, 1.0000],
           [1.0000, 1.0000]],

          [[0.0000, 0.0000],
           [0.0000, 0.0000]]],


         [[[0.0000, 0.0000],
           [0.0000, 0.0000]],

          [[0.0000, 0.0000],
           [0.0000, 0.0000]]]]], grad_fn=<RoundBackward1>)",0.99,0.5,inf,1000,1.0,pSAGD,cib_optimization/optimize_cib.py,wCIB+penalty,fsimoes,45345caa3f2538233a03cbc3e5b71daf91a5b4d3,"gamma=1.0--bxi=0.3,by=0.4,bs=0.5",LOCAL,CIB
11f1d96eea7f4fc8a9fc2b739bc7ddd1,805718296294777617,FINISHED,mlflow-artifacts:/805718296294777617/11f1d96eea7f4fc8a9fc2b739bc7ddd1/artifacts,2025-02-04 12:19:13.128000+00:00,2025-02-04 12:19:22.078000+00:00,1.4854754209518433,2.1774556636810303,-0.0,1.0,-0.0,1.7241758108139038,5.291502475738525,1.432581901550293,1.5638472428029733,1.7892183065414429,0.06260430812835693,0.06260430812835693,1.8084064722061157,-0.2670678198337555,0.04752340912818909,0.0,1.4799253940582275,0.8,0.4,0.3,10000.0,1e-05,10.0,"tensor([[[[[1., 1.],
           [1., 1.]],

          [[0., 0.],
           [0., 0.]]],


         [[[0., 0.],
           [0., 0.]],

          [[0., 0.],
           [0., 0.]]]],



        [[[[0., 0.],
           [0., 0.]],

          [[1., 1.],
           [1., 1.]]],


         [[[1., 1.],
           [1., 1.]],

          [[0., 0.],
           [0., 0.]]]],



        [[[[0., 0.],
           [0., 0.]],

          [[0., 0.],
           [0., 0.]]],


         [[[0., 0.],
           [0., 0.]],

          [[1., 1.],
           [0., 0.]]]],



        [[[[0., 0.],
           [0., 0.]],

          [[0., 0.],
           [0., 0.]]],


         [[[0., 0.],
           [0., 0.]],

          [[0., 0.],
           [1., 1.]]]]])","tensor([[[[[0., 0.],
           [1., 0.]],

          [[0., 0.],
           [0., 0.]]],


         [[[0., 0.],
           [0., 0.]],

          [[0., 0.],
           [1., 0.]]]],



        [[[[0., 0.],
           [0., 0.]],

          [[0., 0.],
           [0., 1.]]],


         [[[1., 0.],
           [0., 1.]],

          [[0., 0.],
           [0., 0.]]]],



        [[[[1., 1.],
           [0., 1.]],

          [[1., 1.],
           [1., 0.]]],


         [[[0., 1.],
           [1., 0.]],

          [[0., 0.],
           [0., 0.]]]],



        [[[[0., 0.],
           [0., 0.]],

          [[0., 0.],
           [0., 0.]]],


         [[[0., 0.],
           [0., 0.]],

          [[1., 1.],
           [0., 1.]]]]])",0.99,0.5,4.0,1000,1.0,pSAGD,cib_optimization/optimize_cib.py,wCIB+penalty,fsimoes,45345caa3f2538233a03cbc3e5b71daf91a5b4d3,"gamma=0.8--bxi=0.3,by=0.4,bs=0.5",LOCAL,CIB
d06f3eba940d4bb9bbc51d0720c3b254,805718296294777617,FINISHED,mlflow-artifacts:/805718296294777617/d06f3eba940d4bb9bbc51d0720c3b254/artifacts,2025-02-04 12:18:59.490000+00:00,2025-02-04 12:19:10.592000+00:00,1.4854754209518433,2.1774556636810303,-0.0,1.0,-0.0,1.7488858699798584,5.291502475738525,1.432581901550293,1.9277092289693623,1.413203239440918,-0.05058687925338745,-0.05058687925338745,1.7609212398529053,-0.2670678198337555,-0.002290278673171997,0.0,1.4799253940582275,0.8,0.4,0.3,10000.0,1e-05,10.0,"tensor([[[[[1., 1.],
           [1., 1.]],

          [[0., 0.],
           [0., 0.]]],


         [[[0., 0.],
           [0., 0.]],

          [[0., 0.],
           [0., 0.]]]],



        [[[[0., 0.],
           [0., 0.]],

          [[1., 1.],
           [1., 1.]]],


         [[[1., 1.],
           [1., 1.]],

          [[0., 0.],
           [0., 0.]]]],



        [[[[0., 0.],
           [0., 0.]],

          [[0., 0.],
           [0., 0.]]],


         [[[0., 0.],
           [0., 0.]],

          [[1., 1.],
           [0., 0.]]]],



        [[[[0., 0.],
           [0., 0.]],

          [[0., 0.],
           [0., 0.]]],


         [[[0., 0.],
           [0., 0.]],

          [[0., 0.],
           [1., 1.]]]]])","tensor([[[[[1., 1.],
           [0., 0.]],

          [[0., 1.],
           [1., 0.]]],


         [[[1., 0.],
           [0., 1.]],

          [[0., 0.],
           [0., 0.]]]],



        [[[[0., 0.],
           [0., 0.]],

          [[0., 0.],
           [0., 0.]]],


         [[[0., 0.],
           [0., 0.]],

          [[0., 0.],
           [1., 0.]]]],



        [[[[0., 0.],
           [0., 0.]],

          [[0., 0.],
           [0., 0.]]],


         [[[0., 0.],
           [0., 0.]],

          [[1., 1.],
           [0., 1.]]]],



        [[[[0., 0.],
           [1., 1.]],

          [[1., 0.],
           [0., 1.]]],


         [[[0., 1.],
           [1., 0.]],

          [[0., 0.],
           [0., 0.]]]]])",0.99,0.5,4.0,1000,1.0,pSAGD,cib_optimization/optimize_cib.py,wCIB+penalty,fsimoes,45345caa3f2538233a03cbc3e5b71daf91a5b4d3,"gamma=0.8--bxi=0.3,by=0.4,bs=0.5",LOCAL,CIB
a94787fcf38841bebbf3f4967db27800,805718296294777617,FINISHED,mlflow-artifacts:/805718296294777617/a94787fcf38841bebbf3f4967db27800/artifacts,2025-02-04 12:18:50.100000+00:00,2025-02-04 12:18:56.954000+00:00,1.4854754209518433,2.1774556636810303,-0.0,1.0,-0.0,1.7544406652450562,5.291502475738525,1.432581901550293,1.9277093912643628,1.4246547222137451,-0.04987969994544983,-0.04987969994544983,1.7589423656463623,-0.2670678198337555,0.002290278673171997,0.0,1.4799253940582275,0.8,0.4,0.3,10000.0,1e-05,10.0,"tensor([[[[[1., 1.],
           [1., 1.]],

          [[0., 0.],
           [0., 0.]]],


         [[[0., 0.],
           [0., 0.]],

          [[0., 0.],
           [0., 0.]]]],



        [[[[0., 0.],
           [0., 0.]],

          [[1., 1.],
           [1., 1.]]],


         [[[1., 1.],
           [1., 1.]],

          [[0., 0.],
           [0., 0.]]]],



        [[[[0., 0.],
           [0., 0.]],

          [[0., 0.],
           [0., 0.]]],


         [[[0., 0.],
           [0., 0.]],

          [[1., 1.],
           [0., 0.]]]],



        [[[[0., 0.],
           [0., 0.]],

          [[0., 0.],
           [0., 0.]]],


         [[[0., 0.],
           [0., 0.]],

          [[0., 0.],
           [1., 1.]]]]])","tensor([[[[[0., 0.],
           [1., 1.]],

          [[1., 1.],
           [1., 1.]]],


         [[[0., 0.],
           [0., 0.]],

          [[0., 0.],
           [0., 0.]]]],



        [[[[1., 1.],
           [0., 0.]],

          [[0., 0.],
           [0., 0.]]],


         [[[1., 1.],
           [1., 1.]],

          [[0., 0.],
           [0., 0.]]]],



        [[[[0., 0.],
           [0., 0.]],

          [[0., 0.],
           [0., 0.]]],


         [[[0., 0.],
           [0., 0.]],

          [[1., 0.],
           [1., 1.]]]],



        [[[[0., 0.],
           [0., 0.]],

          [[0., 0.],
           [0., 0.]]],


         [[[0., 0.],
           [0., 0.]],

          [[0., 1.],
           [0., 0.]]]]])",0.99,0.5,4.0,1000,1.0,pSAGD,cib_optimization/optimize_cib.py,wCIB+penalty,fsimoes,45345caa3f2538233a03cbc3e5b71daf91a5b4d3,"gamma=0.8--bxi=0.3,by=0.4,bs=0.5",LOCAL,CIB
f2fcd91d6fba4e2bacc78cf46e1229e2,805718296294777617,FINISHED,mlflow-artifacts:/805718296294777617/f2fcd91d6fba4e2bacc78cf46e1229e2/artifacts,2025-02-04 12:18:14.461000+00:00,2025-02-04 12:18:47.408000+00:00,1.4854754209518433,2.1774556636810303,0.22381660342216492,0.0,-0.0,1.722517967224121,4.502287864685059,1.432581901550293,2.018053907062775,1.6330513954162598,-0.04716533422470093,-0.04716533422470093,1.7661902904510498,-0.2670678198337555,-0.021691083908081055,0.0,1.4799253940582275,0.8,0.4,0.3,100.0,1e-05,10.0,"tensor([[[[[1., 1.],
           [1., 1.]],

          [[0., 0.],
           [0., 0.]]],


         [[[0., 0.],
           [0., 0.]],

          [[0., 0.],
           [0., 0.]]]],



        [[[[0., 0.],
           [0., 0.]],

          [[1., 1.],
           [1., 1.]]],


         [[[1., 1.],
           [1., 1.]],

          [[0., 0.],
           [0., 0.]]]],



        [[[[0., 0.],
           [0., 0.]],

          [[0., 0.],
           [0., 0.]]],


         [[[0., 0.],
           [0., 0.]],

          [[1., 1.],
           [0., 0.]]]],



        [[[[0., 0.],
           [0., 0.]],

          [[0., 0.],
           [0., 0.]]],


         [[[0., 0.],
           [0., 0.]],

          [[0., 0.],
           [1., 1.]]]]])","tensor([[[[[1.0000, 0.0000],
           [1.0000, 0.0000]],

          [[0.4900, 0.0000],
           [0.0000, 0.0000]]],


         [[[0.5900, 0.5200],
           [0.0000, 1.0000]],

          [[0.0000, 0.0000],
           [0.0000, 0.0000]]]],



        [[[[0.0000, 0.0000],
           [0.0000, 0.0000]],

          [[0.0000, 0.0000],
           [0.0000, 0.4100]]],


         [[[0.4100, 0.4800],
           [0.0000, 0.0000]],

          [[0.0000, 0.0000],
           [0.0000, 0.0000]]]],



        [[[[0.0000, 1.0000],
           [0.0000, 1.0000]],

          [[0.5100, 1.0000],
           [1.0000, 0.5900]]],


         [[[0.0000, 0.0000],
           [1.0000, 0.0000]],

          [[0.0000, 0.0000],
           [0.0000, 0.0000]]]],



        [[[[0.0000, 0.0000],
           [0.0000, 0.0000]],

          [[0.0000, 0.0000],
           [0.0000, 0.0000]]],


         [[[0.0000, 0.0000],
           [0.0000, 0.0000]],

          [[1.0000, 1.0000],
           [1.0000, 1.0000]]]]], grad_fn=<RoundBackward1>)",0.99,0.5,4.0,1000,1.0,pSAGD,cib_optimization/optimize_cib.py,wCIB+penalty,fsimoes,45345caa3f2538233a03cbc3e5b71daf91a5b4d3,"gamma=0.8--bxi=0.3,by=0.4,bs=0.5",LOCAL,CIB
ce9e70dd986d4ed189ae915deca1be0b,805718296294777617,FINISHED,mlflow-artifacts:/805718296294777617/ce9e70dd986d4ed189ae915deca1be0b/artifacts,2025-02-04 12:17:59.802000+00:00,2025-02-04 12:18:11.924000+00:00,1.4854754209518433,2.1774556636810303,-0.0,1.0,-0.0,1.7365511655807495,4.785450458526611,1.432581901550293,2.1090922609299074,1.604033350944519,0.11264684796333313,0.11264684796333313,1.9172558784484863,-0.2670678198337555,0.10505038499832153,0.0,1.4799253940582275,0.8,0.4,0.3,100.0,1e-05,10.0,"tensor([[[[[1., 1.],
           [1., 1.]],

          [[0., 0.],
           [0., 0.]]],


         [[[0., 0.],
           [0., 0.]],

          [[0., 0.],
           [0., 0.]]]],



        [[[[0., 0.],
           [0., 0.]],

          [[1., 1.],
           [1., 1.]]],


         [[[1., 1.],
           [1., 1.]],

          [[0., 0.],
           [0., 0.]]]],



        [[[[0., 0.],
           [0., 0.]],

          [[0., 0.],
           [0., 0.]]],


         [[[0., 0.],
           [0., 0.]],

          [[1., 1.],
           [0., 0.]]]],



        [[[[0., 0.],
           [0., 0.]],

          [[0., 0.],
           [0., 0.]]],


         [[[0., 0.],
           [0., 0.]],

          [[0., 0.],
           [1., 1.]]]]])","tensor([[[[[0.3400, 0.3200],
           [0.3200, 0.3400]],

          [[0.5800, 0.6500],
           [0.6500, 0.0000]]],


         [[[0.0000, 0.3000],
           [0.6500, 0.0000]],

          [[0.0000, 0.0000],
           [1.0000, 0.0000]]]],



        [[[[0.6600, 0.6800],
           [0.6800, 0.6600]],

          [[0.0000, 0.0000],
           [0.0000, 0.7700]]],


         [[[0.7700, 0.7000],
           [0.0000, 0.7700]],

          [[0.0000, 0.0000],
           [0.0000, 0.0000]]]],



        [[[[0.0000, 0.0000],
           [0.0000, 0.0000]],

          [[0.4200, 0.3500],
           [0.3500, 0.2300]]],


         [[[0.2300, 0.0000],
           [0.3500, 0.2300]],

          [[0.0000, 0.0000],
           [0.0000, 1.0000]]]],



        [[[[0.0000, 0.0000],
           [0.0000, 0.0000]],

          [[0.0000, 0.0000],
           [0.0000, 0.0000]]],


         [[[0.0000, 0.0000],
           [0.0000, 0.0000]],

          [[1.0000, 1.0000],
           [0.0000, 0.0000]]]]])",0.99,0.5,4.0,1000,1.0,pSAGD,cib_optimization/optimize_cib.py,wCIB+penalty,fsimoes,45345caa3f2538233a03cbc3e5b71daf91a5b4d3,"gamma=0.8--bxi=0.3,by=0.4,bs=0.5",LOCAL,CIB
7be7a49a7a6b4af88f389c21db478a07,805718296294777617,FINISHED,mlflow-artifacts:/805718296294777617/7be7a49a7a6b4af88f389c21db478a07/artifacts,2025-02-04 12:17:23.998000+00:00,2025-02-04 12:17:57.255000+00:00,1.4854754209518433,2.1774556636810303,0.3656114935874939,0.0,-0.0,1.691404938697815,4.5550150871276855,1.432581901550293,1.9152560265580805,1.806981086730957,-0.06120005249977112,-0.06120005249977112,1.7406132221221924,-0.2670678198337555,-0.04802906513214111,0.0,1.4799253940582275,0.8,0.4,0.3,100.0,1e-05,10.0,"tensor([[[[[1., 1.],
           [1., 1.]],

          [[0., 0.],
           [0., 0.]]],


         [[[0., 0.],
           [0., 0.]],

          [[0., 0.],
           [0., 0.]]]],



        [[[[0., 0.],
           [0., 0.]],

          [[1., 1.],
           [1., 1.]]],


         [[[1., 1.],
           [1., 1.]],

          [[0., 0.],
           [0., 0.]]]],



        [[[[0., 0.],
           [0., 0.]],

          [[0., 0.],
           [0., 0.]]],


         [[[0., 0.],
           [0., 0.]],

          [[1., 1.],
           [0., 0.]]]],



        [[[[0., 0.],
           [0., 0.]],

          [[0., 0.],
           [0., 0.]]],


         [[[0., 0.],
           [0., 0.]],

          [[0., 0.],
           [1., 1.]]]]])","tensor([[[[[0.0000, 0.0000],
           [0.0000, 0.0000]],

          [[0.0000, 0.0000],
           [0.0000, 0.0000]]],


         [[[0.0000, 0.0000],
           [0.0000, 0.0000]],

          [[1.0000, 1.0000],
           [1.0000, 1.0000]]]],



        [[[[0.0000, 0.0000],
           [1.0000, 1.0000]],

          [[0.3500, 0.2200],
           [0.2200, 0.3500]]],


         [[[0.3500, 0.3000],
           [0.2200, 0.0000]],

          [[0.0000, 0.0000],
           [0.0000, 0.0000]]]],



        [[[[1.0000, 1.0000],
           [0.0000, 0.0000]],

          [[0.0000, 0.7800],
           [0.7800, 0.0000]]],


         [[[0.0000, 0.0000],
           [0.7800, 0.6600]],

          [[0.0000, 0.0000],
           [0.0000, 0.0000]]]],



        [[[[0.0000, 0.0000],
           [0.0000, 0.0000]],

          [[0.6500, 0.0000],
           [0.0000, 0.6500]]],


         [[[0.6500, 0.7000],
           [0.0000, 0.3400]],

          [[0.0000, 0.0000],
           [0.0000, 0.0000]]]]], grad_fn=<RoundBackward1>)",0.99,0.5,4.0,1000,1.0,pSAGD,cib_optimization/optimize_cib.py,wCIB+penalty,fsimoes,45345caa3f2538233a03cbc3e5b71daf91a5b4d3,"gamma=0.8--bxi=0.3,by=0.4,bs=0.5",LOCAL,CIB
251952da35a4444999bba6271321c7ed,805718296294777617,FINISHED,mlflow-artifacts:/805718296294777617/251952da35a4444999bba6271321c7ed/artifacts,2025-02-04 12:16:48.564000+00:00,2025-02-04 12:17:21.448000+00:00,1.4854754209518433,2.1774556636810303,1.1989798545837402,0.0,-0.0,1.718742847442627,0.011113856919109821,1.432581901550293,2.0122508971450026,1.8260724544525146,-0.22852100431919098,-0.22852100431919098,1.735031247138977,-0.2670678198337555,-4.763901233673096e-05,0.0,1.4799253940582275,0.8,0.4,0.3,10.0,1e-05,10.0,"tensor([[[[[1., 1.],
           [1., 1.]],

          [[0., 0.],
           [0., 0.]]],


         [[[0., 0.],
           [0., 0.]],

          [[0., 0.],
           [0., 0.]]]],



        [[[[0., 0.],
           [0., 0.]],

          [[1., 1.],
           [1., 1.]]],


         [[[1., 1.],
           [1., 1.]],

          [[0., 0.],
           [0., 0.]]]],



        [[[[0., 0.],
           [0., 0.]],

          [[0., 0.],
           [0., 0.]]],


         [[[0., 0.],
           [0., 0.]],

          [[1., 1.],
           [0., 0.]]]],



        [[[[0., 0.],
           [0., 0.]],

          [[0., 0.],
           [0., 0.]]],


         [[[0., 0.],
           [0., 0.]],

          [[0., 0.],
           [1., 1.]]]]])","tensor([[[[[0.0000, 0.0000],
           [0.0000, 0.0000]],

          [[0.0000, 0.0000],
           [0.0000, 0.0000]]],


         [[[0.0000, 0.0000],
           [0.0000, 0.0000]],

          [[1.0000, 1.0000],
           [1.0000, 1.0000]]]],



        [[[[0.1400, 0.1100],
           [0.1100, 0.1400]],

          [[0.3500, 0.3800],
           [0.3800, 0.3500]]],


         [[[0.3500, 0.3800],
           [0.3800, 0.3500]],

          [[0.0000, 0.0000],
           [0.0000, 0.0000]]]],



        [[[[0.1800, 0.1400],
           [0.1400, 0.1800]],

          [[0.4400, 0.4800],
           [0.4800, 0.4400]]],


         [[[0.4400, 0.4800],
           [0.4800, 0.4400]],

          [[0.0000, 0.0000],
           [0.0000, 0.0000]]]],



        [[[[0.6800, 0.7400],
           [0.7400, 0.6800]],

          [[0.2100, 0.1500],
           [0.1500, 0.2100]]],


         [[[0.2100, 0.1500],
           [0.1500, 0.2100]],

          [[0.0000, 0.0000],
           [0.0000, 0.0000]]]]], grad_fn=<RoundBackward1>)",0.99,0.5,4.0,1000,1.0,pSAGD,cib_optimization/optimize_cib.py,wCIB+penalty,fsimoes,45345caa3f2538233a03cbc3e5b71daf91a5b4d3,"gamma=0.8--bxi=0.3,by=0.4,bs=0.5",LOCAL,CIB
b87d33e819f24e12a561273e1a8105e5,805718296294777617,FINISHED,mlflow-artifacts:/805718296294777617/b87d33e819f24e12a561273e1a8105e5/artifacts,2025-02-04 12:16:11.325000+00:00,2025-02-04 12:16:46.070000+00:00,1.4854754209518433,2.1774556636810303,1.1175220012664795,0.0,-0.0,1.9382283687591553,2.0715157985687256,1.432581901550293,2.7971778980967015,1.9651930332183838,0.017377376556396484,0.017377376556396484,1.9872596263885498,-0.2670678198337555,-0.028388865292072296,0.0,1.4799253940582275,0.8,0.4,0.3,10.0,1e-05,10.0,"tensor([[[[[1., 1.],
           [1., 1.]],

          [[0., 0.],
           [0., 0.]]],


         [[[0., 0.],
           [0., 0.]],

          [[0., 0.],
           [0., 0.]]]],



        [[[[0., 0.],
           [0., 0.]],

          [[1., 1.],
           [1., 1.]]],


         [[[1., 1.],
           [1., 1.]],

          [[0., 0.],
           [0., 0.]]]],



        [[[[0., 0.],
           [0., 0.]],

          [[0., 0.],
           [0., 0.]]],


         [[[0., 0.],
           [0., 0.]],

          [[1., 1.],
           [0., 0.]]]],



        [[[[0., 0.],
           [0., 0.]],

          [[0., 0.],
           [0., 0.]]],


         [[[0., 0.],
           [0., 0.]],

          [[0., 0.],
           [1., 1.]]]]])","tensor([[[[[0.0000, 0.0000],
           [0.8400, 0.5200]],

          [[0.3200, 0.3600],
           [0.3600, 0.3200]]],


         [[[0.3200, 0.3600],
           [0.3600, 0.3200]],

          [[0.0000, 0.0000],
           [0.0000, 0.0000]]]],



        [[[[0.3400, 0.3800],
           [0.0000, 0.0000]],

          [[0.1000, 0.0000],
           [0.0000, 0.1000]]],


         [[[0.1000, 0.0000],
           [0.0000, 0.1000]],

          [[1.0000, 1.0000],
           [1.0000, 1.0000]]]],



        [[[[0.0000, 0.6200],
           [0.0000, 0.4800]],

          [[0.1300, 0.1300],
           [0.1300, 0.1300]]],


         [[[0.1300, 0.1300],
           [0.1300, 0.1300]],

          [[0.0000, 0.0000],
           [0.0000, 0.0000]]]],



        [[[[0.6600, 0.0000],
           [0.1600, 0.0000]],

          [[0.4500, 0.5100],
           [0.5100, 0.4500]]],


         [[[0.4500, 0.5100],
           [0.5100, 0.4500]],

          [[0.0000, 0.0000],
           [0.0000, 0.0000]]]]], grad_fn=<RoundBackward1>)",0.99,0.5,4.0,1000,1.0,pSAGD,cib_optimization/optimize_cib.py,wCIB+penalty,fsimoes,45345caa3f2538233a03cbc3e5b71daf91a5b4d3,"gamma=0.8--bxi=0.3,by=0.4,bs=0.5",LOCAL,CIB
5b59d5c297e3448f9fc449b31901897d,805718296294777617,FINISHED,mlflow-artifacts:/805718296294777617/5b59d5c297e3448f9fc449b31901897d/artifacts,2025-02-04 12:15:35.450000+00:00,2025-02-04 12:16:08.777000+00:00,1.4854754209518433,2.1774556636810303,1.2965162992477417,0.0,-0.0,1.7664062976837158,1.0648443698883057,1.432581901550293,2.3919458379785343,1.85784113407135,-0.20423570275306702,-0.20423570275306702,1.781829833984375,-0.2670678198337555,0.004677951335906982,0.0,1.4799253940582275,0.8,0.4,0.3,10.0,1e-05,10.0,"tensor([[[[[1., 1.],
           [1., 1.]],

          [[0., 0.],
           [0., 0.]]],


         [[[0., 0.],
           [0., 0.]],

          [[0., 0.],
           [0., 0.]]]],



        [[[[0., 0.],
           [0., 0.]],

          [[1., 1.],
           [1., 1.]]],


         [[[1., 1.],
           [1., 1.]],

          [[0., 0.],
           [0., 0.]]]],



        [[[[0., 0.],
           [0., 0.]],

          [[0., 0.],
           [0., 0.]]],


         [[[0., 0.],
           [0., 0.]],

          [[1., 1.],
           [0., 0.]]]],



        [[[[0., 0.],
           [0., 0.]],

          [[0., 0.],
           [0., 0.]]],


         [[[0., 0.],
           [0., 0.]],

          [[0., 0.],
           [1., 1.]]]]])","tensor([[[[[0.0000, 0.0000],
           [0.0000, 0.0000]],

          [[0.0000, 0.0000],
           [0.0000, 0.0000]]],


         [[[0.0000, 0.0000],
           [0.0000, 0.0000]],

          [[1.0000, 1.0000],
           [1.0000, 1.0000]]]],



        [[[[0.1800, 0.4300],
           [0.4300, 0.4100]],

          [[0.2900, 0.2400],
           [0.2400, 0.2900]]],


         [[[0.2900, 0.2400],
           [0.2400, 0.2900]],

          [[0.0000, 0.0000],
           [0.0000, 0.0000]]]],



        [[[[0.0000, 0.3000],
           [0.3000, 0.3100]],

          [[0.3300, 0.3400],
           [0.3400, 0.3300]]],


         [[[0.3300, 0.3400],
           [0.3400, 0.3300]],

          [[0.0000, 0.0000],
           [0.0000, 0.0000]]]],



        [[[[0.8200, 0.2700],
           [0.2700, 0.2800]],

          [[0.3800, 0.4200],
           [0.4200, 0.3800]]],


         [[[0.3800, 0.4200],
           [0.4200, 0.3800]],

          [[0.0000, 0.0000],
           [0.0000, 0.0000]]]]], grad_fn=<RoundBackward1>)",0.99,0.5,4.0,1000,1.0,pSAGD,cib_optimization/optimize_cib.py,wCIB+penalty,fsimoes,45345caa3f2538233a03cbc3e5b71daf91a5b4d3,"gamma=0.8--bxi=0.3,by=0.4,bs=0.5",LOCAL,CIB
b6b600d46d5446ef983af07bffcbb6cc,805718296294777617,FINISHED,mlflow-artifacts:/805718296294777617/b6b600d46d5446ef983af07bffcbb6cc/artifacts,2025-02-04 12:14:59.416000+00:00,2025-02-04 12:15:32.802000+00:00,1.4854754209518433,2.1774556636810303,1.4754329919815063,0.0,-0.0,1.8280084133148193,0.0872349813580513,1.432581901550293,2.4981301173478436,1.9011485576629639,-0.20224624872207642,-0.20224624872207642,1.8182189464569092,-0.2670678198337555,0.013768821954727173,0.0,1.4799253940582275,0.8,0.4,0.3,1.0,1e-05,10.0,"tensor([[[[[1., 1.],
           [1., 1.]],

          [[0., 0.],
           [0., 0.]]],


         [[[0., 0.],
           [0., 0.]],

          [[0., 0.],
           [0., 0.]]]],



        [[[[0., 0.],
           [0., 0.]],

          [[1., 1.],
           [1., 1.]]],


         [[[1., 1.],
           [1., 1.]],

          [[0., 0.],
           [0., 0.]]]],



        [[[[0., 0.],
           [0., 0.]],

          [[0., 0.],
           [0., 0.]]],


         [[[0., 0.],
           [0., 0.]],

          [[1., 1.],
           [0., 0.]]]],



        [[[[0., 0.],
           [0., 0.]],

          [[0., 0.],
           [0., 0.]]],


         [[[0., 0.],
           [0., 0.]],

          [[0., 0.],
           [1., 1.]]]]])","tensor([[[[[0.3800, 0.4300],
           [0.4200, 0.3800]],

          [[0.2300, 0.2000],
           [0.2000, 0.2300]]],


         [[[0.2300, 0.2000],
           [0.2000, 0.2300]],

          [[0.0000, 0.0000],
           [0.0000, 0.0000]]]],



        [[[[0.0500, 0.0000],
           [0.0100, 0.0500]],

          [[0.0000, 0.0000],
           [0.0000, 0.0000]]],


         [[[0.0000, 0.0000],
           [0.0000, 0.0000]],

          [[1.0000, 1.0000],
           [1.0000, 1.0000]]]],



        [[[[0.2700, 0.2700],
           [0.2700, 0.2700]],

          [[0.3700, 0.3800],
           [0.3800, 0.3700]]],


         [[[0.3700, 0.3800],
           [0.3800, 0.3700]],

          [[0.0000, 0.0000],
           [0.0000, 0.0000]]]],



        [[[[0.3000, 0.3000],
           [0.3000, 0.3000]],

          [[0.4000, 0.4200],
           [0.4200, 0.4000]]],


         [[[0.4000, 0.4200],
           [0.4200, 0.4000]],

          [[0.0000, 0.0000],
           [0.0000, 0.0000]]]]], grad_fn=<RoundBackward1>)",0.99,0.5,4.0,1000,1.0,pSAGD,cib_optimization/optimize_cib.py,wCIB+penalty,fsimoes,45345caa3f2538233a03cbc3e5b71daf91a5b4d3,"gamma=0.8--bxi=0.3,by=0.4,bs=0.5",LOCAL,CIB
e09a049b4c894410a4391cab6678bc99,805718296294777617,FINISHED,mlflow-artifacts:/805718296294777617/e09a049b4c894410a4391cab6678bc99/artifacts,2025-02-04 12:14:23.636000+00:00,2025-02-04 12:14:56.873000+00:00,1.4854754209518433,2.1774556636810303,1.2501240968704224,0.0,-0.0,1.7744026184082031,0.10597611963748932,1.432581901550293,2.1179011968494272,1.843581199645996,-0.2081524133682251,-0.2081524133682251,1.7689008712768555,-0.2670678198337555,0.002093374729156494,0.0,1.4799253940582275,0.8,0.4,0.3,1.0,1e-05,10.0,"tensor([[[[[1., 1.],
           [1., 1.]],

          [[0., 0.],
           [0., 0.]]],


         [[[0., 0.],
           [0., 0.]],

          [[0., 0.],
           [0., 0.]]]],



        [[[[0., 0.],
           [0., 0.]],

          [[1., 1.],
           [1., 1.]]],


         [[[1., 1.],
           [1., 1.]],

          [[0., 0.],
           [0., 0.]]]],



        [[[[0., 0.],
           [0., 0.]],

          [[0., 0.],
           [0., 0.]]],


         [[[0., 0.],
           [0., 0.]],

          [[1., 1.],
           [0., 0.]]]],



        [[[[0., 0.],
           [0., 0.]],

          [[0., 0.],
           [0., 0.]]],


         [[[0., 0.],
           [0., 0.]],

          [[0., 0.],
           [1., 1.]]]]])","tensor([[[[[0.0000, 0.0300],
           [0.0000, 0.0600]],

          [[0.0000, 0.0000],
           [0.0000, 0.0000]]],


         [[[0.0000, 0.0000],
           [0.0000, 0.0000]],

          [[1.0000, 1.0000],
           [1.0000, 1.0000]]]],



        [[[[0.3700, 0.4200],
           [0.4300, 0.3500]],

          [[0.0100, 0.0000],
           [0.0000, 0.0100]]],


         [[[0.0100, 0.0000],
           [0.0000, 0.0100]],

          [[0.0000, 0.0000],
           [0.0000, 0.0000]]]],



        [[[[0.3700, 0.3200],
           [0.3400, 0.3500]],

          [[0.5500, 0.5600],
           [0.5500, 0.5500]]],


         [[[0.5500, 0.5500],
           [0.5500, 0.5500]],

          [[0.0000, 0.0000],
           [0.0000, 0.0000]]]],



        [[[[0.2700, 0.2300],
           [0.2400, 0.2400]],

          [[0.4400, 0.4400],
           [0.4400, 0.4400]]],


         [[[0.4400, 0.4400],
           [0.4400, 0.4400]],

          [[0.0000, 0.0000],
           [0.0000, 0.0000]]]]], grad_fn=<RoundBackward1>)",0.99,0.5,4.0,1000,1.0,pSAGD,cib_optimization/optimize_cib.py,wCIB+penalty,fsimoes,45345caa3f2538233a03cbc3e5b71daf91a5b4d3,"gamma=0.8--bxi=0.3,by=0.4,bs=0.5",LOCAL,CIB
1be76dc23ca94f9b94073439a35849e3,805718296294777617,FINISHED,mlflow-artifacts:/805718296294777617/1be76dc23ca94f9b94073439a35849e3/artifacts,2025-02-04 12:13:47.829000+00:00,2025-02-04 12:14:21.084000+00:00,1.4854754209518433,2.1774556636810303,1.4654756784439087,0.0,-0.0,1.8235270977020264,0.10048411786556244,1.432581901550293,2.4958712600802,1.884535312652588,-0.20214921236038208,-0.20214921236038208,1.8200042247772217,-0.2670678198337555,0.008162319660186768,0.0,1.4799253940582275,0.8,0.4,0.3,1.0,1e-05,10.0,"tensor([[[[[1., 1.],
           [1., 1.]],

          [[0., 0.],
           [0., 0.]]],


         [[[0., 0.],
           [0., 0.]],

          [[0., 0.],
           [0., 0.]]]],



        [[[[0., 0.],
           [0., 0.]],

          [[1., 1.],
           [1., 1.]]],


         [[[1., 1.],
           [1., 1.]],

          [[0., 0.],
           [0., 0.]]]],



        [[[[0., 0.],
           [0., 0.]],

          [[0., 0.],
           [0., 0.]]],


         [[[0., 0.],
           [0., 0.]],

          [[1., 1.],
           [0., 0.]]]],



        [[[[0., 0.],
           [0., 0.]],

          [[0., 0.],
           [0., 0.]]],


         [[[0., 0.],
           [0., 0.]],

          [[0., 0.],
           [1., 1.]]]]])","tensor([[[[[0.0600, 0.0200],
           [0.0200, 0.0000]],

          [[0.0000, 0.0000],
           [0.0000, 0.0000]]],


         [[[0.0000, 0.0000],
           [0.0000, 0.0000]],

          [[1.0000, 1.0000],
           [1.0000, 1.0000]]]],



        [[[[0.2100, 0.2100],
           [0.2100, 0.2300]],

          [[0.3000, 0.3200],
           [0.3200, 0.3000]]],


         [[[0.3000, 0.3200],
           [0.3200, 0.3000]],

          [[0.0000, 0.0000],
           [0.0000, 0.0000]]]],



        [[[[0.4000, 0.4400],
           [0.4400, 0.4200]],

          [[0.2900, 0.2600],
           [0.2600, 0.2900]]],


         [[[0.2900, 0.2600],
           [0.2600, 0.2900]],

          [[0.0000, 0.0000],
           [0.0000, 0.0000]]]],



        [[[[0.3300, 0.3300],
           [0.3300, 0.3500]],

          [[0.4100, 0.4200],
           [0.4200, 0.4100]]],


         [[[0.4100, 0.4200],
           [0.4200, 0.4100]],

          [[0.0000, 0.0000],
           [0.0000, 0.0000]]]]], grad_fn=<RoundBackward1>)",0.99,0.5,4.0,1000,1.0,pSAGD,cib_optimization/optimize_cib.py,wCIB+penalty,fsimoes,45345caa3f2538233a03cbc3e5b71daf91a5b4d3,"gamma=0.8--bxi=0.3,by=0.4,bs=0.5",LOCAL,CIB
8bbe4a3efc794116abb4089ea99ae52e,805718296294777617,FINISHED,mlflow-artifacts:/805718296294777617/8bbe4a3efc794116abb4089ea99ae52e/artifacts,2025-02-04 12:13:37.342000+00:00,2025-02-04 12:13:45.267000+00:00,1.4854754209518433,2.1774556636810303,-0.0,1.0,-0.0,1.7647833824157715,5.291502475738525,1.432581901550293,1.8422581301702916,1.399831771850586,0.30205783247947693,0.30205783247947693,1.747664213180542,0.1578446328639984,0.004580646753311157,0.0,1.4799253940582275,0.6,0.4,0.3,10000.0,1e-05,10.0,"tensor([[[[[1., 1.],
           [1., 1.]],

          [[0., 0.],
           [0., 0.]]],


         [[[0., 0.],
           [0., 0.]],

          [[0., 0.],
           [0., 0.]]]],



        [[[[0., 0.],
           [0., 0.]],

          [[1., 1.],
           [1., 1.]]],


         [[[1., 1.],
           [1., 1.]],

          [[0., 0.],
           [0., 0.]]]],



        [[[[0., 0.],
           [0., 0.]],

          [[0., 0.],
           [0., 0.]]],


         [[[0., 0.],
           [0., 0.]],

          [[1., 1.],
           [0., 0.]]]],



        [[[[0., 0.],
           [0., 0.]],

          [[0., 0.],
           [0., 0.]]],


         [[[0., 0.],
           [0., 0.]],

          [[0., 0.],
           [1., 1.]]]]])","tensor([[[[[0., 0.],
           [0., 0.]],

          [[0., 0.],
           [0., 0.]]],


         [[[0., 0.],
           [0., 0.]],

          [[1., 0.],
           [1., 1.]]]],



        [[[[0., 1.],
           [0., 1.]],

          [[1., 0.],
           [0., 0.]]],


         [[[0., 0.],
           [0., 1.]],

          [[0., 0.],
           [0., 0.]]]],



        [[[[1., 0.],
           [1., 0.]],

          [[0., 1.],
           [1., 1.]]],


         [[[1., 1.],
           [1., 0.]],

          [[0., 0.],
           [0., 0.]]]],



        [[[[0., 0.],
           [0., 0.]],

          [[0., 0.],
           [0., 0.]]],


         [[[0., 0.],
           [0., 0.]],

          [[0., 1.],
           [0., 0.]]]]])",0.99,0.5,1.5,1000,1.0,pSAGD,cib_optimization/optimize_cib.py,wCIB+penalty,fsimoes,45345caa3f2538233a03cbc3e5b71daf91a5b4d3,"gamma=0.6--bxi=0.3,by=0.4,bs=0.5",LOCAL,CIB
b5b996fe6bc64d80b58818d693e635dc,805718296294777617,FINISHED,mlflow-artifacts:/805718296294777617/b5b996fe6bc64d80b58818d693e635dc/artifacts,2025-02-04 12:13:25.071000+00:00,2025-02-04 12:13:34.832000+00:00,1.4854754209518433,2.1774556636810303,-0.0,1.0,-0.0,1.9004863500595093,5.656854152679443,1.432581901550293,2.199174493551257,1.2945821285247803,0.4670814871788025,0.4670814871788025,2.092869997024536,0.1578446328639984,0.025805294513702393,0.0,1.4799253940582275,0.6,0.4,0.3,10000.0,1e-05,10.0,"tensor([[[[[1., 1.],
           [1., 1.]],

          [[0., 0.],
           [0., 0.]]],


         [[[0., 0.],
           [0., 0.]],

          [[0., 0.],
           [0., 0.]]]],



        [[[[0., 0.],
           [0., 0.]],

          [[1., 1.],
           [1., 1.]]],


         [[[1., 1.],
           [1., 1.]],

          [[0., 0.],
           [0., 0.]]]],



        [[[[0., 0.],
           [0., 0.]],

          [[0., 0.],
           [0., 0.]]],


         [[[0., 0.],
           [0., 0.]],

          [[1., 1.],
           [0., 0.]]]],



        [[[[0., 0.],
           [0., 0.]],

          [[0., 0.],
           [0., 0.]]],


         [[[0., 0.],
           [0., 0.]],

          [[0., 0.],
           [1., 1.]]]]])","tensor([[[[[1., 1.],
           [0., 0.]],

          [[1., 1.],
           [1., 0.]]],


         [[[1., 0.],
           [0., 0.]],

          [[1., 0.],
           [0., 1.]]]],



        [[[[0., 0.],
           [1., 1.]],

          [[0., 0.],
           [0., 1.]]],


         [[[0., 1.],
           [1., 1.]],

          [[0., 0.],
           [0., 0.]]]],



        [[[[0., 0.],
           [0., 0.]],

          [[0., 0.],
           [0., 0.]]],


         [[[0., 0.],
           [0., 0.]],

          [[0., 1.],
           [0., 0.]]]],



        [[[[0., 0.],
           [0., 0.]],

          [[0., 0.],
           [0., 0.]]],


         [[[0., 0.],
           [0., 0.]],

          [[0., 0.],
           [1., 0.]]]]])",0.99,0.5,1.5,1000,1.0,pSAGD,cib_optimization/optimize_cib.py,wCIB+penalty,fsimoes,45345caa3f2538233a03cbc3e5b71daf91a5b4d3,"gamma=0.6--bxi=0.3,by=0.4,bs=0.5",LOCAL,CIB
b53957697dbc43f2b45e21947737c163,805718296294777617,FINISHED,mlflow-artifacts:/805718296294777617/b53957697dbc43f2b45e21947737c163/artifacts,2025-02-04 12:13:13.221000+00:00,2025-02-04 12:13:22.488000+00:00,1.4854754209518433,2.1774556636810303,-0.0,1.0,-0.0,1.7441545724868774,5.656854152679443,1.432581901550293,1.7632062702779283,1.3971117734909058,0.3167526125907898,0.3167526125907898,1.7739688158035278,0.1578446328639984,5.960464477539063e-08,0.0,1.4799253940582275,0.6,0.4,0.3,10000.0,1e-05,10.0,"tensor([[[[[1., 1.],
           [1., 1.]],

          [[0., 0.],
           [0., 0.]]],


         [[[0., 0.],
           [0., 0.]],

          [[0., 0.],
           [0., 0.]]]],



        [[[[0., 0.],
           [0., 0.]],

          [[1., 1.],
           [1., 1.]]],


         [[[1., 1.],
           [1., 1.]],

          [[0., 0.],
           [0., 0.]]]],



        [[[[0., 0.],
           [0., 0.]],

          [[0., 0.],
           [0., 0.]]],


         [[[0., 0.],
           [0., 0.]],

          [[1., 1.],
           [0., 0.]]]],



        [[[[0., 0.],
           [0., 0.]],

          [[0., 0.],
           [0., 0.]]],


         [[[0., 0.],
           [0., 0.]],

          [[0., 0.],
           [1., 1.]]]]])","tensor([[[[[0., 0.],
           [0., 0.]],

          [[0., 0.],
           [0., 0.]]],


         [[[0., 0.],
           [0., 0.]],

          [[1., 0.],
           [0., 1.]]]],



        [[[[1., 1.],
           [0., 1.]],

          [[0., 1.],
           [1., 0.]]],


         [[[0., 1.],
           [1., 0.]],

          [[0., 0.],
           [0., 0.]]]],



        [[[[0., 0.],
           [1., 0.]],

          [[1., 0.],
           [0., 1.]]],


         [[[1., 0.],
           [0., 1.]],

          [[0., 0.],
           [0., 0.]]]],



        [[[[0., 0.],
           [0., 0.]],

          [[0., 0.],
           [0., 0.]]],


         [[[0., 0.],
           [0., 0.]],

          [[0., 1.],
           [1., 0.]]]]])",0.99,0.5,1.5,1000,1.0,pSAGD,cib_optimization/optimize_cib.py,wCIB+penalty,fsimoes,45345caa3f2538233a03cbc3e5b71daf91a5b4d3,"gamma=0.6--bxi=0.3,by=0.4,bs=0.5",LOCAL,CIB
1fa07bd4d7594a7c8b74148c32c287cf,805718296294777617,FINISHED,mlflow-artifacts:/805718296294777617/1fa07bd4d7594a7c8b74148c32c287cf/artifacts,2025-02-04 12:12:56.645000+00:00,2025-02-04 12:13:10.645000+00:00,1.4854754209518433,2.1774556636810303,-0.0,1.0,-0.0,1.7764155864715576,5.656854152679443,1.432581901550293,1.9549326370524236,1.4044374227523804,0.3246489465236664,0.3246489465236664,1.7822456359863281,0.1578446328639984,0.0,0.0,1.4799253940582275,0.6,0.4,0.3,100.0,1e-05,10.0,"tensor([[[[[1., 1.],
           [1., 1.]],

          [[0., 0.],
           [0., 0.]]],


         [[[0., 0.],
           [0., 0.]],

          [[0., 0.],
           [0., 0.]]]],



        [[[[0., 0.],
           [0., 0.]],

          [[1., 1.],
           [1., 1.]]],


         [[[1., 1.],
           [1., 1.]],

          [[0., 0.],
           [0., 0.]]]],



        [[[[0., 0.],
           [0., 0.]],

          [[0., 0.],
           [0., 0.]]],


         [[[0., 0.],
           [0., 0.]],

          [[1., 1.],
           [0., 0.]]]],



        [[[[0., 0.],
           [0., 0.]],

          [[0., 0.],
           [0., 0.]]],


         [[[0., 0.],
           [0., 0.]],

          [[0., 0.],
           [1., 1.]]]]])","tensor([[[[[0., 0.],
           [0., 0.]],

          [[0., 0.],
           [0., 0.]]],


         [[[0., 0.],
           [0., 0.]],

          [[1., 0.],
           [1., 0.]]]],



        [[[[0., 0.],
           [0., 0.]],

          [[0., 0.],
           [0., 0.]]],


         [[[0., 0.],
           [0., 0.]],

          [[0., 1.],
           [0., 1.]]]],



        [[[[0., 1.],
           [1., 0.]],

          [[0., 1.],
           [0., 1.]]],


         [[[0., 1.],
           [0., 0.]],

          [[0., 0.],
           [0., 0.]]]],



        [[[[1., 0.],
           [0., 1.]],

          [[1., 0.],
           [1., 0.]]],


         [[[1., 0.],
           [1., 1.]],

          [[0., 0.],
           [0., 0.]]]]])",0.99,0.5,1.5,1000,1.0,pSAGD,cib_optimization/optimize_cib.py,wCIB+penalty,fsimoes,45345caa3f2538233a03cbc3e5b71daf91a5b4d3,"gamma=0.6--bxi=0.3,by=0.4,bs=0.5",LOCAL,CIB
e3f9afed551140919bd51061871566f3,805718296294777617,FINISHED,mlflow-artifacts:/805718296294777617/e3f9afed551140919bd51061871566f3/artifacts,2025-02-04 12:12:41.357000+00:00,2025-02-04 12:12:54.114000+00:00,1.4854754209518433,2.1774556636810303,-0.0,1.0,-0.0,1.950951099395752,5.339102745056152,1.432581901550293,2.474545258228586,1.6843209266662598,0.6718009114265442,0.6718009114265442,2.174243211746216,0.1578446328639984,0.3110542297363281,0.0,1.4799253940582275,0.6,0.4,0.3,100.0,1e-05,10.0,"tensor([[[[[1., 1.],
           [1., 1.]],

          [[0., 0.],
           [0., 0.]]],


         [[[0., 0.],
           [0., 0.]],

          [[0., 0.],
           [0., 0.]]]],



        [[[[0., 0.],
           [0., 0.]],

          [[1., 1.],
           [1., 1.]]],


         [[[1., 1.],
           [1., 1.]],

          [[0., 0.],
           [0., 0.]]]],



        [[[[0., 0.],
           [0., 0.]],

          [[0., 0.],
           [0., 0.]]],


         [[[0., 0.],
           [0., 0.]],

          [[1., 1.],
           [0., 0.]]]],



        [[[[0., 0.],
           [0., 0.]],

          [[0., 0.],
           [0., 0.]]],


         [[[0., 0.],
           [0., 0.]],

          [[0., 0.],
           [1., 1.]]]]])","tensor([[[[[0.0000, 0.0000],
           [0.0000, 0.0000]],

          [[0.0000, 0.0000],
           [0.0000, 0.0000]]],


         [[[0.0000, 0.0000],
           [0.0000, 0.0000]],

          [[1.0000, 0.0000],
           [0.0000, 0.0000]]]],



        [[[[0.6300, 0.9500],
           [0.9500, 0.0000]],

          [[0.8000, 0.9400],
           [0.9400, 0.0000]]],


         [[[0.0000, 0.7800],
           [0.0000, 0.0000]],

          [[0.0000, 0.0000],
           [0.0000, 0.0000]]]],



        [[[[0.3700, 0.0000],
           [0.0000, 0.8900]],

          [[0.2000, 0.0000],
           [0.0000, 0.6700]]],


         [[[0.6700, 0.2200],
           [0.6700, 0.6700]],

          [[0.0000, 0.0000],
           [0.0000, 1.0000]]]],



        [[[[0.0000, 0.0500],
           [0.0500, 0.1100]],

          [[0.0000, 0.0600],
           [0.0600, 0.3300]]],


         [[[0.3300, 0.0000],
           [0.3300, 0.3300]],

          [[0.0000, 1.0000],
           [1.0000, 0.0000]]]]])",0.99,0.5,1.5,1000,1.0,pSAGD,cib_optimization/optimize_cib.py,wCIB+penalty,fsimoes,45345caa3f2538233a03cbc3e5b71daf91a5b4d3,"gamma=0.6--bxi=0.3,by=0.4,bs=0.5",LOCAL,CIB
26b30cbeac39491ab0c5f1132ec04543,805718296294777617,FINISHED,mlflow-artifacts:/805718296294777617/26b30cbeac39491ab0c5f1132ec04543/artifacts,2025-02-04 12:12:24.817000+00:00,2025-02-04 12:12:38.829000+00:00,1.4854754209518433,2.1774556636810303,-0.0,1.0,-0.0,1.8604676723480225,5.397483825683594,1.432581901550293,2.149140119743639,1.7193483114242554,0.5842074751853943,0.5842074751853943,2.0049026012420654,0.1578446328639984,0.1946811079978943,0.0,1.4799253940582275,0.6,0.4,0.3,100.0,1e-05,10.0,"tensor([[[[[1., 1.],
           [1., 1.]],

          [[0., 0.],
           [0., 0.]]],


         [[[0., 0.],
           [0., 0.]],

          [[0., 0.],
           [0., 0.]]]],



        [[[[0., 0.],
           [0., 0.]],

          [[1., 1.],
           [1., 1.]]],


         [[[1., 1.],
           [1., 1.]],

          [[0., 0.],
           [0., 0.]]]],



        [[[[0., 0.],
           [0., 0.]],

          [[0., 0.],
           [0., 0.]]],


         [[[0., 0.],
           [0., 0.]],

          [[1., 1.],
           [0., 0.]]]],



        [[[[0., 0.],
           [0., 0.]],

          [[0., 0.],
           [0., 0.]]],


         [[[0., 0.],
           [0., 0.]],

          [[0., 0.],
           [1., 1.]]]]])","tensor([[[[[0.0000, 1.0000],
           [1.0000, 1.0000]],

          [[0.0000, 0.8500],
           [0.0000, 0.8000]]],


         [[[0.8000, 0.5700],
           [0.8500, 0.0000]],

          [[0.0000, 0.0000],
           [0.0000, 0.0000]]]],



        [[[[1.0000, 0.0000],
           [0.0000, 0.0000]],

          [[0.3300, 0.1500],
           [0.2200, 0.2000]]],


         [[[0.2000, 0.0000],
           [0.1500, 0.3300]],

          [[1.0000, 0.0000],
           [1.0000, 0.0000]]]],



        [[[[0.0000, 0.0000],
           [0.0000, 0.0000]],

          [[0.0000, 0.0000],
           [0.0000, 0.0000]]],


         [[[0.0000, 0.0000],
           [0.0000, 0.0000]],

          [[0.0000, 1.0000],
           [0.0000, 1.0000]]]],



        [[[[0.0000, 0.0000],
           [0.0000, 0.0000]],

          [[0.6700, 0.0000],
           [0.7800, 0.0000]]],


         [[[0.0000, 0.4300],
           [0.0000, 0.6700]],

          [[0.0000, 0.0000],
           [0.0000, 0.0000]]]]])",0.99,0.5,1.5,1000,1.0,pSAGD,cib_optimization/optimize_cib.py,wCIB+penalty,fsimoes,45345caa3f2538233a03cbc3e5b71daf91a5b4d3,"gamma=0.6--bxi=0.3,by=0.4,bs=0.5",LOCAL,CIB
2bb039a0c2c5498abf0882a621613896,805718296294777617,FINISHED,mlflow-artifacts:/805718296294777617/2bb039a0c2c5498abf0882a621613896/artifacts,2025-02-04 12:11:49.296000+00:00,2025-02-04 12:12:22.260000+00:00,1.4854754209518433,2.1774556636810303,1.0355074405670166,0.0,-0.0,2.0454587936401367,2.864611864089966,1.432581901550293,3.0041949247036106,1.8688740730285645,0.3729774057865143,0.3729774057865143,2.243506908416748,0.1578446328639984,-0.026255935430526733,0.0,1.4799253940582275,0.6,0.4,0.3,10.0,1e-05,10.0,"tensor([[[[[1., 1.],
           [1., 1.]],

          [[0., 0.],
           [0., 0.]]],


         [[[0., 0.],
           [0., 0.]],

          [[0., 0.],
           [0., 0.]]]],



        [[[[0., 0.],
           [0., 0.]],

          [[1., 1.],
           [1., 1.]]],


         [[[1., 1.],
           [1., 1.]],

          [[0., 0.],
           [0., 0.]]]],



        [[[[0., 0.],
           [0., 0.]],

          [[0., 0.],
           [0., 0.]]],


         [[[0., 0.],
           [0., 0.]],

          [[1., 1.],
           [0., 0.]]]],



        [[[[0., 0.],
           [0., 0.]],

          [[0., 0.],
           [0., 0.]]],


         [[[0., 0.],
           [0., 0.]],

          [[0., 0.],
           [1., 1.]]]]])","tensor([[[[[0.5700, 0.0000],
           [0.4900, 0.0000]],

          [[0.0000, 0.1600],
           [0.1600, 0.0000]]],


         [[[0.0000, 0.1600],
           [0.1600, 0.5100]],

          [[0.0000, 0.0000],
           [0.0000, 0.0000]]]],



        [[[[0.0000, 0.0000],
           [0.5100, 0.0000]],

          [[0.5300, 0.1500],
           [0.1500, 0.5300]]],


         [[[0.0000, 0.1500],
           [0.1500, 0.0000]],

          [[0.0000, 0.0000],
           [0.0000, 0.0000]]]],



        [[[[0.0000, 0.5800],
           [0.0000, 0.5700]],

          [[0.0000, 0.1600],
           [0.1600, 0.0000]]],


         [[[0.5300, 0.1600],
           [0.1600, 0.4900]],

          [[0.0000, 0.0000],
           [0.0000, 0.0000]]]],



        [[[[0.4300, 0.4200],
           [0.0000, 0.4300]],

          [[0.4700, 0.5300],
           [0.5300, 0.4700]]],


         [[[0.4700, 0.5300],
           [0.5300, 0.0000]],

          [[1.0000, 1.0000],
           [1.0000, 1.0000]]]]], grad_fn=<RoundBackward1>)",0.99,0.5,1.5,1000,1.0,pSAGD,cib_optimization/optimize_cib.py,wCIB+penalty,fsimoes,45345caa3f2538233a03cbc3e5b71daf91a5b4d3,"gamma=0.6--bxi=0.3,by=0.4,bs=0.5",LOCAL,CIB
b23f0a8d00304919a77f02380b3bbb9a,805718296294777617,FINISHED,mlflow-artifacts:/805718296294777617/b23f0a8d00304919a77f02380b3bbb9a/artifacts,2025-02-04 12:11:22.605000+00:00,2025-02-04 12:11:46.606000+00:00,1.4854754209518433,2.1774556636810303,0.8696190714836121,1.0,-0.0,2.0151851177215576,3.133801221847534,1.432581901550293,2.913237343846025,1.9260375499725342,0.37454310059547424,0.37454310059547424,2.0974152088165283,0.1578446328639984,0.10595324635505676,0.0,1.4799253940582275,0.6,0.4,0.3,10.0,1e-05,10.0,"tensor([[[[[1., 1.],
           [1., 1.]],

          [[0., 0.],
           [0., 0.]]],


         [[[0., 0.],
           [0., 0.]],

          [[0., 0.],
           [0., 0.]]]],



        [[[[0., 0.],
           [0., 0.]],

          [[1., 1.],
           [1., 1.]]],


         [[[1., 1.],
           [1., 1.]],

          [[0., 0.],
           [0., 0.]]]],



        [[[[0., 0.],
           [0., 0.]],

          [[0., 0.],
           [0., 0.]]],


         [[[0., 0.],
           [0., 0.]],

          [[1., 1.],
           [0., 0.]]]],



        [[[[0., 0.],
           [0., 0.]],

          [[0., 0.],
           [0., 0.]]],


         [[[0., 0.],
           [0., 0.]],

          [[0., 0.],
           [1., 1.]]]]])","tensor([[[[[0.0000, 0.0000],
           [0.5400, 0.0000]],

          [[0.0000, 0.2900],
           [0.0000, 0.4100]]],


         [[[0.4100, 0.2900],
           [0.2900, 0.0000]],

          [[0.0000, 0.0000],
           [0.0000, 0.0000]]]],



        [[[[0.5400, 0.0000],
           [0.0000, 0.0000]],

          [[0.0000, 0.0700],
           [0.4300, 0.2700]]],


         [[[0.2700, 0.0700],
           [0.0700, 0.0000]],

          [[1.0000, 1.0000],
           [1.0000, 1.0000]]]],



        [[[[0.4600, 0.4500],
           [0.0000, 0.4300]],

          [[0.4600, 0.2300],
           [0.0000, 0.3200]]],


         [[[0.3200, 0.2300],
           [0.2300, 0.4600]],

          [[0.0000, 0.0000],
           [0.0000, 0.0000]]]],



        [[[[0.0000, 0.5500],
           [0.4600, 0.5700]],

          [[0.5400, 0.4100],
           [0.5700, 0.0000]]],


         [[[0.0000, 0.4100],
           [0.4100, 0.5400]],

          [[0.0000, 0.0000],
           [0.0000, 0.0000]]]]])",0.99,0.5,1.5,1000,1.0,pSAGD,cib_optimization/optimize_cib.py,wCIB+penalty,fsimoes,45345caa3f2538233a03cbc3e5b71daf91a5b4d3,"gamma=0.6--bxi=0.3,by=0.4,bs=0.5",LOCAL,CIB
79b344f497df4015a4152c0e7968b1c3,805718296294777617,FINISHED,mlflow-artifacts:/805718296294777617/79b344f497df4015a4152c0e7968b1c3/artifacts,2025-02-04 12:10:45.328000+00:00,2025-02-04 12:11:20.022000+00:00,1.4854754209518433,2.1774556636810303,1.0185694694519043,0.0,-0.0,1.9580621719360352,3.113753080368042,1.432581901550293,2.8879627030528776,1.9855035543441772,0.30156680941581726,0.30156680941581726,2.0354442596435547,0.1578446328639984,-0.07435086369514465,0.0,1.4799253940582275,0.6,0.4,0.3,10.0,1e-05,10.0,"tensor([[[[[1., 1.],
           [1., 1.]],

          [[0., 0.],
           [0., 0.]]],


         [[[0., 0.],
           [0., 0.]],

          [[0., 0.],
           [0., 0.]]]],



        [[[[0., 0.],
           [0., 0.]],

          [[1., 1.],
           [1., 1.]]],


         [[[1., 1.],
           [1., 1.]],

          [[0., 0.],
           [0., 0.]]]],



        [[[[0., 0.],
           [0., 0.]],

          [[0., 0.],
           [0., 0.]]],


         [[[0., 0.],
           [0., 0.]],

          [[1., 1.],
           [0., 0.]]]],



        [[[[0., 0.],
           [0., 0.]],

          [[0., 0.],
           [0., 0.]]],


         [[[0., 0.],
           [0., 0.]],

          [[0., 0.],
           [1., 1.]]]]])","tensor([[[[[0.4800, 0.4800],
           [0.0000, 0.5600]],

          [[0.4900, 0.2900],
           [0.2900, 0.5600]]],


         [[[0.0000, 0.0000],
           [0.2900, 0.0000]],

          [[0.0000, 0.0000],
           [0.0000, 0.0000]]]],



        [[[[0.5200, 0.0000],
           [0.3800, 0.0000]],

          [[0.0000, 0.2600],
           [0.2600, 0.0000]]],


         [[[0.0000, 0.7700],
           [0.2600, 0.5000]],

          [[0.0000, 0.0000],
           [0.0000, 0.0000]]]],



        [[[[0.0000, 0.5200],
           [0.3900, 0.0000]],

          [[0.5100, 0.3100],
           [0.3100, 0.0000]]],


         [[[1.0000, 0.2300],
           [0.3100, 0.5000]],

          [[0.0000, 0.0000],
           [0.0000, 0.0000]]]],



        [[[[0.0000, 0.0000],
           [0.2300, 0.4400]],

          [[0.0000, 0.1400],
           [0.1400, 0.4400]]],


         [[[0.0000, 0.0000],
           [0.1400, 0.0000]],

          [[1.0000, 1.0000],
           [1.0000, 1.0000]]]]], grad_fn=<RoundBackward1>)",0.99,0.5,1.5,1000,1.0,pSAGD,cib_optimization/optimize_cib.py,wCIB+penalty,fsimoes,45345caa3f2538233a03cbc3e5b71daf91a5b4d3,"gamma=0.6--bxi=0.3,by=0.4,bs=0.5",LOCAL,CIB
39bfc4c97f47420491405ad274f1b30b,805718296294777617,FINISHED,mlflow-artifacts:/805718296294777617/39bfc4c97f47420491405ad274f1b30b/artifacts,2025-02-04 12:10:08.505000+00:00,2025-02-04 12:10:42.769000+00:00,1.4854754209518433,2.1774556636810303,1.478623628616333,0.0,-0.0,1.831567406654358,0.07071426510810852,1.432581901550293,2.527972847644862,1.8684968948364258,-0.05517095327377319,-0.05517095327377319,1.825588583946228,0.1578446328639984,-0.008591681718826294,0.0,1.4799253940582275,0.6,0.4,0.3,1.0,1e-05,10.0,"tensor([[[[[1., 1.],
           [1., 1.]],

          [[0., 0.],
           [0., 0.]]],


         [[[0., 0.],
           [0., 0.]],

          [[0., 0.],
           [0., 0.]]]],



        [[[[0., 0.],
           [0., 0.]],

          [[1., 1.],
           [1., 1.]]],


         [[[1., 1.],
           [1., 1.]],

          [[0., 0.],
           [0., 0.]]]],



        [[[[0., 0.],
           [0., 0.]],

          [[0., 0.],
           [0., 0.]]],


         [[[0., 0.],
           [0., 0.]],

          [[1., 1.],
           [0., 0.]]]],



        [[[[0., 0.],
           [0., 0.]],

          [[0., 0.],
           [0., 0.]]],


         [[[0., 0.],
           [0., 0.]],

          [[0., 0.],
           [1., 1.]]]]])","tensor([[[[[0.0300, 0.0100],
           [0.0100, 0.0300]],

          [[0.0100, 0.0000],
           [0.0000, 0.0100]]],


         [[[0.0100, 0.0000],
           [0.0000, 0.0100]],

          [[1.0000, 1.0000],
           [1.0000, 1.0000]]]],



        [[[[0.2300, 0.2300],
           [0.2300, 0.2300]],

          [[0.2300, 0.2300],
           [0.2300, 0.2300]]],


         [[[0.2300, 0.2300],
           [0.2300, 0.2300]],

          [[0.0000, 0.0000],
           [0.0000, 0.0000]]]],



        [[[[0.3600, 0.3600],
           [0.3600, 0.3600]],

          [[0.3700, 0.3700],
           [0.3700, 0.3700]]],


         [[[0.3700, 0.3700],
           [0.3700, 0.3700]],

          [[0.0000, 0.0000],
           [0.0000, 0.0000]]]],



        [[[[0.3800, 0.3900],
           [0.3900, 0.3800]],

          [[0.4000, 0.4000],
           [0.4000, 0.4000]]],


         [[[0.4000, 0.4000],
           [0.4000, 0.4000]],

          [[0.0000, 0.0000],
           [0.0000, 0.0000]]]]], grad_fn=<RoundBackward1>)",0.99,0.5,1.5,1000,1.0,pSAGD,cib_optimization/optimize_cib.py,wCIB+penalty,fsimoes,45345caa3f2538233a03cbc3e5b71daf91a5b4d3,"gamma=0.6--bxi=0.3,by=0.4,bs=0.5",LOCAL,CIB
4295e53e6ba848b482e681ed99917d2f,805718296294777617,FINISHED,mlflow-artifacts:/805718296294777617/4295e53e6ba848b482e681ed99917d2f/artifacts,2025-02-04 12:09:32.644000+00:00,2025-02-04 12:10:05.946000+00:00,1.4854754209518433,2.1774556636810303,1.458762288093567,0.0,-0.0,1.8519597053527832,0.23300474882125854,1.432581901550293,2.519586491494358,1.835483431816101,-0.016136080026626587,-0.016136080026626587,1.8994147777557373,0.1578446328639984,0.04258576035499573,0.0,1.4799253940582275,0.6,0.4,0.3,1.0,1e-05,10.0,"tensor([[[[[1., 1.],
           [1., 1.]],

          [[0., 0.],
           [0., 0.]]],


         [[[0., 0.],
           [0., 0.]],

          [[0., 0.],
           [0., 0.]]]],



        [[[[0., 0.],
           [0., 0.]],

          [[1., 1.],
           [1., 1.]]],


         [[[1., 1.],
           [1., 1.]],

          [[0., 0.],
           [0., 0.]]]],



        [[[[0., 0.],
           [0., 0.]],

          [[0., 0.],
           [0., 0.]]],


         [[[0., 0.],
           [0., 0.]],

          [[1., 1.],
           [0., 0.]]]],



        [[[[0., 0.],
           [0., 0.]],

          [[0., 0.],
           [0., 0.]]],


         [[[0., 0.],
           [0., 0.]],

          [[0., 0.],
           [1., 1.]]]]])","tensor([[[[[0.0000, 0.0000],
           [0.0000, 0.0000]],

          [[0.0900, 0.0400],
           [0.0400, 0.0900]]],


         [[[0.0900, 0.0400],
           [0.0400, 0.0900]],

          [[1.0000, 1.0000],
           [1.0000, 1.0000]]]],



        [[[[0.2200, 0.2300],
           [0.2300, 0.2200]],

          [[0.1900, 0.2000],
           [0.2000, 0.1900]]],


         [[[0.1900, 0.2000],
           [0.2000, 0.1900]],

          [[0.0000, 0.0000],
           [0.0000, 0.0000]]]],



        [[[[0.2700, 0.2800],
           [0.2800, 0.2700]],

          [[0.2400, 0.2600],
           [0.2600, 0.2400]]],


         [[[0.2400, 0.2600],
           [0.2600, 0.2400]],

          [[0.0000, 0.0000],
           [0.0000, 0.0000]]]],



        [[[[0.5000, 0.5000],
           [0.5000, 0.5000]],

          [[0.4800, 0.5000],
           [0.5000, 0.4800]]],


         [[[0.4800, 0.5000],
           [0.5000, 0.4800]],

          [[0.0000, 0.0000],
           [0.0000, 0.0000]]]]], grad_fn=<RoundBackward1>)",0.99,0.5,1.5,1000,1.0,pSAGD,cib_optimization/optimize_cib.py,wCIB+penalty,fsimoes,45345caa3f2538233a03cbc3e5b71daf91a5b4d3,"gamma=0.6--bxi=0.3,by=0.4,bs=0.5",LOCAL,CIB
9103e1d244f34d16a94943640b12aac3,805718296294777617,FINISHED,mlflow-artifacts:/805718296294777617/9103e1d244f34d16a94943640b12aac3/artifacts,2025-02-04 12:08:57.017000+00:00,2025-02-04 12:09:30.108000+00:00,1.4854754209518433,2.1774556636810303,1.5980879068374634,0.0,-0.0,1.8921120166778564,0.07042383402585983,1.432581901550293,2.696818874304805,1.9387648105621338,-0.03671763837337494,-0.03671763837337494,1.8891416788101196,0.1578446328639984,-0.009752094745635986,0.0,1.4799253940582275,0.6,0.4,0.3,1.0,1e-05,10.0,"tensor([[[[[1., 1.],
           [1., 1.]],

          [[0., 0.],
           [0., 0.]]],


         [[[0., 0.],
           [0., 0.]],

          [[0., 0.],
           [0., 0.]]]],



        [[[[0., 0.],
           [0., 0.]],

          [[1., 1.],
           [1., 1.]]],


         [[[1., 1.],
           [1., 1.]],

          [[0., 0.],
           [0., 0.]]]],



        [[[[0., 0.],
           [0., 0.]],

          [[0., 0.],
           [0., 0.]]],


         [[[0., 0.],
           [0., 0.]],

          [[1., 1.],
           [0., 0.]]]],



        [[[[0., 0.],
           [0., 0.]],

          [[0., 0.],
           [0., 0.]]],


         [[[0., 0.],
           [0., 0.]],

          [[0., 0.],
           [1., 1.]]]]])","tensor([[[[[0.1000, 0.0600],
           [0.0600, 0.1000]],

          [[0.0100, 0.0000],
           [0.0000, 0.0100]]],


         [[[0.0100, 0.0000],
           [0.0000, 0.0100]],

          [[1.0000, 1.0000],
           [1.0000, 1.0000]]]],



        [[[[0.3200, 0.3400],
           [0.3400, 0.3200]],

          [[0.3600, 0.3600],
           [0.3600, 0.3600]]],


         [[[0.3600, 0.3600],
           [0.3600, 0.3600]],

          [[0.0000, 0.0000],
           [0.0000, 0.0000]]]],



        [[[[0.2900, 0.3100],
           [0.3100, 0.2900]],

          [[0.3200, 0.3300],
           [0.3300, 0.3200]]],


         [[[0.3200, 0.3300],
           [0.3300, 0.3200]],

          [[0.0000, 0.0000],
           [0.0000, 0.0000]]]],



        [[[[0.2800, 0.2900],
           [0.2900, 0.2800]],

          [[0.3100, 0.3100],
           [0.3100, 0.3100]]],


         [[[0.3100, 0.3100],
           [0.3100, 0.3100]],

          [[0.0000, 0.0000],
           [0.0000, 0.0000]]]]], grad_fn=<RoundBackward1>)",0.99,0.5,1.5,1000,1.0,pSAGD,cib_optimization/optimize_cib.py,wCIB+penalty,fsimoes,45345caa3f2538233a03cbc3e5b71daf91a5b4d3,"gamma=0.6--bxi=0.3,by=0.4,bs=0.5",LOCAL,CIB
e445e7236d7d4a468a306f060c9fe6f4,805718296294777617,FINISHED,mlflow-artifacts:/805718296294777617/e445e7236d7d4a468a306f060c9fe6f4/artifacts,2025-02-04 12:08:41.176000+00:00,2025-02-04 12:08:54.496000+00:00,1.4854754209518433,2.1774556636810303,-0.0,1.0,-0.0,1.8972196578979492,5.656854152679443,1.432581901550293,2.0596556880072994,1.3178893327713013,0.700226902961731,0.700226902961731,1.9511888027191162,0.5827570557594299,-0.01758873462677002,0.0,1.4799253940582275,0.4,0.4,0.3,10000.0,1e-05,10.0,"tensor([[[[[1., 1.],
           [1., 1.]],

          [[0., 0.],
           [0., 0.]]],


         [[[0., 0.],
           [0., 0.]],

          [[0., 0.],
           [0., 0.]]]],



        [[[[0., 0.],
           [0., 0.]],

          [[1., 1.],
           [1., 1.]]],


         [[[1., 1.],
           [1., 1.]],

          [[0., 0.],
           [0., 0.]]]],



        [[[[0., 0.],
           [0., 0.]],

          [[0., 0.],
           [0., 0.]]],


         [[[0., 0.],
           [0., 0.]],

          [[1., 1.],
           [0., 0.]]]],



        [[[[0., 0.],
           [0., 0.]],

          [[0., 0.],
           [0., 0.]]],


         [[[0., 0.],
           [0., 0.]],

          [[0., 0.],
           [1., 1.]]]]])","tensor([[[[[1., 1.],
           [0., 0.]],

          [[1., 0.],
           [1., 1.]]],


         [[[1., 1.],
           [0., 0.]],

          [[0., 0.],
           [0., 1.]]]],



        [[[[0., 0.],
           [0., 0.]],

          [[0., 0.],
           [0., 0.]]],


         [[[0., 0.],
           [0., 0.]],

          [[1., 0.],
           [1., 0.]]]],



        [[[[0., 0.],
           [0., 0.]],

          [[0., 0.],
           [0., 0.]]],


         [[[0., 0.],
           [0., 0.]],

          [[0., 1.],
           [0., 0.]]]],



        [[[[0., 0.],
           [1., 1.]],

          [[0., 1.],
           [0., 0.]]],


         [[[0., 0.],
           [1., 1.]],

          [[0., 0.],
           [0., 0.]]]]])",0.99,0.5,0.6666666269302368,1000,1.0,pSAGD,cib_optimization/optimize_cib.py,wCIB+penalty,fsimoes,45345caa3f2538233a03cbc3e5b71daf91a5b4d3,"gamma=0.4--bxi=0.3,by=0.4,bs=0.5",LOCAL,CIB
b5dfe900c62f42d3992f3afd6d7a4779,805718296294777617,FINISHED,mlflow-artifacts:/805718296294777617/b5dfe900c62f42d3992f3afd6d7a4779/artifacts,2025-02-04 12:08:30.741000+00:00,2025-02-04 12:08:38.636000+00:00,1.4854754209518433,2.1774556636810303,-0.0,1.0,-0.0,1.8860429525375366,5.656854152679443,1.432581901550293,2.0223948133473977,1.3218919038772583,0.6960861086845398,0.6960861086845398,1.93483304977417,0.5827570557594299,-0.01897597312927246,0.0,1.4799253940582275,0.4,0.4,0.3,10000.0,1e-05,10.0,"tensor([[[[[1., 1.],
           [1., 1.]],

          [[0., 0.],
           [0., 0.]]],


         [[[0., 0.],
           [0., 0.]],

          [[0., 0.],
           [0., 0.]]]],



        [[[[0., 0.],
           [0., 0.]],

          [[1., 1.],
           [1., 1.]]],


         [[[1., 1.],
           [1., 1.]],

          [[0., 0.],
           [0., 0.]]]],



        [[[[0., 0.],
           [0., 0.]],

          [[0., 0.],
           [0., 0.]]],


         [[[0., 0.],
           [0., 0.]],

          [[1., 1.],
           [0., 0.]]]],



        [[[[0., 0.],
           [0., 0.]],

          [[0., 0.],
           [0., 0.]]],


         [[[0., 0.],
           [0., 0.]],

          [[0., 0.],
           [1., 1.]]]]])","tensor([[[[[1., 1.],
           [0., 0.]],

          [[1., 0.],
           [1., 1.]]],


         [[[1., 0.],
           [0., 1.]],

          [[0., 0.],
           [0., 0.]]]],



        [[[[0., 0.],
           [0., 0.]],

          [[0., 0.],
           [0., 0.]]],


         [[[0., 0.],
           [0., 0.]],

          [[0., 1.],
           [0., 0.]]]],



        [[[[0., 0.],
           [1., 1.]],

          [[0., 1.],
           [0., 0.]]],


         [[[0., 1.],
           [1., 0.]],

          [[0., 0.],
           [0., 1.]]]],



        [[[[0., 0.],
           [0., 0.]],

          [[0., 0.],
           [0., 0.]]],


         [[[0., 0.],
           [0., 0.]],

          [[1., 0.],
           [1., 0.]]]]])",0.99,0.5,0.6666666269302368,1000,1.0,pSAGD,cib_optimization/optimize_cib.py,wCIB+penalty,fsimoes,45345caa3f2538233a03cbc3e5b71daf91a5b4d3,"gamma=0.4--bxi=0.3,by=0.4,bs=0.5",LOCAL,CIB
6d55a6325a0841b39a11b3b7576b5dbf,805718296294777617,FINISHED,mlflow-artifacts:/805718296294777617/6d55a6325a0841b39a11b3b7576b5dbf/artifacts,2025-02-04 12:08:13.341000+00:00,2025-02-04 12:08:27.940000+00:00,1.4854754209518433,2.1774556636810303,-0.0,1.0,-0.0,1.9622118473052979,5.656854152679443,1.432581901550293,1.8377607019647137,1.3112139701843262,0.8023142218589783,0.8023142218589783,2.2164201736450195,0.5827570557594299,-0.1574503779411316,0.0,1.4799253940582275,0.4,0.4,0.3,10000.0,1e-05,10.0,"tensor([[[[[1., 1.],
           [1., 1.]],

          [[0., 0.],
           [0., 0.]]],


         [[[0., 0.],
           [0., 0.]],

          [[0., 0.],
           [0., 0.]]]],



        [[[[0., 0.],
           [0., 0.]],

          [[1., 1.],
           [1., 1.]]],


         [[[1., 1.],
           [1., 1.]],

          [[0., 0.],
           [0., 0.]]]],



        [[[[0., 0.],
           [0., 0.]],

          [[0., 0.],
           [0., 0.]]],


         [[[0., 0.],
           [0., 0.]],

          [[1., 1.],
           [0., 0.]]]],



        [[[[0., 0.],
           [0., 0.]],

          [[0., 0.],
           [0., 0.]]],


         [[[0., 0.],
           [0., 0.]],

          [[0., 0.],
           [1., 1.]]]]])","tensor([[[[[0., 0.],
           [0., 0.]],

          [[0., 0.],
           [0., 0.]]],


         [[[1., 0.],
           [1., 1.]],

          [[0., 0.],
           [0., 1.]]]],



        [[[[1., 1.],
           [0., 1.]],

          [[1., 1.],
           [1., 1.]]],


         [[[0., 1.],
           [0., 0.]],

          [[0., 1.],
           [1., 0.]]]],



        [[[[0., 0.],
           [1., 0.]],

          [[0., 0.],
           [0., 0.]]],


         [[[0., 0.],
           [0., 0.]],

          [[0., 0.],
           [0., 0.]]]],



        [[[[0., 0.],
           [0., 0.]],

          [[0., 0.],
           [0., 0.]]],


         [[[0., 0.],
           [0., 0.]],

          [[1., 0.],
           [0., 0.]]]]])",0.99,0.5,0.6666666269302368,1000,1.0,pSAGD,cib_optimization/optimize_cib.py,wCIB+penalty,fsimoes,45345caa3f2538233a03cbc3e5b71daf91a5b4d3,"gamma=0.4--bxi=0.3,by=0.4,bs=0.5",LOCAL,CIB
8f0fa28dcfcc4185bb344f387c8002c4,805718296294777617,FINISHED,mlflow-artifacts:/805718296294777617/8f0fa28dcfcc4185bb344f387c8002c4/artifacts,2025-02-04 12:07:58.236000+00:00,2025-02-04 12:08:10.786000+00:00,1.4854754209518433,2.1774556636810303,-0.0,1.0,-0.0,1.923600435256958,5.156211853027344,1.432581901550293,2.106454724222086,1.8331400156021118,1.1400490999221802,1.1400490999221802,2.2778682708740234,0.5827570557594299,0.5556191802024841,0.0,1.4799253940582275,0.4,0.4,0.3,100.0,1e-05,10.0,"tensor([[[[[1., 1.],
           [1., 1.]],

          [[0., 0.],
           [0., 0.]]],


         [[[0., 0.],
           [0., 0.]],

          [[0., 0.],
           [0., 0.]]]],



        [[[[0., 0.],
           [0., 0.]],

          [[1., 1.],
           [1., 1.]]],


         [[[1., 1.],
           [1., 1.]],

          [[0., 0.],
           [0., 0.]]]],



        [[[[0., 0.],
           [0., 0.]],

          [[0., 0.],
           [0., 0.]]],


         [[[0., 0.],
           [0., 0.]],

          [[1., 1.],
           [0., 0.]]]],



        [[[[0., 0.],
           [0., 0.]],

          [[0., 0.],
           [0., 0.]]],


         [[[0., 0.],
           [0., 0.]],

          [[0., 0.],
           [1., 1.]]]]])","tensor([[[[[1.0000, 0.0000],
           [1.0000, 1.0000]],

          [[0.4300, 0.4900],
           [0.0000, 0.4300]]],


         [[[0.2900, 0.0000],
           [0.0000, 0.4300]],

          [[0.0000, 0.0000],
           [0.0000, 0.4300]]]],



        [[[[0.0000, 0.0000],
           [0.0000, 0.0000]],

          [[0.0000, 0.0000],
           [0.0000, 0.0000]]],


         [[[0.0000, 0.0000],
           [0.0000, 0.0000]],

          [[0.0000, 1.0000],
           [0.2900, 0.2300]]]],



        [[[[0.0000, 1.0000],
           [0.0000, 0.0000]],

          [[0.5700, 0.5100],
           [0.5200, 0.5700]]],


         [[[0.4400, 0.5200],
           [0.5200, 0.5700]],

          [[0.0000, 0.0000],
           [0.4400, 0.0000]]]],



        [[[[0.0000, 0.0000],
           [0.0000, 0.0000]],

          [[0.0000, 0.0000],
           [0.4800, 0.0000]]],


         [[[0.2700, 0.4800],
           [0.4800, 0.0000]],

          [[1.0000, 0.0000],
           [0.2700, 0.3400]]]]])",0.99,0.5,0.6666666269302368,1000,1.0,pSAGD,cib_optimization/optimize_cib.py,wCIB+penalty,fsimoes,45345caa3f2538233a03cbc3e5b71daf91a5b4d3,"gamma=0.4--bxi=0.3,by=0.4,bs=0.5",LOCAL,CIB
6e8b2126a54b42f19c693328022be15a,805718296294777617,FINISHED,mlflow-artifacts:/805718296294777617/6e8b2126a54b42f19c693328022be15a/artifacts,2025-02-04 12:07:41.911000+00:00,2025-02-04 12:07:55.680000+00:00,1.4854754209518433,2.1774556636810303,-0.0,1.0,-0.0,1.8139568567276,5.2556471824646,1.432581901550293,2.527183602208397,1.8152225017547607,0.9850035905838013,0.9850035905838013,1.917130947113037,0.5827570557594299,0.4336966276168823,0.0,1.4799253940582275,0.4,0.4,0.3,100.0,1e-05,10.0,"tensor([[[[[1., 1.],
           [1., 1.]],

          [[0., 0.],
           [0., 0.]]],


         [[[0., 0.],
           [0., 0.]],

          [[0., 0.],
           [0., 0.]]]],



        [[[[0., 0.],
           [0., 0.]],

          [[1., 1.],
           [1., 1.]]],


         [[[1., 1.],
           [1., 1.]],

          [[0., 0.],
           [0., 0.]]]],



        [[[[0., 0.],
           [0., 0.]],

          [[0., 0.],
           [0., 0.]]],


         [[[0., 0.],
           [0., 0.]],

          [[1., 1.],
           [0., 0.]]]],



        [[[[0., 0.],
           [0., 0.]],

          [[0., 0.],
           [0., 0.]]],


         [[[0., 0.],
           [0., 0.]],

          [[0., 0.],
           [1., 1.]]]]])","tensor([[[[[0.0000, 0.1700],
           [0.7300, 0.7900]],

          [[0.6700, 0.6500],
           [0.0000, 0.0000]]],


         [[[0.3700, 0.6500],
           [0.0000, 0.3700]],

          [[0.0000, 0.0000],
           [0.0000, 0.0000]]]],



        [[[[0.0000, 0.0000],
           [0.2700, 0.2100]],

          [[0.3300, 0.3500],
           [0.2600, 0.1900]]],


         [[[0.0000, 0.3500],
           [0.2600, 0.0000]],

          [[1.0000, 1.0000],
           [0.0000, 1.0000]]]],



        [[[[1.0000, 0.8300],
           [0.0000, 0.0000]],

          [[0.0000, 0.0000],
           [0.7400, 0.8100]]],


         [[[0.6300, 0.0000],
           [0.7400, 0.6300]],

          [[0.0000, 0.0000],
           [0.0000, 0.0000]]]],



        [[[[0.0000, 0.0000],
           [0.0000, 0.0000]],

          [[0.0000, 0.0000],
           [0.0000, 0.0000]]],


         [[[0.0000, 0.0000],
           [0.0000, 0.0000]],

          [[0.0000, 0.0000],
           [1.0000, 0.0000]]]]])",0.99,0.5,0.6666666269302368,1000,1.0,pSAGD,cib_optimization/optimize_cib.py,wCIB+penalty,fsimoes,45345caa3f2538233a03cbc3e5b71daf91a5b4d3,"gamma=0.4--bxi=0.3,by=0.4,bs=0.5",LOCAL,CIB
70369e2db5fd4f49bd0b27e8339d7abf,805718296294777617,FINISHED,mlflow-artifacts:/805718296294777617/70369e2db5fd4f49bd0b27e8339d7abf/artifacts,2025-02-04 12:07:04.386000+00:00,2025-02-04 12:07:39.354000+00:00,1.4854754209518433,2.1774556636810303,-0.0,1.0,-0.0,1.8576141595840454,5.372292995452881,1.432581901550293,2.319446081980484,1.6900261640548706,0.9596489071846008,0.9596489071846008,2.0415384769439697,0.5827570557594299,0.3098088502883911,0.0,1.4799253940582275,0.4,0.4,0.3,100.0,1e-05,10.0,"tensor([[[[[1., 1.],
           [1., 1.]],

          [[0., 0.],
           [0., 0.]]],


         [[[0., 0.],
           [0., 0.]],

          [[0., 0.],
           [0., 0.]]]],



        [[[[0., 0.],
           [0., 0.]],

          [[1., 1.],
           [1., 1.]]],


         [[[1., 1.],
           [1., 1.]],

          [[0., 0.],
           [0., 0.]]]],



        [[[[0., 0.],
           [0., 0.]],

          [[0., 0.],
           [0., 0.]]],


         [[[0., 0.],
           [0., 0.]],

          [[1., 1.],
           [0., 0.]]]],



        [[[[0., 0.],
           [0., 0.]],

          [[0., 0.],
           [0., 0.]]],


         [[[0., 0.],
           [0., 0.]],

          [[0., 0.],
           [1., 1.]]]]])","tensor([[[[[0.0000, 0.0000],
           [0.0000, 0.0000]],

          [[0.0000, 0.0000],
           [0.0000, 0.0000]]],


         [[[0.0000, 0.0000],
           [0.0000, 0.0000]],

          [[0.0000, 1.0000],
           [0.0000, 1.0000]]]],



        [[[[0.0000, 1.0000],
           [0.0000, 1.0000]],

          [[0.0000, 0.0000],
           [0.3700, 0.3700]]],


         [[[0.3700, 0.6500],
           [0.6500, 0.7800]],

          [[1.0000, 0.0000],
           [1.0000, 0.0000]]]],



        [[[[1.0000, 0.0000],
           [1.0000, 0.0000]],

          [[0.9200, 0.7800],
           [0.6300, 0.6300]]],


         [[[0.6300, 0.0000],
           [0.0000, 0.0000]],

          [[0.0000, 0.0000],
           [0.0000, 0.0000]]]],



        [[[[0.0000, 0.0000],
           [0.0000, 0.0000]],

          [[0.0800, 0.2200],
           [0.0000, 0.0000]]],


         [[[0.0000, 0.3500],
           [0.3500, 0.2200]],

          [[0.0000, 0.0000],
           [0.0000, 0.0000]]]]])",0.99,0.5,0.6666666269302368,1000,1.0,pSAGD,cib_optimization/optimize_cib.py,wCIB+penalty,fsimoes,45345caa3f2538233a03cbc3e5b71daf91a5b4d3,"gamma=0.4--bxi=0.3,by=0.4,bs=0.5",LOCAL,CIB
98b1e24338d54a149405e4e93c5ca93f,805718296294777617,FINISHED,mlflow-artifacts:/805718296294777617/98b1e24338d54a149405e4e93c5ca93f/artifacts,2025-02-04 12:06:26.004000+00:00,2025-02-04 12:07:01.731000+00:00,1.4854754209518433,2.1774556636810303,0.9752520322799683,0.0,-0.0,2.0654656887054443,3.239993095397949,1.432581901550293,3.0328914484392806,1.9241225719451904,0.6291250586509705,0.6291250586509705,2.326962471008301,0.5827570557594299,0.08837109804153442,0.0,1.4799253940582275,0.4,0.4,0.3,10.0,1e-05,10.0,"tensor([[[[[1., 1.],
           [1., 1.]],

          [[0., 0.],
           [0., 0.]]],


         [[[0., 0.],
           [0., 0.]],

          [[0., 0.],
           [0., 0.]]]],



        [[[[0., 0.],
           [0., 0.]],

          [[1., 1.],
           [1., 1.]]],


         [[[1., 1.],
           [1., 1.]],

          [[0., 0.],
           [0., 0.]]]],



        [[[[0., 0.],
           [0., 0.]],

          [[0., 0.],
           [0., 0.]]],


         [[[0., 0.],
           [0., 0.]],

          [[1., 1.],
           [0., 0.]]]],



        [[[[0., 0.],
           [0., 0.]],

          [[0., 0.],
           [0., 0.]]],


         [[[0., 0.],
           [0., 0.]],

          [[0., 0.],
           [1., 1.]]]]])","tensor([[[[[0.4100, 0.4300],
           [0.0000, 1.0000]],

          [[0.0000, 0.0000],
           [0.2600, 0.4800]]],


         [[[0.4600, 0.4900],
           [0.2600, 0.4800]],

          [[0.0000, 0.2400],
           [0.0200, 0.0500]]]],



        [[[[0.0000, 0.5700],
           [0.0000, 0.0000]],

          [[0.0000, 0.5100],
           [0.2500, 0.0000]]],


         [[[0.5400, 0.0000],
           [0.2500, 0.0000]],

          [[0.2400, 0.1100],
           [0.2700, 0.2800]]]],



        [[[[0.0000, 0.0000],
           [0.5000, 0.0000]],

          [[0.4900, 0.4900],
           [0.2600, 0.5200]]],


         [[[0.0000, 0.5100],
           [0.2600, 0.5200]],

          [[0.0800, 0.0000],
           [0.1200, 0.1400]]]],



        [[[[0.5900, 0.0000],
           [0.5000, 0.0000]],

          [[0.5100, 0.0000],
           [0.2300, 0.0000]]],


         [[[0.0000, 0.0000],
           [0.2300, 0.0000]],

          [[0.6800, 0.6500],
           [0.5800, 0.5300]]]]], grad_fn=<RoundBackward1>)",0.99,0.5,0.6666666269302368,1000,1.0,pSAGD,cib_optimization/optimize_cib.py,wCIB+penalty,fsimoes,45345caa3f2538233a03cbc3e5b71daf91a5b4d3,"gamma=0.4--bxi=0.3,by=0.4,bs=0.5",LOCAL,CIB
74155c6dc60d4f248056657a2fbc69a4,805718296294777617,FINISHED,mlflow-artifacts:/805718296294777617/74155c6dc60d4f248056657a2fbc69a4/artifacts,2025-02-04 12:05:44.031000+00:00,2025-02-04 12:06:23.471000+00:00,1.4854754209518433,2.1774556636810303,1.1135908365249634,0.0,-0.0,2.10245680809021,3.3765954971313477,1.432581901550293,3.206801228174002,1.9652619361877441,0.5796449780464172,0.5796449780464172,2.3490614891052246,0.5827570557594299,-0.06733173131942749,0.0,1.4799253940582275,0.4,0.4,0.3,10.0,1e-05,10.0,"tensor([[[[[1., 1.],
           [1., 1.]],

          [[0., 0.],
           [0., 0.]]],


         [[[0., 0.],
           [0., 0.]],

          [[0., 0.],
           [0., 0.]]]],



        [[[[0., 0.],
           [0., 0.]],

          [[1., 1.],
           [1., 1.]]],


         [[[1., 1.],
           [1., 1.]],

          [[0., 0.],
           [0., 0.]]]],



        [[[[0., 0.],
           [0., 0.]],

          [[0., 0.],
           [0., 0.]]],


         [[[0., 0.],
           [0., 0.]],

          [[1., 1.],
           [0., 0.]]]],



        [[[[0., 0.],
           [0., 0.]],

          [[0., 0.],
           [0., 0.]]],


         [[[0., 0.],
           [0., 0.]],

          [[0., 0.],
           [1., 1.]]]]])","tensor([[[[[0.0000, 0.5300],
           [0.4700, 0.5400]],

          [[0.0000, 0.5000],
           [0.0000, 0.4900]]],


         [[[0.0000, 0.3000],
           [0.5000, 0.5200]],

          [[0.0900, 0.0500],
           [0.1300, 0.1500]]]],



        [[[[0.0000, 0.0000],
           [0.5300, 0.0000]],

          [[0.3600, 0.5000],
           [0.0000, 0.5100]]],


         [[[0.5300, 0.2600],
           [0.0000, 0.0000]],

          [[0.0500, 0.0200],
           [0.0500, 0.0800]]]],



        [[[[0.4000, 0.4700],
           [0.0000, 0.4600]],

          [[0.2900, 0.0000],
           [0.4800, 0.0000]]],


         [[[0.4700, 0.2100],
           [0.0000, 0.4800]],

          [[0.2500, 0.2000],
           [0.2000, 0.2200]]]],



        [[[[0.6000, 0.0000],
           [0.0000, 0.0000]],

          [[0.3500, 0.0000],
           [0.5200, 0.0000]]],


         [[[0.0000, 0.2200],
           [0.5000, 0.0000]],

          [[0.6200, 0.7300],
           [0.6200, 0.5500]]]]], grad_fn=<RoundBackward1>)",0.99,0.5,0.6666666269302368,1000,1.0,pSAGD,cib_optimization/optimize_cib.py,wCIB+penalty,fsimoes,45345caa3f2538233a03cbc3e5b71daf91a5b4d3,"gamma=0.4--bxi=0.3,by=0.4,bs=0.5",LOCAL,CIB
47b7e224f02147dfa7b3c67b4a09781f,805718296294777617,FINISHED,mlflow-artifacts:/805718296294777617/47b7e224f02147dfa7b3c67b4a09781f/artifacts,2025-02-04 12:05:04.568000+00:00,2025-02-04 12:05:41.063000+00:00,1.4854754209518433,2.1774556636810303,0.9177830219268799,0.0,-0.0,2.025230884552002,3.610191583633423,1.432581901550293,2.4580697658614996,1.7613253593444824,0.5605007410049438,0.5605007410049438,2.3133938312530518,0.5827570557594299,0.0553012490272522,0.0,1.4799253940582275,0.4,0.4,0.3,10.0,1e-05,10.0,"tensor([[[[[1., 1.],
           [1., 1.]],

          [[0., 0.],
           [0., 0.]]],


         [[[0., 0.],
           [0., 0.]],

          [[0., 0.],
           [0., 0.]]]],



        [[[[0., 0.],
           [0., 0.]],

          [[1., 1.],
           [1., 1.]]],


         [[[1., 1.],
           [1., 1.]],

          [[0., 0.],
           [0., 0.]]]],



        [[[[0., 0.],
           [0., 0.]],

          [[0., 0.],
           [0., 0.]]],


         [[[0., 0.],
           [0., 0.]],

          [[1., 1.],
           [0., 0.]]]],



        [[[[0., 0.],
           [0., 0.]],

          [[0., 0.],
           [0., 0.]]],


         [[[0., 0.],
           [0., 0.]],

          [[0., 0.],
           [1., 1.]]]]])","tensor([[[[[0.4600, 0.4600],
           [0.4600, 0.4600]],

          [[0.0000, 0.0000],
           [0.4500, 0.0000]]],


         [[[0.0000, 0.4500],
           [0.1800, 0.4300]],

          [[0.1500, 0.2000],
           [0.2500, 0.3500]]]],



        [[[[0.0000, 0.0000],
           [0.0000, 0.0000]],

          [[1.0000, 0.5200],
           [0.5500, 0.0000]]],


         [[[0.0000, 0.5500],
           [0.3200, 0.5700]],

          [[0.0100, 0.2000],
           [0.0300, 0.2000]]]],



        [[[[0.0000, 0.0000],
           [0.0000, 0.0000]],

          [[0.0000, 0.4800],
           [0.0000, 0.0000]]],


         [[[0.0000, 0.0000],
           [0.1900, 0.0000]],

          [[0.3400, 0.4600],
           [0.3500, 0.4000]]]],



        [[[[0.5400, 0.5400],
           [0.5400, 0.5400]],

          [[0.0000, 0.0000],
           [0.0000, 1.0000]]],


         [[[1.0000, 0.0000],
           [0.3100, 0.0000]],

          [[0.5000, 0.1500],
           [0.3600, 0.0500]]]]], grad_fn=<RoundBackward1>)",0.99,0.5,0.6666666269302368,1000,1.0,pSAGD,cib_optimization/optimize_cib.py,wCIB+penalty,fsimoes,45345caa3f2538233a03cbc3e5b71daf91a5b4d3,"gamma=0.4--bxi=0.3,by=0.4,bs=0.5",LOCAL,CIB
48e3dbb034d7467baa771fcce96c1669,805718296294777617,FINISHED,mlflow-artifacts:/805718296294777617/48e3dbb034d7467baa771fcce96c1669/artifacts,2025-02-04 12:04:27.102000+00:00,2025-02-04 12:05:01.936000+00:00,1.4854754209518433,2.1774556636810303,1.293807029724121,0.0,-0.0,2.0265026092529297,0.09660408645868301,1.432581901550293,2.5643177829868096,1.4704053401947021,0.09875636547803879,0.09875636547803879,2.1594491004943848,0.5827570557594299,-0.0023750588297843933,0.0,1.4799253940582275,0.4,0.4,0.3,1.0,1e-05,10.0,"tensor([[[[[1., 1.],
           [1., 1.]],

          [[0., 0.],
           [0., 0.]]],


         [[[0., 0.],
           [0., 0.]],

          [[0., 0.],
           [0., 0.]]]],



        [[[[0., 0.],
           [0., 0.]],

          [[1., 1.],
           [1., 1.]]],


         [[[1., 1.],
           [1., 1.]],

          [[0., 0.],
           [0., 0.]]]],



        [[[[0., 0.],
           [0., 0.]],

          [[0., 0.],
           [0., 0.]]],


         [[[0., 0.],
           [0., 0.]],

          [[1., 1.],
           [0., 0.]]]],



        [[[[0., 0.],
           [0., 0.]],

          [[0., 0.],
           [0., 0.]]],


         [[[0., 0.],
           [0., 0.]],

          [[0., 0.],
           [1., 1.]]]]])","tensor([[[[[0.0800, 0.0600],
           [0.0600, 0.0500]],

          [[0.0400, 0.0300],
           [0.0300, 0.0400]]],


         [[[0.0400, 0.0300],
           [0.0300, 0.0400]],

          [[0.4000, 0.5000],
           [0.4500, 0.4300]]]],



        [[[[0.6700, 0.6900],
           [0.6900, 0.6700]],

          [[0.7000, 0.7200],
           [0.7200, 0.7000]]],


         [[[0.7000, 0.7200],
           [0.7200, 0.7000]],

          [[0.1400, 0.0100],
           [0.1000, 0.0600]]]],



        [[[[0.0400, 0.0500],
           [0.0500, 0.0800]],

          [[0.0400, 0.0300],
           [0.0300, 0.0400]]],


         [[[0.0400, 0.0300],
           [0.0300, 0.0400]],

          [[0.3500, 0.4400],
           [0.4000, 0.3800]]]],



        [[[[0.2000, 0.2100],
           [0.2100, 0.2000]],

          [[0.2100, 0.2100],
           [0.2100, 0.2100]]],


         [[[0.2100, 0.2100],
           [0.2100, 0.2100]],

          [[0.1100, 0.0600],
           [0.0500, 0.1300]]]]], grad_fn=<RoundBackward1>)",0.99,0.5,0.6666666269302368,1000,1.0,pSAGD,cib_optimization/optimize_cib.py,wCIB+penalty,fsimoes,45345caa3f2538233a03cbc3e5b71daf91a5b4d3,"gamma=0.4--bxi=0.3,by=0.4,bs=0.5",LOCAL,CIB
25e5608fb9dd4b8f92a9d182f789138d,805718296294777617,FINISHED,mlflow-artifacts:/805718296294777617/25e5608fb9dd4b8f92a9d182f789138d/artifacts,2025-02-04 12:03:48.397000+00:00,2025-02-04 12:04:24.407000+00:00,1.4854754209518433,2.1774556636810303,1.4156221151351929,0.0,-0.0,2.0271239280700684,0.28623995184898376,1.432581901550293,2.6827322711392076,1.5934321880340576,0.10298130661249161,0.10298130661249161,2.168193817138672,0.5827570557594299,0.0016770139336585999,0.0,1.4799253940582275,0.4,0.4,0.3,1.0,1e-05,10.0,"tensor([[[[[1., 1.],
           [1., 1.]],

          [[0., 0.],
           [0., 0.]]],


         [[[0., 0.],
           [0., 0.]],

          [[0., 0.],
           [0., 0.]]]],



        [[[[0., 0.],
           [0., 0.]],

          [[1., 1.],
           [1., 1.]]],


         [[[1., 1.],
           [1., 1.]],

          [[0., 0.],
           [0., 0.]]]],



        [[[[0., 0.],
           [0., 0.]],

          [[0., 0.],
           [0., 0.]]],


         [[[0., 0.],
           [0., 0.]],

          [[1., 1.],
           [0., 0.]]]],



        [[[[0., 0.],
           [0., 0.]],

          [[0., 0.],
           [0., 0.]]],


         [[[0., 0.],
           [0., 0.]],

          [[0., 0.],
           [1., 1.]]]]])","tensor([[[[[0.5700, 0.5800],
           [0.5800, 0.5700]],

          [[0.6000, 0.6100],
           [0.6100, 0.6000]]],


         [[[0.6000, 0.6100],
           [0.6100, 0.6000]],

          [[0.0500, 0.1300],
           [0.0900, 0.0500]]]],



        [[[[0.0500, 0.0500],
           [0.0500, 0.0800]],

          [[0.0400, 0.0300],
           [0.0300, 0.0400]]],


         [[[0.0400, 0.0300],
           [0.0300, 0.0400]],

          [[0.3800, 0.4200],
           [0.4400, 0.4300]]]],



        [[[[0.0800, 0.0500],
           [0.0500, 0.0500]],

          [[0.0400, 0.0300],
           [0.0300, 0.0400]]],


         [[[0.0400, 0.0300],
           [0.0300, 0.0400]],

          [[0.3800, 0.4200],
           [0.4400, 0.4300]]]],



        [[[[0.3100, 0.3100],
           [0.3100, 0.3100]],

          [[0.3200, 0.3300],
           [0.3300, 0.3200]]],


         [[[0.3200, 0.3300],
           [0.3300, 0.3200]],

          [[0.2000, 0.0300],
           [0.0300, 0.0800]]]]], grad_fn=<RoundBackward1>)",0.99,0.5,0.6666666269302368,1000,1.0,pSAGD,cib_optimization/optimize_cib.py,wCIB+penalty,fsimoes,45345caa3f2538233a03cbc3e5b71daf91a5b4d3,"gamma=0.4--bxi=0.3,by=0.4,bs=0.5",LOCAL,CIB
de30ac943f11462ba124f30561d328e7,805718296294777617,FINISHED,mlflow-artifacts:/805718296294777617/de30ac943f11462ba124f30561d328e7/artifacts,2025-02-04 12:03:12.485000+00:00,2025-02-04 12:03:45.863000+00:00,1.4854754209518433,2.1774556636810303,1.3390085697174072,0.0,-0.0,1.9947237968444824,0.10581756383180618,1.432581901550293,2.5727977266802453,1.5505881309509277,0.09106660634279251,0.09106660634279251,2.0877528190612793,0.5827570557594299,-0.001981176435947418,0.0,1.4799253940582275,0.4,0.4,0.3,1.0,1e-05,10.0,"tensor([[[[[1., 1.],
           [1., 1.]],

          [[0., 0.],
           [0., 0.]]],


         [[[0., 0.],
           [0., 0.]],

          [[0., 0.],
           [0., 0.]]]],



        [[[[0., 0.],
           [0., 0.]],

          [[1., 1.],
           [1., 1.]]],


         [[[1., 1.],
           [1., 1.]],

          [[0., 0.],
           [0., 0.]]]],



        [[[[0., 0.],
           [0., 0.]],

          [[0., 0.],
           [0., 0.]]],


         [[[0., 0.],
           [0., 0.]],

          [[1., 1.],
           [0., 0.]]]],



        [[[[0., 0.],
           [0., 0.]],

          [[0., 0.],
           [0., 0.]]],


         [[[0., 0.],
           [0., 0.]],

          [[0., 0.],
           [1., 1.]]]]])","tensor([[[[[0.2500, 0.2500],
           [0.2500, 0.2400]],

          [[0.2500, 0.2600],
           [0.2600, 0.2500]]],


         [[[0.2500, 0.2600],
           [0.2600, 0.2500]],

          [[0.0500, 0.0000],
           [0.0400, 0.0900]]]],



        [[[[0.6300, 0.6400],
           [0.6400, 0.6200]],

          [[0.6600, 0.6800],
           [0.6800, 0.6600]]],


         [[[0.6600, 0.6800],
           [0.6800, 0.6600]],

          [[0.0400, 0.0000],
           [0.0400, 0.0700]]]],



        [[[[0.0300, 0.0500],
           [0.0500, 0.0900]],

          [[0.0400, 0.0300],
           [0.0300, 0.0400]]],


         [[[0.0400, 0.0300],
           [0.0300, 0.0400]],

          [[0.3700, 0.3800],
           [0.3700, 0.3400]]]],



        [[[[0.0900, 0.0600],
           [0.0600, 0.0500]],

          [[0.0500, 0.0400],
           [0.0400, 0.0500]]],


         [[[0.0500, 0.0400],
           [0.0400, 0.0500]],

          [[0.5500, 0.6100],
           [0.5500, 0.5000]]]]], grad_fn=<RoundBackward1>)",0.99,0.5,0.6666666269302368,1000,1.0,pSAGD,cib_optimization/optimize_cib.py,wCIB+penalty,fsimoes,45345caa3f2538233a03cbc3e5b71daf91a5b4d3,"gamma=0.4--bxi=0.3,by=0.4,bs=0.5",LOCAL,CIB
e1b9e78686bc4fb29524a8d1af7d6866,805718296294777617,FINISHED,mlflow-artifacts:/805718296294777617/e1b9e78686bc4fb29524a8d1af7d6866/artifacts,2025-02-04 12:02:59.092000+00:00,2025-02-04 12:03:09.934000+00:00,1.4854754209518433,2.1774556636810303,-0.0,1.0,-0.0,1.823649287223816,5.656854152679443,1.432581901550293,1.8205493425222548,1.428342342376709,1.1180107593536377,1.1180107593536377,2.054140090942383,1.0076695680618286,-0.2371232509613037,0.0,1.4799253940582275,0.2,0.4,0.3,10000.0,1e-05,10.0,"tensor([[[[[1., 1.],
           [1., 1.]],

          [[0., 0.],
           [0., 0.]]],


         [[[0., 0.],
           [0., 0.]],

          [[0., 0.],
           [0., 0.]]]],



        [[[[0., 0.],
           [0., 0.]],

          [[1., 1.],
           [1., 1.]]],


         [[[1., 1.],
           [1., 1.]],

          [[0., 0.],
           [0., 0.]]]],



        [[[[0., 0.],
           [0., 0.]],

          [[0., 0.],
           [0., 0.]]],


         [[[0., 0.],
           [0., 0.]],

          [[1., 1.],
           [0., 0.]]]],



        [[[[0., 0.],
           [0., 0.]],

          [[0., 0.],
           [0., 0.]]],


         [[[0., 0.],
           [0., 0.]],

          [[0., 0.],
           [1., 1.]]]]])","tensor([[[[[0., 1.],
           [1., 1.]],

          [[1., 1.],
           [1., 1.]]],


         [[[1., 0.],
           [0., 0.]],

          [[0., 0.],
           [0., 0.]]]],



        [[[[0., 0.],
           [0., 0.]],

          [[0., 0.],
           [0., 0.]]],


         [[[0., 0.],
           [0., 0.]],

          [[0., 0.],
           [1., 0.]]]],



        [[[[1., 0.],
           [0., 0.]],

          [[0., 0.],
           [0., 0.]]],


         [[[0., 0.],
           [0., 0.]],

          [[1., 0.],
           [0., 0.]]]],



        [[[[0., 0.],
           [0., 0.]],

          [[0., 0.],
           [0., 0.]]],


         [[[0., 1.],
           [1., 1.]],

          [[0., 1.],
           [0., 1.]]]]])",0.99,0.5,0.25,1000,1.0,pSAGD,cib_optimization/optimize_cib.py,wCIB+penalty,fsimoes,45345caa3f2538233a03cbc3e5b71daf91a5b4d3,"gamma=0.2--bxi=0.3,by=0.4,bs=0.5",LOCAL,CIB
08f8803d90944751b442cad0368b9d07,805718296294777617,FINISHED,mlflow-artifacts:/805718296294777617/08f8803d90944751b442cad0368b9d07/artifacts,2025-02-04 12:02:42.232000+00:00,2025-02-04 12:02:56.563000+00:00,1.4854754209518433,2.1774556636810303,-0.0,1.0,-0.0,1.7647833824157715,5.656854152679443,1.432581901550293,1.830806687231119,1.399831771850586,1.033907175064087,1.033907175064087,1.747664213180542,1.0076695680618286,0.0,0.0,1.4799253940582275,0.2,0.4,0.3,10000.0,1e-05,10.0,"tensor([[[[[1., 1.],
           [1., 1.]],

          [[0., 0.],
           [0., 0.]]],


         [[[0., 0.],
           [0., 0.]],

          [[0., 0.],
           [0., 0.]]]],



        [[[[0., 0.],
           [0., 0.]],

          [[1., 1.],
           [1., 1.]]],


         [[[1., 1.],
           [1., 1.]],

          [[0., 0.],
           [0., 0.]]]],



        [[[[0., 0.],
           [0., 0.]],

          [[0., 0.],
           [0., 0.]]],


         [[[0., 0.],
           [0., 0.]],

          [[1., 1.],
           [0., 0.]]]],



        [[[[0., 0.],
           [0., 0.]],

          [[0., 0.],
           [0., 0.]]],


         [[[0., 0.],
           [0., 0.]],

          [[0., 0.],
           [1., 1.]]]]])","tensor([[[[[0., 1.],
           [0., 1.]],

          [[0., 0.],
           [0., 1.]]],


         [[[1., 0.],
           [0., 0.]],

          [[0., 0.],
           [0., 0.]]]],



        [[[[0., 0.],
           [0., 0.]],

          [[0., 0.],
           [0., 0.]]],


         [[[0., 0.],
           [0., 0.]],

          [[0., 1.],
           [1., 1.]]]],



        [[[[0., 0.],
           [0., 0.]],

          [[0., 0.],
           [0., 0.]]],


         [[[0., 0.],
           [0., 0.]],

          [[1., 0.],
           [0., 0.]]]],



        [[[[1., 0.],
           [1., 0.]],

          [[1., 1.],
           [1., 0.]]],


         [[[0., 1.],
           [1., 1.]],

          [[0., 0.],
           [0., 0.]]]]])",0.99,0.5,0.25,1000,1.0,pSAGD,cib_optimization/optimize_cib.py,wCIB+penalty,fsimoes,45345caa3f2538233a03cbc3e5b71daf91a5b4d3,"gamma=0.2--bxi=0.3,by=0.4,bs=0.5",LOCAL,CIB
9d4536861792476384552d5b16749cda,805718296294777617,FINISHED,mlflow-artifacts:/805718296294777617/9d4536861792476384552d5b16749cda/artifacts,2025-02-04 12:02:28.051000+00:00,2025-02-04 12:02:39.695000+00:00,1.4854754209518433,2.1774556636810303,-0.0,1.0,-0.0,1.921353816986084,5.656854152679443,1.432581901550293,2.056385609512126,1.1706463098526,0.9270814657211304,0.9270814657211304,2.130277633666992,1.0076695680618286,0.02815401554107666,0.0,1.4799253940582275,0.2,0.4,0.3,10000.0,1e-05,10.0,"tensor([[[[[1., 1.],
           [1., 1.]],

          [[0., 0.],
           [0., 0.]]],


         [[[0., 0.],
           [0., 0.]],

          [[0., 0.],
           [0., 0.]]]],



        [[[[0., 0.],
           [0., 0.]],

          [[1., 1.],
           [1., 1.]]],


         [[[1., 1.],
           [1., 1.]],

          [[0., 0.],
           [0., 0.]]]],



        [[[[0., 0.],
           [0., 0.]],

          [[0., 0.],
           [0., 0.]]],


         [[[0., 0.],
           [0., 0.]],

          [[1., 1.],
           [0., 0.]]]],



        [[[[0., 0.],
           [0., 0.]],

          [[0., 0.],
           [0., 0.]]],


         [[[0., 0.],
           [0., 0.]],

          [[0., 0.],
           [1., 1.]]]]])","tensor([[[[[0., 0.],
           [0., 0.]],

          [[0., 0.],
           [0., 0.]]],


         [[[0., 0.],
           [0., 0.]],

          [[0., 0.],
           [1., 0.]]]],



        [[[[0., 0.],
           [0., 1.]],

          [[0., 1.],
           [1., 0.]]],


         [[[0., 1.],
           [0., 0.]],

          [[1., 0.],
           [0., 1.]]]],



        [[[[0., 0.],
           [0., 0.]],

          [[0., 0.],
           [0., 0.]]],


         [[[0., 0.],
           [0., 0.]],

          [[0., 1.],
           [0., 0.]]]],



        [[[[1., 1.],
           [1., 0.]],

          [[1., 0.],
           [0., 1.]]],


         [[[1., 0.],
           [1., 1.]],

          [[0., 0.],
           [0., 0.]]]]])",0.99,0.5,0.25,1000,1.0,pSAGD,cib_optimization/optimize_cib.py,wCIB+penalty,fsimoes,45345caa3f2538233a03cbc3e5b71daf91a5b4d3,"gamma=0.2--bxi=0.3,by=0.4,bs=0.5",LOCAL,CIB
89517cf83c104e34b1d4b65703ae35b8,805718296294777617,FINISHED,mlflow-artifacts:/805718296294777617/89517cf83c104e34b1d4b65703ae35b8/artifacts,2025-02-04 12:02:10.068000+00:00,2025-02-04 12:02:25.528000+00:00,1.4854754209518433,2.1774556636810303,-0.0,1.0,-0.0,1.9730762243270874,5.308506011962891,1.432581901550293,2.124866524757718,1.705300211906433,1.3592208623886108,1.3592208623886108,2.1523590087890625,1.0076695680618286,0.5137455463409424,0.0,1.4799253940582275,0.2,0.4,0.3,100.0,1e-05,10.0,"tensor([[[[[1., 1.],
           [1., 1.]],

          [[0., 0.],
           [0., 0.]]],


         [[[0., 0.],
           [0., 0.]],

          [[0., 0.],
           [0., 0.]]]],



        [[[[0., 0.],
           [0., 0.]],

          [[1., 1.],
           [1., 1.]]],


         [[[1., 1.],
           [1., 1.]],

          [[0., 0.],
           [0., 0.]]]],



        [[[[0., 0.],
           [0., 0.]],

          [[0., 0.],
           [0., 0.]]],


         [[[0., 0.],
           [0., 0.]],

          [[1., 1.],
           [0., 0.]]]],



        [[[[0., 0.],
           [0., 0.]],

          [[0., 0.],
           [0., 0.]]],


         [[[0., 0.],
           [0., 0.]],

          [[0., 0.],
           [1., 1.]]]]])","tensor([[[[[0.0000, 0.0000],
           [1.0000, 0.0000]],

          [[0.8900, 0.6800],
           [0.7600, 0.8900]]],


         [[[0.8900, 0.6800],
           [0.6200, 0.0000]],

          [[0.0000, 0.0000],
           [0.0000, 1.0000]]]],



        [[[[0.0000, 0.0000],
           [0.0000, 0.0000]],

          [[0.0000, 0.0000],
           [0.0000, 0.0000]]],


         [[[0.0000, 0.0000],
           [0.0000, 0.0000]],

          [[1.0000, 1.0000],
           [1.0000, 0.0000]]]],



        [[[[0.2200, 0.1700],
           [0.0000, 0.2200]],

          [[0.0000, 0.3200],
           [0.0000, 0.0000]]],


         [[[0.0000, 0.3200],
           [0.2600, 0.6000]],

          [[0.0000, 0.0000],
           [0.0000, 0.0000]]]],



        [[[[0.7800, 0.8300],
           [0.0000, 0.7800]],

          [[0.1100, 0.0000],
           [0.2400, 0.1100]]],


         [[[0.1100, 0.0000],
           [0.1100, 0.4000]],

          [[0.0000, 0.0000],
           [0.0000, 0.0000]]]]])",0.99,0.5,0.25,1000,1.0,pSAGD,cib_optimization/optimize_cib.py,wCIB+penalty,fsimoes,45345caa3f2538233a03cbc3e5b71daf91a5b4d3,"gamma=0.2--bxi=0.3,by=0.4,bs=0.5",LOCAL,CIB
d0b4f13b5ccd470f9c7b0e44efc55dc0,805718296294777617,FINISHED,mlflow-artifacts:/805718296294777617/d0b4f13b5ccd470f9c7b0e44efc55dc0/artifacts,2025-02-04 12:01:37.044000+00:00,2025-02-04 12:02:07.535000+00:00,1.4854754209518433,2.1774556636810303,-0.0,1.0,-0.0,1.9177420139312744,5.121561527252197,1.432581901550293,2.4878599601903346,1.7485525608062744,1.3893165588378906,1.3893165588378906,2.1298279762268066,1.0076695680618286,0.6266669034957886,0.0,1.4799253940582275,0.2,0.4,0.3,100.0,1e-05,10.0,"tensor([[[[[1., 1.],
           [1., 1.]],

          [[0., 0.],
           [0., 0.]]],


         [[[0., 0.],
           [0., 0.]],

          [[0., 0.],
           [0., 0.]]]],



        [[[[0., 0.],
           [0., 0.]],

          [[1., 1.],
           [1., 1.]]],


         [[[1., 1.],
           [1., 1.]],

          [[0., 0.],
           [0., 0.]]]],



        [[[[0., 0.],
           [0., 0.]],

          [[0., 0.],
           [0., 0.]]],


         [[[0., 0.],
           [0., 0.]],

          [[1., 1.],
           [0., 0.]]]],



        [[[[0., 0.],
           [0., 0.]],

          [[0., 0.],
           [0., 0.]]],


         [[[0., 0.],
           [0., 0.]],

          [[0., 0.],
           [1., 1.]]]]])","tensor([[[[[0.1600, 0.0000],
           [0.0000, 0.0000]],

          [[0.3900, 0.4200],
           [0.4200, 0.3900]]],


         [[[0.0000, 0.2600],
           [0.0000, 0.3900]],

          [[0.1000, 0.2400],
           [0.0000, 0.4300]]]],



        [[[[0.0000, 0.0000],
           [0.0000, 0.0000]],

          [[0.0000, 0.0000],
           [0.0000, 0.0000]]],


         [[[0.0000, 0.0000],
           [0.0000, 0.0000]],

          [[0.0000, 0.7600],
           [0.3600, 0.0000]]]],



        [[[[0.8400, 0.2400],
           [0.0000, 0.0000]],

          [[0.6100, 0.5800],
           [0.5800, 0.6100]]],


         [[[0.2800, 0.0000],
           [0.3400, 0.6100]],

          [[0.0000, 0.0000],
           [0.0000, 0.0000]]]],



        [[[[0.0000, 0.7600],
           [1.0000, 1.0000]],

          [[0.0000, 0.0000],
           [0.0000, 0.0000]]],


         [[[0.7200, 0.7400],
           [0.6600, 0.0000]],

          [[0.9000, 0.0000],
           [0.6400, 0.5700]]]]])",0.99,0.5,0.25,1000,1.0,pSAGD,cib_optimization/optimize_cib.py,wCIB+penalty,fsimoes,45345caa3f2538233a03cbc3e5b71daf91a5b4d3,"gamma=0.2--bxi=0.3,by=0.4,bs=0.5",LOCAL,CIB
f5b1234fcf6d47a99e0dc6631114e6da,805718296294777617,FINISHED,mlflow-artifacts:/805718296294777617/f5b1234fcf6d47a99e0dc6631114e6da/artifacts,2025-02-04 12:01:17.200000+00:00,2025-02-04 12:01:34.457000+00:00,1.4854754209518433,2.1774556636810303,-0.0,1.0,-0.0,1.8214378356933594,5.359502792358398,1.432581901550293,2.2133946097162305,1.7343965768814087,1.3504360914230347,1.3504360914230347,1.992049217224121,1.0076695680618286,0.41630131006240845,0.0,1.4799253940582275,0.2,0.4,0.3,100.0,1e-05,10.0,"tensor([[[[[1., 1.],
           [1., 1.]],

          [[0., 0.],
           [0., 0.]]],


         [[[0., 0.],
           [0., 0.]],

          [[0., 0.],
           [0., 0.]]]],



        [[[[0., 0.],
           [0., 0.]],

          [[1., 1.],
           [1., 1.]]],


         [[[1., 1.],
           [1., 1.]],

          [[0., 0.],
           [0., 0.]]]],



        [[[[0., 0.],
           [0., 0.]],

          [[0., 0.],
           [0., 0.]]],


         [[[0., 0.],
           [0., 0.]],

          [[1., 1.],
           [0., 0.]]]],



        [[[[0., 0.],
           [0., 0.]],

          [[0., 0.],
           [0., 0.]]],


         [[[0., 0.],
           [0., 0.]],

          [[0., 0.],
           [1., 1.]]]]])","tensor([[[[[1.0000, 0.0000],
           [1.0000, 0.0000]],

          [[0.4300, 0.7100],
           [0.7100, 0.0000]]],


         [[[0.7800, 0.4500],
           [0.0000, 0.4300]],

          [[0.0000, 0.0000],
           [0.0000, 0.0000]]]],



        [[[[0.0000, 0.0000],
           [0.0000, 0.0000]],

          [[0.0000, 0.2900],
           [0.2900, 0.1600]]],


         [[[0.2200, 0.0000],
           [0.2400, 0.0000]],

          [[0.0000, 1.0000],
           [0.0000, 1.0000]]]],



        [[[[0.0000, 1.0000],
           [0.0000, 1.0000]],

          [[0.5700, 0.0000],
           [0.0000, 0.8400]]],


         [[[0.0000, 0.5500],
           [0.7600, 0.5700]],

          [[0.0000, 0.0000],
           [0.0000, 0.0000]]]],



        [[[[0.0000, 0.0000],
           [0.0000, 0.0000]],

          [[0.0000, 0.0000],
           [0.0000, 0.0000]]],


         [[[0.0000, 0.0000],
           [0.0000, 0.0000]],

          [[1.0000, 0.0000],
           [1.0000, 0.0000]]]]])",0.99,0.5,0.25,1000,1.0,pSAGD,cib_optimization/optimize_cib.py,wCIB+penalty,fsimoes,45345caa3f2538233a03cbc3e5b71daf91a5b4d3,"gamma=0.2--bxi=0.3,by=0.4,bs=0.5",LOCAL,CIB
79687f4a57144213a4998a78d94d2a3f,805718296294777617,FINISHED,mlflow-artifacts:/805718296294777617/79687f4a57144213a4998a78d94d2a3f/artifacts,2025-02-04 12:00:41.647000+00:00,2025-02-04 12:01:14.604000+00:00,1.4854754209518433,2.1774556636810303,1.0263867378234863,1.0,-0.0,2.1488380432128906,3.521578788757324,1.432581901550293,3.337784072564419,1.9374120235443115,0.7861996293067932,0.7861996293067932,2.4643523693084717,1.0076695680618286,0.041667819023132324,0.0,1.4799253940582275,0.2,0.4,0.3,10.0,1e-05,10.0,"tensor([[[[[1., 1.],
           [1., 1.]],

          [[0., 0.],
           [0., 0.]]],


         [[[0., 0.],
           [0., 0.]],

          [[0., 0.],
           [0., 0.]]]],



        [[[[0., 0.],
           [0., 0.]],

          [[1., 1.],
           [1., 1.]]],


         [[[1., 1.],
           [1., 1.]],

          [[0., 0.],
           [0., 0.]]]],



        [[[[0., 0.],
           [0., 0.]],

          [[0., 0.],
           [0., 0.]]],


         [[[0., 0.],
           [0., 0.]],

          [[1., 1.],
           [0., 0.]]]],



        [[[[0., 0.],
           [0., 0.]],

          [[0., 0.],
           [0., 0.]]],


         [[[0., 0.],
           [0., 0.]],

          [[0., 0.],
           [1., 1.]]]]])","tensor([[[[[0.0000, 0.0000],
           [0.0000, 0.5300]],

          [[0.0000, 0.5300],
           [0.4900, 0.0000]]],


         [[[0.3700, 0.0000],
           [0.0000, 0.5400]],

          [[0.2500, 0.2500],
           [0.2500, 0.2500]]]],



        [[[[0.6100, 0.0000],
           [0.0000, 0.0000]],

          [[0.5500, 0.0000],
           [0.5100, 0.0000]]],


         [[[0.0000, 0.5400],
           [0.5200, 0.0000]],

          [[0.2800, 0.2700],
           [0.2800, 0.2800]]]],



        [[[[0.0000, 0.5400],
           [0.5400, 0.4700]],

          [[0.0000, 0.0000],
           [0.0000, 0.5300]]],


         [[[0.3400, 0.0000],
           [0.4800, 0.0000]],

          [[0.2600, 0.2600],
           [0.2600, 0.2600]]]],



        [[[[0.3900, 0.4600],
           [0.4600, 0.0000]],

          [[0.4500, 0.4700],
           [0.0000, 0.4700]]],


         [[[0.2900, 0.4600],
           [0.0000, 0.4600]],

          [[0.2100, 0.2200],
           [0.2200, 0.2100]]]]])",0.99,0.5,0.25,1000,1.0,pSAGD,cib_optimization/optimize_cib.py,wCIB+penalty,fsimoes,45345caa3f2538233a03cbc3e5b71daf91a5b4d3,"gamma=0.2--bxi=0.3,by=0.4,bs=0.5",LOCAL,CIB
aa52eb55ad9a45eaa1a68982b3fe9fec,805718296294777617,FINISHED,mlflow-artifacts:/805718296294777617/aa52eb55ad9a45eaa1a68982b3fe9fec/artifacts,2025-02-04 11:59:59.882000+00:00,2025-02-04 12:00:39.083000+00:00,1.4854754209518433,2.1774556636810303,1.1445331573486328,0.0,-0.0,2.135495901107788,3.3251020908355713,1.432581901550293,3.0794219727853047,1.8765424489974976,0.6392340660095215,0.6392340660095215,2.4455885887145996,1.0076695680618286,-0.06509584188461304,0.0,1.4799253940582275,0.2,0.4,0.3,10.0,1e-05,10.0,"tensor([[[[[1., 1.],
           [1., 1.]],

          [[0., 0.],
           [0., 0.]]],


         [[[0., 0.],
           [0., 0.]],

          [[0., 0.],
           [0., 0.]]]],



        [[[[0., 0.],
           [0., 0.]],

          [[1., 1.],
           [1., 1.]]],


         [[[1., 1.],
           [1., 1.]],

          [[0., 0.],
           [0., 0.]]]],



        [[[[0., 0.],
           [0., 0.]],

          [[0., 0.],
           [0., 0.]]],


         [[[0., 0.],
           [0., 0.]],

          [[1., 1.],
           [0., 0.]]]],



        [[[[0., 0.],
           [0., 0.]],

          [[0., 0.],
           [0., 0.]]],


         [[[0., 0.],
           [0., 0.]],

          [[0., 0.],
           [1., 1.]]]]])","tensor([[[[[0.6000, 0.3400],
           [0.0000, 0.6000]],

          [[0.0000, 0.2500],
           [0.2500, 0.5200]]],


         [[[0.4600, 0.4700],
           [0.5100, 0.0000]],

          [[0.2800, 0.2900],
           [0.2800, 0.2800]]]],



        [[[[0.0000, 0.4800],
           [0.6600, 0.0000]],

          [[0.5000, 0.3100],
           [0.3100, 0.0000]]],


         [[[0.0000, 0.5300],
           [0.0000, 0.0000]],

          [[0.3300, 0.3400],
           [0.3200, 0.3200]]]],



        [[[[0.4000, 0.1700],
           [0.3400, 0.4000]],

          [[0.0000, 0.2000],
           [0.2000, 0.4800]]],


         [[[0.0000, 0.0000],
           [0.4900, 1.0000]],

          [[0.1900, 0.1900],
           [0.2000, 0.2000]]]],



        [[[[0.0000, 0.0000],
           [0.0000, 0.0000]],

          [[0.5000, 0.2300],
           [0.2300, 0.0000]]],


         [[[0.5400, 0.0000],
           [0.0000, 0.0000]],

          [[0.2000, 0.1900],
           [0.1900, 0.2000]]]]], grad_fn=<RoundBackward1>)",0.99,0.5,0.25,1000,1.0,pSAGD,cib_optimization/optimize_cib.py,wCIB+penalty,fsimoes,45345caa3f2538233a03cbc3e5b71daf91a5b4d3,"gamma=0.2--bxi=0.3,by=0.4,bs=0.5",LOCAL,CIB
846444f2f80e4d7bb932d042cfba83e9,805718296294777617,FINISHED,mlflow-artifacts:/805718296294777617/846444f2f80e4d7bb932d042cfba83e9/artifacts,2025-02-04 11:59:23.664000+00:00,2025-02-04 11:59:57.161000+00:00,1.4854754209518433,2.1774556636810303,1.1844220161437988,0.0,-0.0,2.119241952896118,3.36675763130188,1.432581901550293,3.0319343517596136,1.89162278175354,0.6145249605178833,0.6145249605178833,2.4212775230407715,1.0076695680618286,-0.03374505043029785,0.0,1.4799253940582275,0.2,0.4,0.3,10.0,1e-05,10.0,"tensor([[[[[1., 1.],
           [1., 1.]],

          [[0., 0.],
           [0., 0.]]],


         [[[0., 0.],
           [0., 0.]],

          [[0., 0.],
           [0., 0.]]]],



        [[[[0., 0.],
           [0., 0.]],

          [[1., 1.],
           [1., 1.]]],


         [[[1., 1.],
           [1., 1.]],

          [[0., 0.],
           [0., 0.]]]],



        [[[[0., 0.],
           [0., 0.]],

          [[0., 0.],
           [0., 0.]]],


         [[[0., 0.],
           [0., 0.]],

          [[1., 1.],
           [0., 0.]]]],



        [[[[0., 0.],
           [0., 0.]],

          [[0., 0.],
           [0., 0.]]],


         [[[0., 0.],
           [0., 0.]],

          [[0., 0.],
           [1., 1.]]]]])","tensor([[[[[0.0000, 0.0000],
           [0.6000, 0.6800]],

          [[0.0000, 0.3600],
           [0.5800, 0.0000]]],


         [[[0.0000, 0.4900],
           [0.3600, 0.0000]],

          [[0.4000, 0.4200],
           [0.3900, 0.3900]]]],



        [[[[0.3800, 0.4100],
           [0.1100, 0.0400]],

          [[0.3700, 0.1100],
           [0.4200, 0.4500]]],


         [[[0.4500, 0.0000],
           [0.1100, 0.4500]],

          [[0.1100, 0.1100],
           [0.1200, 0.1200]]]],



        [[[[0.6200, 0.5900],
           [0.2900, 0.2800]],

          [[0.0000, 0.2400],
           [0.0000, 0.5500]]],


         [[[0.5500, 0.0000],
           [0.2400, 0.5500]],

          [[0.2400, 0.2400],
           [0.2500, 0.2500]]]],



        [[[[0.0000, 0.0000],
           [0.0000, 0.0000]],

          [[0.6300, 0.2900],
           [0.0000, 0.0000]]],


         [[[0.0000, 0.5100],
           [0.2900, 0.0000]],

          [[0.2500, 0.2400],
           [0.2400, 0.2500]]]]], grad_fn=<RoundBackward1>)",0.99,0.5,0.25,1000,1.0,pSAGD,cib_optimization/optimize_cib.py,wCIB+penalty,fsimoes,45345caa3f2538233a03cbc3e5b71daf91a5b4d3,"gamma=0.2--bxi=0.3,by=0.4,bs=0.5",LOCAL,CIB
80c01462104d4e8c8209d7dee4b2f9f4,805718296294777617,FINISHED,mlflow-artifacts:/805718296294777617/80c01462104d4e8c8209d7dee4b2f9f4/artifacts,2025-02-04 11:58:57.571000+00:00,2025-02-04 11:59:21.132000+00:00,1.4854754209518433,2.1774556636810303,1.9808160066604614,1.0,-0.0,2.17745304107666,9.6809962997213e-06,1.432581901550293,3.4136495267524047,1.9808157682418823,0.06049027666449547,0.06049027666449547,2.479907989501953,1.0076695680618286,-4.470348358154297e-08,0.0,1.4799253940582275,0.2,0.4,0.3,1.0,1e-05,10.0,"tensor([[[[[1., 1.],
           [1., 1.]],

          [[0., 0.],
           [0., 0.]]],


         [[[0., 0.],
           [0., 0.]],

          [[0., 0.],
           [0., 0.]]]],



        [[[[0., 0.],
           [0., 0.]],

          [[1., 1.],
           [1., 1.]]],


         [[[1., 1.],
           [1., 1.]],

          [[0., 0.],
           [0., 0.]]]],



        [[[[0., 0.],
           [0., 0.]],

          [[0., 0.],
           [0., 0.]]],


         [[[0., 0.],
           [0., 0.]],

          [[1., 1.],
           [0., 0.]]]],



        [[[[0., 0.],
           [0., 0.]],

          [[0., 0.],
           [0., 0.]]],


         [[[0., 0.],
           [0., 0.]],

          [[0., 0.],
           [1., 1.]]]]])","tensor([[[[[0.2200, 0.2200],
           [0.2200, 0.2200]],

          [[0.2200, 0.2200],
           [0.2200, 0.2200]]],


         [[[0.2200, 0.2200],
           [0.2200, 0.2200]],

          [[0.2100, 0.2100],
           [0.2100, 0.2100]]]],



        [[[[0.3000, 0.3000],
           [0.3000, 0.3000]],

          [[0.3000, 0.3000],
           [0.3000, 0.3000]]],


         [[[0.3000, 0.3000],
           [0.3000, 0.3000]],

          [[0.3000, 0.3000],
           [0.3000, 0.3000]]]],



        [[[[0.2100, 0.2100],
           [0.2100, 0.2100]],

          [[0.2100, 0.2100],
           [0.2100, 0.2100]]],


         [[[0.2100, 0.2100],
           [0.2100, 0.2100]],

          [[0.2100, 0.2100],
           [0.2100, 0.2100]]]],



        [[[[0.2800, 0.2800],
           [0.2800, 0.2800]],

          [[0.2800, 0.2800],
           [0.2800, 0.2800]]],


         [[[0.2800, 0.2800],
           [0.2800, 0.2800]],

          [[0.2800, 0.2800],
           [0.2800, 0.2800]]]]], grad_fn=<RoundBackward1>)",0.99,0.5,0.25,1000,1.0,pSAGD,cib_optimization/optimize_cib.py,wCIB+penalty,fsimoes,45345caa3f2538233a03cbc3e5b71daf91a5b4d3,"gamma=0.2--bxi=0.3,by=0.4,bs=0.5",LOCAL,CIB
7f4fd1f6cf524716a378bab02e887455,805718296294777617,FINISHED,mlflow-artifacts:/805718296294777617/7f4fd1f6cf524716a378bab02e887455/artifacts,2025-02-04 11:58:31.121000+00:00,2025-02-04 11:58:55.045000+00:00,1.4854754209518433,2.1774556636810303,1.9969347715377808,1.0,-0.0,2.177452564239502,9.555560609442182e-06,1.432581901550293,3.4295669459385927,1.9969345331192017,0.06049017980694771,0.06049017980694771,2.479907512664795,1.0076695680618286,-2.868473529815674e-07,0.0,1.4799253940582275,0.2,0.4,0.3,1.0,1e-05,10.0,"tensor([[[[[1., 1.],
           [1., 1.]],

          [[0., 0.],
           [0., 0.]]],


         [[[0., 0.],
           [0., 0.]],

          [[0., 0.],
           [0., 0.]]]],



        [[[[0., 0.],
           [0., 0.]],

          [[1., 1.],
           [1., 1.]]],


         [[[1., 1.],
           [1., 1.]],

          [[0., 0.],
           [0., 0.]]]],



        [[[[0., 0.],
           [0., 0.]],

          [[0., 0.],
           [0., 0.]]],


         [[[0., 0.],
           [0., 0.]],

          [[1., 1.],
           [0., 0.]]]],



        [[[[0., 0.],
           [0., 0.]],

          [[0., 0.],
           [0., 0.]]],


         [[[0., 0.],
           [0., 0.]],

          [[0., 0.],
           [1., 1.]]]]])","tensor([[[[[0.2700, 0.2700],
           [0.2700, 0.2700]],

          [[0.2700, 0.2700],
           [0.2700, 0.2700]]],


         [[[0.2700, 0.2700],
           [0.2700, 0.2700]],

          [[0.2700, 0.2700],
           [0.2700, 0.2700]]]],



        [[[[0.2300, 0.2300],
           [0.2300, 0.2300]],

          [[0.2300, 0.2300],
           [0.2300, 0.2300]]],


         [[[0.2300, 0.2300],
           [0.2300, 0.2300]],

          [[0.2300, 0.2300],
           [0.2300, 0.2300]]]],



        [[[[0.2400, 0.2400],
           [0.2400, 0.2400]],

          [[0.2400, 0.2400],
           [0.2400, 0.2400]]],


         [[[0.2400, 0.2400],
           [0.2400, 0.2400]],

          [[0.2400, 0.2400],
           [0.2400, 0.2400]]]],



        [[[[0.2600, 0.2600],
           [0.2600, 0.2600]],

          [[0.2600, 0.2600],
           [0.2600, 0.2600]]],


         [[[0.2600, 0.2600],
           [0.2600, 0.2600]],

          [[0.2600, 0.2600],
           [0.2600, 0.2600]]]]], grad_fn=<RoundBackward1>)",0.99,0.5,0.25,1000,1.0,pSAGD,cib_optimization/optimize_cib.py,wCIB+penalty,fsimoes,45345caa3f2538233a03cbc3e5b71daf91a5b4d3,"gamma=0.2--bxi=0.3,by=0.4,bs=0.5",LOCAL,CIB
d954f4c649e04fc0928a7d916a5fd8be,805718296294777617,FINISHED,mlflow-artifacts:/805718296294777617/d954f4c649e04fc0928a7d916a5fd8be/artifacts,2025-02-04 11:58:06.340000+00:00,2025-02-04 11:58:28.530000+00:00,1.4854754209518433,2.1774556636810303,1.987615704536438,1.0,-0.0,2.177452564239502,9.725185918796342e-06,1.432581901550293,3.4203132698093093,1.987615704536438,0.06049041822552681,0.06049041822552681,2.479907751083374,1.0076695680618286,4.842877388000488e-08,0.0,1.4799253940582275,0.2,0.4,0.3,1.0,1e-05,10.0,"tensor([[[[[1., 1.],
           [1., 1.]],

          [[0., 0.],
           [0., 0.]]],


         [[[0., 0.],
           [0., 0.]],

          [[0., 0.],
           [0., 0.]]]],



        [[[[0., 0.],
           [0., 0.]],

          [[1., 1.],
           [1., 1.]]],


         [[[1., 1.],
           [1., 1.]],

          [[0., 0.],
           [0., 0.]]]],



        [[[[0., 0.],
           [0., 0.]],

          [[0., 0.],
           [0., 0.]]],


         [[[0., 0.],
           [0., 0.]],

          [[1., 1.],
           [0., 0.]]]],



        [[[[0., 0.],
           [0., 0.]],

          [[0., 0.],
           [0., 0.]]],


         [[[0., 0.],
           [0., 0.]],

          [[0., 0.],
           [1., 1.]]]]])","tensor([[[[[0.2500, 0.2500],
           [0.2500, 0.2500]],

          [[0.2500, 0.2500],
           [0.2500, 0.2500]]],


         [[[0.2500, 0.2500],
           [0.2500, 0.2500]],

          [[0.2500, 0.2500],
           [0.2500, 0.2500]]]],



        [[[[0.3000, 0.3000],
           [0.3000, 0.3000]],

          [[0.3000, 0.3000],
           [0.3000, 0.3000]]],


         [[[0.3000, 0.3000],
           [0.3000, 0.3000]],

          [[0.3000, 0.3000],
           [0.3000, 0.3000]]]],



        [[[[0.2400, 0.2400],
           [0.2400, 0.2400]],

          [[0.2400, 0.2400],
           [0.2400, 0.2400]]],


         [[[0.2400, 0.2400],
           [0.2400, 0.2400]],

          [[0.2400, 0.2400],
           [0.2400, 0.2400]]]],



        [[[[0.2100, 0.2100],
           [0.2100, 0.2100]],

          [[0.2100, 0.2100],
           [0.2100, 0.2100]]],


         [[[0.2100, 0.2100],
           [0.2100, 0.2100]],

          [[0.2100, 0.2100],
           [0.2100, 0.2100]]]]], grad_fn=<RoundBackward1>)",0.99,0.5,0.25,1000,1.0,pSAGD,cib_optimization/optimize_cib.py,wCIB+penalty,fsimoes,45345caa3f2538233a03cbc3e5b71daf91a5b4d3,"gamma=0.2--bxi=0.3,by=0.4,bs=0.5",LOCAL,CIB
cd4db454ab1f4b788ac0b29ce423b232,805718296294777617,FINISHED,mlflow-artifacts:/805718296294777617/cd4db454ab1f4b788ac0b29ce423b232/artifacts,2025-02-04 11:57:30.638000+00:00,2025-02-04 11:58:03.790000+00:00,1.4854754209518433,2.1774556636810303,-0.0,0.0,-0.0,1.9500141143798828,5.291502475738525,1.432581901550293,2.1341877701323666,1.7145062685012817,1.7145062685012817,1.7145062685012817,2.213287353515625,1.432581901550293,-0.17200124263763428,0.0,1.4799253940582275,0.0,0.4,0.3,10000.0,1e-05,10.0,"tensor([[[[[1., 1.],
           [1., 1.]],

          [[0., 0.],
           [0., 0.]]],


         [[[0., 0.],
           [0., 0.]],

          [[0., 0.],
           [0., 0.]]]],



        [[[[0., 0.],
           [0., 0.]],

          [[1., 1.],
           [1., 1.]]],


         [[[1., 1.],
           [1., 1.]],

          [[0., 0.],
           [0., 0.]]]],



        [[[[0., 0.],
           [0., 0.]],

          [[0., 0.],
           [0., 0.]]],


         [[[0., 0.],
           [0., 0.]],

          [[1., 1.],
           [0., 0.]]]],



        [[[[0., 0.],
           [0., 0.]],

          [[0., 0.],
           [0., 0.]]],


         [[[0., 0.],
           [0., 0.]],

          [[0., 0.],
           [1., 1.]]]]])","tensor([[[[[0., 0.],
           [0., 0.]],

          [[0., 1.],
           [0., 0.]]],


         [[[0., 0.],
           [0., 1.]],

          [[0., 0.],
           [1., 0.]]]],



        [[[[0., 0.],
           [0., 0.]],

          [[1., 0.],
           [0., 0.]]],


         [[[0., 0.],
           [0., 0.]],

          [[0., 0.],
           [0., 1.]]]],



        [[[[1., 1.],
           [0., 1.]],

          [[0., 0.],
           [1., 0.]]],


         [[[0., 0.],
           [1., 0.]],

          [[0., 0.],
           [0., 0.]]]],



        [[[[0., 0.],
           [1., 0.]],

          [[0., 0.],
           [0., 1.]]],


         [[[1., 1.],
           [0., 0.]],

          [[1., 1.],
           [0., 0.]]]]], grad_fn=<RoundBackward1>)",0.99,0.5,0.0,1000,1.0,pSAGD,cib_optimization/optimize_cib.py,wCIB+penalty,fsimoes,45345caa3f2538233a03cbc3e5b71daf91a5b4d3,"gamma=0.0--bxi=0.3,by=0.4,bs=0.5",LOCAL,CIB
0d8c1f80db3b4f3cb6218189201cea71,805718296294777617,FINISHED,mlflow-artifacts:/805718296294777617/0d8c1f80db3b4f3cb6218189201cea71/artifacts,2025-02-04 11:56:54.909000+00:00,2025-02-04 11:57:28.071000+00:00,1.4854754209518433,2.1774556636810303,-0.0,0.0,-0.0,1.9049392938613892,5.099019527435303,1.432581901550293,2.1984285318283794,1.7166016101837158,1.7166016101837158,1.7166016101837158,2.2055039405822754,1.432581901550293,-0.11300694942474365,0.0,1.4799253940582275,0.0,0.4,0.3,10000.0,1e-05,10.0,"tensor([[[[[1., 1.],
           [1., 1.]],

          [[0., 0.],
           [0., 0.]]],


         [[[0., 0.],
           [0., 0.]],

          [[0., 0.],
           [0., 0.]]]],



        [[[[0., 0.],
           [0., 0.]],

          [[1., 1.],
           [1., 1.]]],


         [[[1., 1.],
           [1., 1.]],

          [[0., 0.],
           [0., 0.]]]],



        [[[[0., 0.],
           [0., 0.]],

          [[0., 0.],
           [0., 0.]]],


         [[[0., 0.],
           [0., 0.]],

          [[1., 1.],
           [0., 0.]]]],



        [[[[0., 0.],
           [0., 0.]],

          [[0., 0.],
           [0., 0.]]],


         [[[0., 0.],
           [0., 0.]],

          [[0., 0.],
           [1., 1.]]]]])","tensor([[[[[0., 0.],
           [0., 1.]],

          [[1., 0.],
           [0., 0.]]],


         [[[0., 1.],
           [0., 0.]],

          [[0., 1.],
           [1., 1.]]]],



        [[[[1., 1.],
           [1., 0.]],

          [[0., 1.],
           [0., 0.]]],


         [[[0., 0.],
           [1., 0.]],

          [[0., 0.],
           [0., 0.]]]],



        [[[[0., 0.],
           [0., 0.]],

          [[0., 0.],
           [1., 0.]]],


         [[[0., 0.],
           [0., 0.]],

          [[0., 0.],
           [0., 0.]]]],



        [[[[0., 0.],
           [0., 0.]],

          [[0., 0.],
           [0., 1.]]],


         [[[1., 0.],
           [0., 1.]],

          [[1., 0.],
           [0., 0.]]]]], grad_fn=<RoundBackward1>)",0.99,0.5,0.0,1000,1.0,pSAGD,cib_optimization/optimize_cib.py,wCIB+penalty,fsimoes,45345caa3f2538233a03cbc3e5b71daf91a5b4d3,"gamma=0.0--bxi=0.3,by=0.4,bs=0.5",LOCAL,CIB
a7dca9683dec4bc4aa6db873977962ff,805718296294777617,FINISHED,mlflow-artifacts:/805718296294777617/a7dca9683dec4bc4aa6db873977962ff/artifacts,2025-02-04 11:56:18.377000+00:00,2025-02-04 11:56:52.242000+00:00,1.4854754209518433,2.1774556636810303,-0.0,0.0,-0.0,2.1550352573394775,5.656854152679443,1.432581901550293,2.407940738124175,0.9943811893463135,10.204721450805664,10.204721450805664,2.4747493267059326,1.432581901550293,8.667282700538635,9.21034049987793,1.4799253940582275,0.0,0.4,0.3,10000.0,1e-05,10.0,"tensor([[[[[1., 1.],
           [1., 1.]],

          [[0., 0.],
           [0., 0.]]],


         [[[0., 0.],
           [0., 0.]],

          [[0., 0.],
           [0., 0.]]]],



        [[[[0., 0.],
           [0., 0.]],

          [[1., 1.],
           [1., 1.]]],


         [[[1., 1.],
           [1., 1.]],

          [[0., 0.],
           [0., 0.]]]],



        [[[[0., 0.],
           [0., 0.]],

          [[0., 0.],
           [0., 0.]]],


         [[[0., 0.],
           [0., 0.]],

          [[1., 1.],
           [0., 0.]]]],



        [[[[0., 0.],
           [0., 0.]],

          [[0., 0.],
           [0., 0.]]],


         [[[0., 0.],
           [0., 0.]],

          [[0., 0.],
           [1., 1.]]]]])","tensor([[[[[0., 0.],
           [0., 0.]],

          [[0., 0.],
           [0., 0.]]],


         [[[0., 0.],
           [0., 0.]],

          [[0., 0.],
           [0., 0.]]]],



        [[[[0., 0.],
           [0., 0.]],

          [[0., 0.],
           [0., 0.]]],


         [[[0., 0.],
           [0., 0.]],

          [[0., 0.],
           [0., 0.]]]],



        [[[[1., 1.],
           [0., 0.]],

          [[1., 0.],
           [1., 0.]]],


         [[[1., 1.],
           [1., 0.]],

          [[0., 1.],
           [0., 1.]]]],



        [[[[0., 0.],
           [1., 1.]],

          [[0., 1.],
           [0., 1.]]],


         [[[0., 0.],
           [0., 1.]],

          [[1., 0.],
           [1., 0.]]]]], grad_fn=<RoundBackward1>)",0.99,0.5,0.0,1000,1.0,pSAGD,cib_optimization/optimize_cib.py,wCIB+penalty,fsimoes,45345caa3f2538233a03cbc3e5b71daf91a5b4d3,"gamma=0.0--bxi=0.3,by=0.4,bs=0.5",LOCAL,CIB
492aae9d07474a659c9d9b281d48738f,805718296294777617,FINISHED,mlflow-artifacts:/805718296294777617/492aae9d07474a659c9d9b281d48738f/artifacts,2025-02-04 11:55:41.440000+00:00,2025-02-04 11:56:15.850000+00:00,1.4854754209518433,2.1774556636810303,0.058240026235580444,0.0,-0.0,1.9403800964355469,4.731076240539551,1.432581901550293,2.173464355677493,1.6981958150863647,1.639955759048462,1.639955759048462,2.1932919025421143,1.432581901550293,-3.8629682064056396,0.0,1.4799253940582275,0.0,0.4,0.3,100.0,1e-05,10.0,"tensor([[[[[1., 1.],
           [1., 1.]],

          [[0., 0.],
           [0., 0.]]],


         [[[0., 0.],
           [0., 0.]],

          [[0., 0.],
           [0., 0.]]]],



        [[[[0., 0.],
           [0., 0.]],

          [[1., 1.],
           [1., 1.]]],


         [[[1., 1.],
           [1., 1.]],

          [[0., 0.],
           [0., 0.]]]],



        [[[[0., 0.],
           [0., 0.]],

          [[0., 0.],
           [0., 0.]]],


         [[[0., 0.],
           [0., 0.]],

          [[1., 1.],
           [0., 0.]]]],



        [[[[0., 0.],
           [0., 0.]],

          [[0., 0.],
           [0., 0.]]],


         [[[0., 0.],
           [0., 0.]],

          [[0., 0.],
           [1., 1.]]]]])","tensor([[[[[1.0000, 1.0000],
           [1.0000, 0.0000]],

          [[0.0000, 1.0000],
           [1.0000, 0.0000]]],


         [[[0.0000, 1.0000],
           [0.0000, 0.0000]],

          [[0.0000, 1.0000],
           [0.0000, 0.0000]]]],



        [[[[0.0000, 0.0000],
           [0.0000, 0.0000]],

          [[1.0000, 0.0000],
           [0.0000, 1.0000]]],


         [[[0.6200, 0.0000],
           [0.0000, 0.0000]],

          [[0.0000, 0.0000],
           [0.0000, 0.0000]]]],



        [[[[0.0000, 0.0000],
           [0.0000, 1.0000]],

          [[0.0000, 0.0000],
           [0.0000, 0.0000]]],


         [[[0.0000, 0.0000],
           [1.0000, 1.0000]],

          [[1.0000, 0.0000],
           [0.0000, 0.0000]]]],



        [[[[0.0000, 0.0000],
           [0.0000, 0.0000]],

          [[0.0000, 0.0000],
           [0.0000, 0.0000]]],


         [[[0.3800, 0.0000],
           [0.0000, 0.0000]],

          [[0.0000, 0.0000],
           [1.0000, 1.0000]]]]], grad_fn=<RoundBackward1>)",0.99,0.5,0.0,1000,1.0,pSAGD,cib_optimization/optimize_cib.py,wCIB+penalty,fsimoes,45345caa3f2538233a03cbc3e5b71daf91a5b4d3,"gamma=0.0--bxi=0.3,by=0.4,bs=0.5",LOCAL,CIB
bace5fee8e134e929d585f7f6749717b,805718296294777617,FINISHED,mlflow-artifacts:/805718296294777617/bace5fee8e134e929d585f7f6749717b/artifacts,2025-02-04 11:55:04.400000+00:00,2025-02-04 11:55:38.910000+00:00,1.4854754209518433,2.1774556636810303,0.20876191556453705,0.0,-0.0,2.052922487258911,5.141048908233643,1.432581901550293,1.946895390742517,1.236720085144043,5.7709550857543945,5.7709550857543945,2.3787145614624023,1.432581901550293,4.626890659332275,4.742996692657471,1.4799253940582275,0.0,0.4,0.3,100.0,1e-05,10.0,"tensor([[[[[1., 1.],
           [1., 1.]],

          [[0., 0.],
           [0., 0.]]],


         [[[0., 0.],
           [0., 0.]],

          [[0., 0.],
           [0., 0.]]]],



        [[[[0., 0.],
           [0., 0.]],

          [[1., 1.],
           [1., 1.]]],


         [[[1., 1.],
           [1., 1.]],

          [[0., 0.],
           [0., 0.]]]],



        [[[[0., 0.],
           [0., 0.]],

          [[0., 0.],
           [0., 0.]]],


         [[[0., 0.],
           [0., 0.]],

          [[1., 1.],
           [0., 0.]]]],



        [[[[0., 0.],
           [0., 0.]],

          [[0., 0.],
           [0., 0.]]],


         [[[0., 0.],
           [0., 0.]],

          [[0., 0.],
           [1., 1.]]]]])","tensor([[[[[1.0000, 0.2600],
           [0.0000, 1.0000]],

          [[0.0000, 0.0000],
           [1.0000, 0.0000]]],


         [[[0.0000, 0.0000],
           [0.0000, 0.0000]],

          [[0.0000, 0.0000],
           [0.0000, 0.7200]]]],



        [[[[0.0000, 0.7400],
           [0.4200, 0.0000]],

          [[1.0000, 1.0000],
           [0.0000, 1.0000]]],


         [[[1.0000, 1.0000],
           [1.0000, 1.0000]],

          [[1.0000, 1.0000],
           [1.0000, 0.2800]]]],



        [[[[0.0000, 0.0000],
           [0.0000, 0.0000]],

          [[0.0000, 0.0000],
           [0.0000, 0.0000]]],


         [[[0.0000, 0.0000],
           [0.0000, 0.0000]],

          [[0.0000, 0.0000],
           [0.0000, 0.0000]]]],



        [[[[0.0000, 0.0000],
           [0.5800, 0.0000]],

          [[0.0000, 0.0000],
           [0.0000, 0.0000]]],


         [[[0.0000, 0.0000],
           [0.0000, 0.0000]],

          [[0.0000, 0.0000],
           [0.0000, 0.0000]]]]], grad_fn=<RoundBackward1>)",0.99,0.5,0.0,1000,1.0,pSAGD,cib_optimization/optimize_cib.py,wCIB+penalty,fsimoes,45345caa3f2538233a03cbc3e5b71daf91a5b4d3,"gamma=0.0--bxi=0.3,by=0.4,bs=0.5",LOCAL,CIB
0878716bd2504766b1e0145a0c2861b5,805718296294777617,FINISHED,mlflow-artifacts:/805718296294777617/0878716bd2504766b1e0145a0c2861b5/artifacts,2025-02-04 11:54:24.343000+00:00,2025-02-04 11:55:01.788000+00:00,1.4854754209518433,2.1774556636810303,-0.0,0.0,-0.0,2.029327392578125,4.975137233734131,1.432581901550293,1.533295650180425,0.8611108064651489,10.071451187133789,10.071451187133789,2.348126173019409,1.432581901550293,9.022708654403687,9.21034049987793,1.4799253940582275,0.0,0.4,0.3,100.0,1e-05,10.0,"tensor([[[[[1., 1.],
           [1., 1.]],

          [[0., 0.],
           [0., 0.]]],


         [[[0., 0.],
           [0., 0.]],

          [[0., 0.],
           [0., 0.]]]],



        [[[[0., 0.],
           [0., 0.]],

          [[1., 1.],
           [1., 1.]]],


         [[[1., 1.],
           [1., 1.]],

          [[0., 0.],
           [0., 0.]]]],



        [[[[0., 0.],
           [0., 0.]],

          [[0., 0.],
           [0., 0.]]],


         [[[0., 0.],
           [0., 0.]],

          [[1., 1.],
           [0., 0.]]]],



        [[[[0., 0.],
           [0., 0.]],

          [[0., 0.],
           [0., 0.]]],


         [[[0., 0.],
           [0., 0.]],

          [[0., 0.],
           [1., 1.]]]]])","tensor([[[[[1., 0.],
           [0., 1.]],

          [[0., 0.],
           [0., 0.]]],


         [[[0., 0.],
           [0., 0.]],

          [[0., 0.],
           [0., 0.]]]],



        [[[[0., 0.],
           [0., 0.]],

          [[0., 0.],
           [0., 0.]]],


         [[[0., 0.],
           [0., 0.]],

          [[0., 0.],
           [0., 0.]]]],



        [[[[0., 1.],
           [1., 0.]],

          [[1., 1.],
           [1., 1.]]],


         [[[1., 1.],
           [1., 1.]],

          [[1., 1.],
           [1., 1.]]]],



        [[[[0., 0.],
           [0., 0.]],

          [[0., 0.],
           [0., 0.]]],


         [[[0., 0.],
           [0., 0.]],

          [[0., 0.],
           [0., 0.]]]]], grad_fn=<RoundBackward1>)",0.99,0.5,0.0,1000,1.0,pSAGD,cib_optimization/optimize_cib.py,wCIB+penalty,fsimoes,45345caa3f2538233a03cbc3e5b71daf91a5b4d3,"gamma=0.0--bxi=0.3,by=0.4,bs=0.5",LOCAL,CIB
efc1c18a50404e81af1e15d154f37f21,805718296294777617,FINISHED,mlflow-artifacts:/805718296294777617/efc1c18a50404e81af1e15d154f37f21/artifacts,2025-02-04 11:53:47.634000+00:00,2025-02-04 11:54:21.725000+00:00,1.4854754209518433,2.1774556636810303,1.1091153621673584,0.0,-0.0,2.123836040496826,3.280712842941284,1.432581901550293,3.2404413362249533,1.9513111114501953,0.8421957492828369,0.8421957492828369,2.4625418186187744,1.432581901550293,0.01256561279296875,0.0,1.4799253940582275,0.0,0.4,0.3,10.0,1e-05,10.0,"tensor([[[[[1., 1.],
           [1., 1.]],

          [[0., 0.],
           [0., 0.]]],


         [[[0., 0.],
           [0., 0.]],

          [[0., 0.],
           [0., 0.]]]],



        [[[[0., 0.],
           [0., 0.]],

          [[1., 1.],
           [1., 1.]]],


         [[[1., 1.],
           [1., 1.]],

          [[0., 0.],
           [0., 0.]]]],



        [[[[0., 0.],
           [0., 0.]],

          [[0., 0.],
           [0., 0.]]],


         [[[0., 0.],
           [0., 0.]],

          [[1., 1.],
           [0., 0.]]]],



        [[[[0., 0.],
           [0., 0.]],

          [[0., 0.],
           [0., 0.]]],


         [[[0., 0.],
           [0., 0.]],

          [[0., 0.],
           [1., 1.]]]]])","tensor([[[[[0.5200, 0.0000],
           [0.3400, 0.0000]],

          [[0.0000, 0.0000],
           [0.2300, 0.0000]]],


         [[[0.5100, 0.2300],
           [0.0000, 0.0000]],

          [[0.2300, 0.2300],
           [0.2300, 0.2300]]]],



        [[[[0.0000, 0.4800],
           [0.2800, 0.4700]],

          [[0.0000, 0.0000],
           [0.2300, 0.4700]]],


         [[[0.0000, 0.2300],
           [0.4900, 1.0000]],

          [[0.2400, 0.2400],
           [0.2400, 0.2400]]]],



        [[[[0.0000, 0.0000],
           [0.3800, 0.0000]],

          [[1.0000, 0.3100],
           [0.2600, 0.5300]]],


         [[[0.0000, 0.2600],
           [0.0000, 0.0000]],

          [[0.2600, 0.2600],
           [0.2600, 0.2600]]]],



        [[[[0.4800, 0.5200],
           [0.0000, 0.5300]],

          [[0.0000, 0.6900],
           [0.2700, 0.0000]]],


         [[[0.4900, 0.2700],
           [0.5100, 0.0000]],

          [[0.2800, 0.2800],
           [0.2800, 0.2800]]]]], grad_fn=<RoundBackward1>)",0.99,0.5,0.0,1000,1.0,pSAGD,cib_optimization/optimize_cib.py,wCIB+penalty,fsimoes,45345caa3f2538233a03cbc3e5b71daf91a5b4d3,"gamma=0.0--bxi=0.3,by=0.4,bs=0.5",LOCAL,CIB
367bbd95ed804c56862d289ecbe152b1,805718296294777617,FINISHED,mlflow-artifacts:/805718296294777617/367bbd95ed804c56862d289ecbe152b1/artifacts,2025-02-04 11:53:24.591000+00:00,2025-02-04 11:53:44.798000+00:00,1.4854754209518433,2.1774556636810303,1.0898951292037964,1.0,-0.0,2.0685789585113525,3.1804606914520264,1.432581901550293,2.926893672213434,1.7706098556518555,0.6807147264480591,0.6807147264480591,2.4368200302124023,1.432581901550293,-0.08150315284729004,0.0,1.4799253940582275,0.0,0.4,0.3,10.0,1e-05,10.0,"tensor([[[[[1., 1.],
           [1., 1.]],

          [[0., 0.],
           [0., 0.]]],


         [[[0., 0.],
           [0., 0.]],

          [[0., 0.],
           [0., 0.]]]],



        [[[[0., 0.],
           [0., 0.]],

          [[1., 1.],
           [1., 1.]]],


         [[[1., 1.],
           [1., 1.]],

          [[0., 0.],
           [0., 0.]]]],



        [[[[0., 0.],
           [0., 0.]],

          [[0., 0.],
           [0., 0.]]],


         [[[0., 0.],
           [0., 0.]],

          [[1., 1.],
           [0., 0.]]]],



        [[[[0., 0.],
           [0., 0.]],

          [[0., 0.],
           [0., 0.]]],


         [[[0., 0.],
           [0., 0.]],

          [[0., 0.],
           [1., 1.]]]]])","tensor([[[[[0.0000, 0.0000],
           [0.0000, 0.0000]],

          [[0.0000, 0.0000],
           [0.1800, 0.0000]]],


         [[[0.0000, 0.1800],
           [0.1800, 0.3500]],

          [[0.1600, 0.1500],
           [0.1500, 0.1600]]]],



        [[[[1.0000, 0.4100],
           [0.3900, 0.3800]],

          [[0.4500, 0.0000],
           [0.1900, 0.0000]]],


         [[[0.4500, 0.1900],
           [0.1900, 0.2600]],

          [[0.2100, 0.2200],
           [0.2200, 0.2100]]]],



        [[[[0.0000, 0.0000],
           [0.6100, 0.0000]],

          [[0.0000, 0.5100],
           [0.3000, 0.5100]]],


         [[[0.0000, 0.3000],
           [0.3000, 0.3900]],

          [[0.3000, 0.3000],
           [0.3000, 0.3000]]]],



        [[[[0.0000, 0.5900],
           [0.0000, 0.6200]],

          [[0.5500, 0.4900],
           [0.3200, 0.4900]]],


         [[[0.5500, 0.3200],
           [0.3200, 0.0000]],

          [[0.3300, 0.3300],
           [0.3300, 0.3300]]]]])",0.99,0.5,0.0,1000,1.0,pSAGD,cib_optimization/optimize_cib.py,wCIB+penalty,fsimoes,45345caa3f2538233a03cbc3e5b71daf91a5b4d3,"gamma=0.0--bxi=0.3,by=0.4,bs=0.5",LOCAL,CIB
50cd4060247a4ef8900560bb18336ca7,805718296294777617,FINISHED,mlflow-artifacts:/805718296294777617/50cd4060247a4ef8900560bb18336ca7/artifacts,2025-02-04 11:52:46.828000+00:00,2025-02-04 11:53:21.961000+00:00,1.4854754209518433,2.1774556636810303,1.3382503986358643,0.0,-0.0,2.153987407684326,3.15317702293396,1.432581901550293,3.3019793927,1.952779769897461,0.6145293712615967,0.6145293712615967,2.4592387676239014,1.432581901550293,-0.1346491575241089,0.0,1.4799253940582275,0.0,0.4,0.3,10.0,1e-05,10.0,"tensor([[[[[1., 1.],
           [1., 1.]],

          [[0., 0.],
           [0., 0.]]],


         [[[0., 0.],
           [0., 0.]],

          [[0., 0.],
           [0., 0.]]]],



        [[[[0., 0.],
           [0., 0.]],

          [[1., 1.],
           [1., 1.]]],


         [[[1., 1.],
           [1., 1.]],

          [[0., 0.],
           [0., 0.]]]],



        [[[[0., 0.],
           [0., 0.]],

          [[0., 0.],
           [0., 0.]]],


         [[[0., 0.],
           [0., 0.]],

          [[1., 1.],
           [0., 0.]]]],



        [[[[0., 0.],
           [0., 0.]],

          [[0., 0.],
           [0., 0.]]],


         [[[0., 0.],
           [0., 0.]],

          [[0., 0.],
           [1., 1.]]]]])","tensor([[[[[0.0000, 0.2800],
           [0.4100, 0.6400]],

          [[0.3800, 0.2900],
           [0.0000, 0.0000]]],


         [[[0.0000, 0.0000],
           [0.2900, 0.5100]],

          [[0.2800, 0.2800],
           [0.2800, 0.2800]]]],



        [[[[0.3900, 0.1000],
           [0.2200, 0.3600]],

          [[0.2600, 0.1600],
           [0.4700, 0.4500]]],


         [[[0.4200, 0.4400],
           [0.1600, 0.0000]],

          [[0.1700, 0.1700],
           [0.1700, 0.1700]]]],



        [[[[0.6100, 0.2500],
           [0.3700, 0.0000]],

          [[0.3600, 0.2700],
           [0.5300, 0.5500]]],


         [[[0.0000, 0.0000],
           [0.2700, 0.4900]],

          [[0.2700, 0.2800],
           [0.2800, 0.2700]]]],



        [[[[0.0000, 0.3700],
           [0.0000, 0.0000]],

          [[0.0000, 0.2900],
           [0.0000, 0.0000]]],


         [[[0.5800, 0.5600],
           [0.2900, 0.0000]],

          [[0.2700, 0.2700],
           [0.2700, 0.2700]]]]], grad_fn=<RoundBackward1>)",0.99,0.5,0.0,1000,1.0,pSAGD,cib_optimization/optimize_cib.py,wCIB+penalty,fsimoes,45345caa3f2538233a03cbc3e5b71daf91a5b4d3,"gamma=0.0--bxi=0.3,by=0.4,bs=0.5",LOCAL,CIB
6f4fcd19122d45fd9554fcfea35de367,805718296294777617,FINISHED,mlflow-artifacts:/805718296294777617/6f4fcd19122d45fd9554fcfea35de367/artifacts,2025-02-04 11:52:24.684000+00:00,2025-02-04 11:52:44.257000+00:00,1.4854754209518433,2.1774556636810303,1.9926384687423706,1.0,-0.0,2.177452802658081,9.408109690411948e-06,1.432581901550293,3.42526879673962,1.992638349533081,-1.1920928955078125e-07,-1.1920928955078125e-07,2.479907751083374,1.432581901550293,1.1920928955078125e-07,0.0,1.4799253940582275,0.0,0.4,0.3,1.0,1e-05,10.0,"tensor([[[[[1., 1.],
           [1., 1.]],

          [[0., 0.],
           [0., 0.]]],


         [[[0., 0.],
           [0., 0.]],

          [[0., 0.],
           [0., 0.]]]],



        [[[[0., 0.],
           [0., 0.]],

          [[1., 1.],
           [1., 1.]]],


         [[[1., 1.],
           [1., 1.]],

          [[0., 0.],
           [0., 0.]]]],



        [[[[0., 0.],
           [0., 0.]],

          [[0., 0.],
           [0., 0.]]],


         [[[0., 0.],
           [0., 0.]],

          [[1., 1.],
           [0., 0.]]]],



        [[[[0., 0.],
           [0., 0.]],

          [[0., 0.],
           [0., 0.]]],


         [[[0., 0.],
           [0., 0.]],

          [[0., 0.],
           [1., 1.]]]]])","tensor([[[[[0.2400, 0.2400],
           [0.2400, 0.2400]],

          [[0.2400, 0.2400],
           [0.2400, 0.2400]]],


         [[[0.2400, 0.2400],
           [0.2400, 0.2400]],

          [[0.2400, 0.2400],
           [0.2400, 0.2400]]]],



        [[[[0.2300, 0.2300],
           [0.2300, 0.2300]],

          [[0.2300, 0.2300],
           [0.2300, 0.2300]]],


         [[[0.2300, 0.2300],
           [0.2300, 0.2300]],

          [[0.2300, 0.2300],
           [0.2300, 0.2300]]]],



        [[[[0.2300, 0.2300],
           [0.2300, 0.2300]],

          [[0.2300, 0.2300],
           [0.2300, 0.2300]]],


         [[[0.2300, 0.2300],
           [0.2300, 0.2300]],

          [[0.2300, 0.2300],
           [0.2300, 0.2300]]]],



        [[[[0.2900, 0.2900],
           [0.2900, 0.2900]],

          [[0.2900, 0.2900],
           [0.2900, 0.2900]]],


         [[[0.2900, 0.2900],
           [0.2900, 0.2900]],

          [[0.2900, 0.2900],
           [0.2900, 0.2900]]]]], grad_fn=<RoundBackward1>)",0.99,0.5,0.0,1000,1.0,pSAGD,cib_optimization/optimize_cib.py,wCIB+penalty,fsimoes,45345caa3f2538233a03cbc3e5b71daf91a5b4d3,"gamma=0.0--bxi=0.3,by=0.4,bs=0.5",LOCAL,CIB
a788ebc9908846e5bf949d447f270580,805718296294777617,FINISHED,mlflow-artifacts:/805718296294777617/a788ebc9908846e5bf949d447f270580/artifacts,2025-02-04 11:52:02.585000+00:00,2025-02-04 11:52:22.175000+00:00,1.4854754209518433,2.1774556636810303,1.981593132019043,1.0,-0.0,2.17745304107666,9.920379852701444e-06,1.432581901550293,3.4141713540850187,1.9815930128097534,-1.1920928955078125e-07,-1.1920928955078125e-07,2.479907989501953,1.432581901550293,2.384185791015625e-07,0.0,1.4799253940582275,0.0,0.4,0.3,1.0,1e-05,10.0,"tensor([[[[[1., 1.],
           [1., 1.]],

          [[0., 0.],
           [0., 0.]]],


         [[[0., 0.],
           [0., 0.]],

          [[0., 0.],
           [0., 0.]]]],



        [[[[0., 0.],
           [0., 0.]],

          [[1., 1.],
           [1., 1.]]],


         [[[1., 1.],
           [1., 1.]],

          [[0., 0.],
           [0., 0.]]]],



        [[[[0., 0.],
           [0., 0.]],

          [[0., 0.],
           [0., 0.]]],


         [[[0., 0.],
           [0., 0.]],

          [[1., 1.],
           [0., 0.]]]],



        [[[[0., 0.],
           [0., 0.]],

          [[0., 0.],
           [0., 0.]]],


         [[[0., 0.],
           [0., 0.]],

          [[0., 0.],
           [1., 1.]]]]])","tensor([[[[[0.2900, 0.2900],
           [0.2900, 0.2900]],

          [[0.2900, 0.2900],
           [0.2900, 0.2900]]],


         [[[0.2900, 0.2900],
           [0.2900, 0.2900]],

          [[0.2900, 0.2900],
           [0.2900, 0.2900]]]],



        [[[[0.2600, 0.2600],
           [0.2600, 0.2600]],

          [[0.2600, 0.2600],
           [0.2600, 0.2600]]],


         [[[0.2600, 0.2600],
           [0.2600, 0.2600]],

          [[0.2600, 0.2600],
           [0.2600, 0.2600]]]],



        [[[[0.2600, 0.2600],
           [0.2600, 0.2600]],

          [[0.2600, 0.2600],
           [0.2600, 0.2600]]],


         [[[0.2600, 0.2600],
           [0.2600, 0.2600]],

          [[0.2600, 0.2600],
           [0.2600, 0.2600]]]],



        [[[[0.1900, 0.1900],
           [0.1900, 0.1900]],

          [[0.1900, 0.1900],
           [0.1900, 0.1900]]],


         [[[0.1900, 0.1900],
           [0.1900, 0.1900]],

          [[0.1900, 0.1900],
           [0.1900, 0.1900]]]]], grad_fn=<RoundBackward1>)",0.99,0.5,0.0,1000,1.0,pSAGD,cib_optimization/optimize_cib.py,wCIB+penalty,fsimoes,45345caa3f2538233a03cbc3e5b71daf91a5b4d3,"gamma=0.0--bxi=0.3,by=0.4,bs=0.5",LOCAL,CIB
f9a1cdc2ba0749b6a1074cabdd8ffcbb,805718296294777617,FINISHED,mlflow-artifacts:/805718296294777617/f9a1cdc2ba0749b6a1074cabdd8ffcbb/artifacts,2025-02-04 11:51:41.159000+00:00,2025-02-04 11:52:00.098000+00:00,1.4854754209518433,2.1774556636810303,1.981046438217163,1.0,-0.0,2.177452802658081,9.145404874288943e-06,1.432581901550293,3.4135958452826802,1.9810459613800049,-4.76837158203125e-07,-4.76837158203125e-07,2.479907512664795,1.432581901550293,-3.5762786865234375e-07,0.0,1.4799253940582275,0.0,0.4,0.3,1.0,1e-05,10.0,"tensor([[[[[1., 1.],
           [1., 1.]],

          [[0., 0.],
           [0., 0.]]],


         [[[0., 0.],
           [0., 0.]],

          [[0., 0.],
           [0., 0.]]]],



        [[[[0., 0.],
           [0., 0.]],

          [[1., 1.],
           [1., 1.]]],


         [[[1., 1.],
           [1., 1.]],

          [[0., 0.],
           [0., 0.]]]],



        [[[[0., 0.],
           [0., 0.]],

          [[0., 0.],
           [0., 0.]]],


         [[[0., 0.],
           [0., 0.]],

          [[1., 1.],
           [0., 0.]]]],



        [[[[0., 0.],
           [0., 0.]],

          [[0., 0.],
           [0., 0.]]],


         [[[0., 0.],
           [0., 0.]],

          [[0., 0.],
           [1., 1.]]]]])","tensor([[[[[0.2900, 0.2900],
           [0.2900, 0.2900]],

          [[0.2900, 0.2900],
           [0.2900, 0.2900]]],


         [[[0.2900, 0.2900],
           [0.2900, 0.2900]],

          [[0.2900, 0.2900],
           [0.2900, 0.2900]]]],



        [[[[0.2900, 0.2900],
           [0.2900, 0.2900]],

          [[0.2900, 0.2900],
           [0.2900, 0.2900]]],


         [[[0.2900, 0.2900],
           [0.2900, 0.2900]],

          [[0.2900, 0.2900],
           [0.2900, 0.2900]]]],



        [[[[0.2200, 0.2200],
           [0.2200, 0.2200]],

          [[0.2200, 0.2200],
           [0.2200, 0.2200]]],


         [[[0.2200, 0.2200],
           [0.2200, 0.2200]],

          [[0.2200, 0.2200],
           [0.2200, 0.2200]]]],



        [[[[0.2000, 0.2000],
           [0.2000, 0.2000]],

          [[0.2000, 0.2000],
           [0.2000, 0.2000]]],


         [[[0.2000, 0.2000],
           [0.2000, 0.2000]],

          [[0.2000, 0.2000],
           [0.2000, 0.2000]]]]], grad_fn=<RoundBackward1>)",0.99,0.5,0.0,1000,1.0,pSAGD,cib_optimization/optimize_cib.py,wCIB+penalty,fsimoes,45345caa3f2538233a03cbc3e5b71daf91a5b4d3,"gamma=0.0--bxi=0.3,by=0.4,bs=0.5",LOCAL,CIB
